sid,name,ticker,type,slug,isin
A2ZI,A2z Infra Engineering Ltd,A2ZINFRA,stock,/stocks/a2z-infra-engineering-A2ZI,INE619I01012
AAKA,Aakash Exploration Services Ltd,AAKASH,stock,/stocks/aakash-exploration-services-AAKA,INE087Z01024
ABAN,Aban Offshore Ltd,ABAN,stock,/stocks/aban-offshore-ABAN,INE421A01028
AARU,Aarti Surfactants Ltd,AARTISURF,stock,/stocks/aarti-surfactants-AARU,INE09EO01013
ARTI,Aarti Industries Ltd,AARTIIND,stock,/stocks/aarti-industries-ARTI,INE769A01020
AARI,Aarvi Encon Ltd,AARVI,stock,/stocks/aarvi-encon-AARI,INE754X01016
ABB,ABB India Ltd,ABB,stock,/stocks/abb-india-ABB,INE117A01022
ABOT,Abbott India Ltd,ABBOTINDIA,stock,/stocks/abbott-india-ABOT,INE358A01014
ADRG,Aarti Drugs Ltd,AARTIDRUGS,stock,/stocks/aarti-drugs-ADRG,INE767A01016
AARN,Aaron Industries Ltd,AARON,stock,/stocks/aaron-industries-AARN,INE721Z01010
AVAS,Aavas Financiers Ltd,AAVAS,stock,/stocks/aavas-financiers-AVAS,INE216P01012
ADTB,Aditya Birla Capital Ltd,ABCAPITAL,stock,/stocks/aditya-birla-capital-ADTB,INE674K01013
AGRP,Agro Phos (India) Ltd,AGROPHOS,stock,/stocks/agro-phos-india-AGRP,INE740V01019
ACC,ACC Ltd,ACC,stock,/stocks/acc-ACC,INE012A01025
ADIA,Aditya Birla Fashion and Retail Ltd,ABFRL,stock,/stocks/aditya-birla-fashion-and-retail-ADIA,INE647O01011
AMRN,ADF Foods Ltd,ADFFOODS,stock,/stocks/adf-foods-AMRN,INE982B01027
ADEL,Adani Enterprises Ltd,ADANIENT,stock,/stocks/adani-enterprises-ADEL,INE423A01024
ACCU,Accuracy Shipping Ltd,ACCURACY,stock,/stocks/accuracy-shipping-ACCU,INE648Z01023
ADIL,Aditya Birla Sun Life Nifty Bank ETF,ABSLBANETF,etf,/etfs/aditya-birla-sun-life-nifty-bank-etf-ADIL,INF209KB17D5
AROI,Adroit Infotech Ltd,ADROITINFO,stock,/stocks/adroit-infotech-AROI,INE737B01033
APSE,Adani Ports and Special Economic Zone Ltd,ADANIPORTS,stock,/stocks/adani-ports-and-special-economic-zone-APSE,INE742F01042
ABMN,Abm International Ltd,ABMINTLLTD,stock,/stocks/abm-international-ABMN,INE251C01025
ADAN,Adani Power Ltd,ADANIPOWER,stock,/stocks/adani-power-ADAN,INE814H01029
ADAG,Adani Total Gas Ltd,ATGL,stock,/stocks/adani-gas-ADAG,INE399L01023
AGWL,Agarwal Industrial Corporation Ltd,AGARIND,stock,/stocks/agarwal-industrial-corporation-AGWL,INE204E01012
AIAE,AIA Engineering Ltd,AIAENG,stock,/stocks/aia-engineering-AIAE,INE212H01026
ALSL,Almondz Global Securities Ltd,ALMONDZ,stock,/stocks/almondz-global-securities-ALSL,INE326B01035
AMBE,Amber Enterprises India Ltd,AMBER,stock,/stocks/amber-enterprises-india-AMBE,INE371P01015
AMDM,AMD Industries Ltd,AMDIND,stock,/stocks/amd-industries-AMDM,INE005I01014
AKSO,Aksh Optifibre Ltd,AKSHOPTFBR,stock,/stocks/aksh-optifibre-AKSO,INE523B01011
ALAK,Alankit Ltd,ALANKIT,stock,/stocks/alankit-ALAK,INE914E01040
ALMC,Alembic Ltd,ALEMBICLTD,stock,/stocks/alembic-ALMC,INE426A01027
ADIB,Aditya Birla Sun Life Nifty Next 50 ETF,ABSLNN50ET,etf,/etfs/aditya-birla-sun-life-nifty-next-50-etf-ADIB,INF209KB16D7
ASHE,Asian Hotels (East) Ltd,AHLEAST,stock,/stocks/asian-hotels-east-ASHE,INE926K01017
AKAS,Akash Infra-Projects Ltd,AKASH,stock,/stocks/akash-infra-projects-AKAS,INE737W01013
AMAR,Amara Raja Energy & Mobility Ltd,ARE&M,stock,/stocks/amara-raja-batteries-AMAR,INE885A01032
ABUJ,Ambuja Cements Ltd,AMBUJACEM,stock,/stocks/ambuja-cements-ABUJ,INE079A01024
ABIN,A B Infrabuild Ltd,ABINFRA,stock,/stocks/a-b-infrabuild-ABIN,INE00YB01025
ADAI,Adani Energy Solutions Ltd,ADANIENSOL,stock,/stocks/adani-transmission-ADAI,INE931S01010
ADIS,Allied Digital Services Ltd,ADSL,stock,/stocks/allied-digital-services-ADIS,INE102I01027
AEGS,Aegis Logistics Ltd,AEGISLOG,stock,/stocks/aegis-logistics-AEGS,INE208C01025
AMBK,Ambika Cotton Mills Ltd,AMBIKCO,stock,/stocks/ambika-cotton-mills-AMBK,INE540G01014
AICI,Ai Champdany Industries Ltd,AICHAMP,stock,/stocks/ai-champdany-industries-AICI,INE768E01024
AIRA,Airan Ltd,AIRAN,stock,/stocks/airan-AIRA,INE645W01026
AJOO,Ajooni Biotech Ltd,AJOONI,stock,/stocks/ajooni-biotech-AJOO,INE820Y01021
AKSH,Aksharchem (India) Ltd,AKSHARCHEM,stock,/stocks/aksharchem-india-AKSH,INE542B01011
ALML,Alkali Metals Ltd,ALKALI,stock,/stocks/alkali-metals-ALML,INE773I01017
ALKY,Alkyl Amines Chemicals Ltd,ALKYLAMINE,stock,/stocks/alkyl-amines-chemicals-ALKY,INE150B01039
ANRA,Anant Raj Ltd,ANANTRAJ,stock,/stocks/anant-raj-ANRA,INE242C01024
ALPS,Alps Industries Ltd,ALPSINDUS,stock,/stocks/alps-industries-ALPS,INE093B01015
ACEN,Ace Integrated Solutions Ltd,ACEINTEG,stock,/stocks/ace-integrated-solutions-ACEN,INE543V01017
AFFL,Affle 3i Ltd,AFFLE,stock,/stocks/affle-india-AFFL,INE00WC01027
ALKE,Alkem Laboratories Ltd,ALKEM,stock,/stocks/alkem-laboratories-ALKE,INE540L01014
AJAN,Amrutanjan Health Care Ltd,AMRUTANJAN,stock,/stocks/amrutanjan-health-care-AJAN,INE098F01031
ADOR,Ador Welding Ltd,ADOR,stock,/stocks/ador-welding-ADOR,INE045A01017
AKZO,Akzo Nobel India Ltd,AKZOINDIA,stock,/stocks/akzo-nobel-india-AKZO,INE133A01011
ALIO,Alicon Castalloy Ltd,ALICON,stock,/stocks/alicon-castalloy-ALIO,INE062D01024
ALPA,Alpa Laboratories Ltd,ALPA,stock,/stocks/alpa-laboratories-ALPA,INE385I01010
ALBD,Albert David Ltd,ALBERTDAVD,stock,/stocks/albert-david-ALBD,INE155C01010
ALPI,Alphageo (India) Ltd,ALPHAGEO,stock,/stocks/alphageo-india-ALPI,INE137C01018
ACCO,Accord Synergy Ltd,ACCORD,stock,/stocks/accord-synergy-ACCO,INE113X01015
AGTL,Agri-Tech (India) Ltd,AGRITECH,stock,/stocks/agri-tech-india-AGTL,INE449G01018
ANII,ANI Integrated Services Ltd,AISL,stock,/stocks/ani-integrated-services-ANII,INE635Y01015
AKGE,AKG Exim Ltd,AKG,stock,/stocks/akg-exim-AKGE,INE00Y801016
AAAI,Ambica Agarbathies Aroma & Industries Ltd,AMBICAAGAR,stock,/stocks/ambica-agarbathies-aroma-and-industries-AAAI,INE792B01012
ADEN,Advanced Enzyme Technologies Ltd,ADVENZYMES,stock,/stocks/advanced-enzyme-technologies-ADEN,INE837H01020
AHLU,Ahluwalia Contracts (India) Ltd,AHLUCONT,stock,/stocks/ahluwalia-contracts-india-AHLU,INE758C01029
AMJL,AMJ Land Holdings Ltd,AMJLAND,stock,/stocks/amj-land-holdings-AMJL,INE606A01024
AHIN,Ahimsa Industries Ltd,AHIMSA,stock,/stocks/ahimsa-industries-AHIN,INE136T01014
AHLA,Ahlada Engineers Ltd,AHLADA,stock,/stocks/ahlada-engineers-AHLA,INE00PV01013
AIRO,Airo Lam Ltd,AIROLAM,stock,/stocks/airolam-AIRO,INE801L01010
AJME,Ajmera Realty & Infra India Ltd,AJMERA,stock,/stocks/ajmera-realty-and-infra-india-AJME,INE298G01027
ACLL,Allcargo Logistics Ltd,ALLCARGO,stock,/stocks/allcargo-logistics-ACLL,INE418H01029
AMTL,Advance Metering Technology Ltd,AMTL,stock,/stocks/advance-metering-technology-AMTL,INE436N01029
ALLS,Alldigi Tech Ltd,ALLDIGI,stock,/stocks/allsec-technologies-ALLS,INE835G01018
ALOK,Alok Industries Ltd,ALOKINDS,stock,/stocks/alok-industries-ALOK,INE270A01029
ACCY,Accelya Solutions India Ltd,ACCELYA,stock,/stocks/accelya-solutions-india-ACCY,INE793A01012
ACEL,Action Construction Equipment Ltd,ACE,stock,/stocks/action-construction-equipment-ACEL,INE731H01025
ADNA,Adani Green Energy Ltd,ADANIGREEN,stock,/stocks/adani-green-energy-ADNA,INE364U01010
ADHO,Advani Hotels and Resorts (India) Ltd,ADVANIHOTR,stock,/stocks/advani-hotels-and-resorts-india-ADHO,INE199C01026
AJPH,Ajanta Pharma Ltd,AJANTPHARM,stock,/stocks/ajanta-pharma-AJPH,INE031B01049
AMBN,Ambani Orgochem Ltd,AMBANIORGO,stock,/stocks/ambani-organics-AMBN,INE00C501018
ANDC,Andhra Cements Ltd,ACL,stock,/stocks/andhra-cements-ANDC,INE666E01020
AMPL,Ankit Metal & Power Ltd,ANKITMETAL,stock,/stocks/ankit-metal-and-power-AMPL,INE106I01010
ANTC,Antarctica Ltd,ANTGRAPHIC,stock,/stocks/antarctica-ANTC,INE414B01021
ARVN,Arvind Ltd,ARVIND,stock,/stocks/arvind-ARVN,INE034A01011
ANDS,Andhra Sugars Ltd,ANDHRSUGAR,stock,/stocks/andhra-sugars-ANDS,INE715B01021
ANDA,Andhra Paper Ltd,ANDHRAPAP,stock,/stocks/andhra-paper-ANDA,INE435A01051
ANIK,Anik Industries Ltd,ANIKINDS,stock,/stocks/anik-industries-ANIK,INE087B01017
APLH,Apollo Hospitals Enterprise Ltd,APOLLOHOSP,stock,/stocks/apollo-hospitals-enterprise-APLH,INE437A01024
APTA,Aptech Ltd,APTECHT,stock,/stocks/aptech-APTA,INE266F01018
ANCM,Anjani Portland Cement Ltd,APCL,stock,/stocks/anjani-portland-cement-ANCM,INE071F01012
ANUE,Anup Engineering Ltd,ANUP,stock,/stocks/anup-engineering-ANUE,INE294Z01018
ANSP,Ansal Properties and Infrastructure Ltd,ANSALAPI,stock,/stocks/ansal-properties-and-infrastructure-ANSP,INE436A01026
AHFN,Ashiana Housing Ltd,ASHIANA,stock,/stocks/ashiana-housing-AHFN,INE365D01021
ANSL,Ansal Housing Ltd,ANSALHSG,stock,/stocks/ansal-housing-ANSL,INE880B01015
APAR,Apar Industries Ltd,APARINDS,stock,/stocks/apar-industries-APAR,INE372A01015
ARRO,Arrow Greentech Ltd,ARROWGREEN,stock,/stocks/arrow-greentech-ARRO,INE570D01018
AISG,Asahi India Glass Ltd,ASAHIINDIA,stock,/stocks/asahi-india-glass-AISG,INE439A01020
ASSC,Asahi Songwon Colors Ltd,ASAHISONG,stock,/stocks/asahi-songwon-colors-lucky-laminates-ASSC,INE228I01012
ASCM,Ascom Leasing & Investments Ltd,ASCOM,stock,/stocks/ascom-leasing-and-investments-ASCM,INE08KD01015
ASPT,Astral Ltd,ASTRAL,stock,/stocks/astral-poly-technik-ASPT,INE006I01046
ATLT,Atlantaa Ltd,ATLANTAA,stock,/stocks/atlanta-ATLT,INE285H01022
AURA,Alcokraft Distilleries Ltd,ALCODIS,stock,/stocks/aurangabad-distillery-AURA,INE448V01019
APOS,Apollo Sindoori Hotels Ltd,APOLSINHOT,stock,/stocks/apollo-sindoori-hotels-APOS,INE451F01024
ATEM,Artemis Medicare Services Ltd,ARTEMISMED,stock,/stocks/artemis-medicare-services-ATEM,INE025R01021
ATCY,Atlas Cycles (Haryana) Ltd,ATLASCYCLE,stock,/stocks/atlas-cycles-haryana-ATCY,INE446A01025
AXIT,Axiscades Technologies Ltd,AXISCADES,stock,/stocks/axiscades-technologies-AXIT,INE555B01013
ARVE,Arvee Laboratories (India) Ltd,ARVEE,stock,/stocks/arvee-laboratories-india-ARVE,INE006Z01016
AVAD,Avadh Sugar & Energy Ltd,AVADHSUGAR,stock,/stocks/avadh-sugar-and-energy-AVAD,INE349W01017
AVSL,AVSL Industries Ltd,AVSL,stock,/stocks/avsl-industries-AVSL,INE522V01011
ARVF,Arvind Fashions Ltd,ARVINDFASN,stock,/stocks/arvind-fashions-ARVF,INE955V01021
ARVD,Arvind Smartspaces Ltd,ARVSMART,stock,/stocks/arvind-smartspaces-ARVD,INE034S01021
ASAS,Automotive Stampings and Assemblies Ltd,ASAL,stock,/stocks/automotive-stampings-and-assemblies-ASAS,INE900C01027
ASOK,Ashok Leyland Ltd,ASHOKLEY,stock,/stocks/ashok-leyland-ASOK,INE208A01029
ASGI,Asian Granito India Ltd,ASIANTILES,stock,/stocks/asian-granito-india-ASGI,INE022I01019
APEX,Apex Frozen Foods Ltd,APEX,stock,/stocks/apex-frozen-foods-APEX,INE346W01013
APLA,APL Apollo Tubes Ltd,APLAPOLLO,stock,/stocks/apl-apollo-tubes-APLA,INE702C01027
ALEM,Alembic Pharmaceuticals Ltd,APLLTD,stock,/stocks/alembic-pharmaceuticals-ALEM,INE901L01018
AUSM,Ausom Enterprise Ltd,AUSOMENT,stock,/stocks/ausom-enterprise-AUSM,INE218C01016
ATOA,Automotive Axles Ltd,AUTOAXLES,stock,/stocks/automotive-axles-ATOA,INE449A01011
AXBK,Axis Bank Ltd,AXISBANK,stock,/stocks/axis-bank-AXBK,INE238A01034
AOLL,Apollo Pipes Ltd,APOLLOPIPE,stock,/stocks/apollo-pipes-AOLL,INE126J01016
ASTM,Astra Microwave Products Ltd,ASTRAMICRO,stock,/stocks/astra-micro-wave-products-ASTM,INE386C01029
AVTN,AVT Natural Products Ltd,AVTNPL,stock,/stocks/avt-natural-products-AVTN,INE488D01021
AXGF,Axis Gold ETF,AXISGOLD,etf,/etfs/axis-gold-etf-AXGF,INF846K01W80
AROG,Aro Granite Industries Ltd,AROGRANITE,stock,/stocks/aro-granite-industries-AROG,INE210C01013
ASHM,Ashapura Minechem Ltd,ASHAPURMIN,stock,/stocks/ashapura-minechem-ASHM,INE348A01023
AUIN,Autoline Industries Ltd,AUTOIND,stock,/stocks/autoline-industries-AUIN,INE718H01014
AVRI,Avro India Ltd,AVROIND,stock,/stocks/avro-india-AVRI,INE652Z01017
ARFL,Arihant Foundations & Housing Ltd,ARIHANT,stock,/stocks/arihant-foundations-and-housing-ARFL,INE413D01011
ARGG,Archies Ltd,ARCHIES,stock,/stocks/archies-ARGG,INE731A01020
ARBN,Aurobindo Pharma Ltd,AUROPHARMA,stock,/stocks/aurobindo-pharma-ARBN,INE406A01037
ASAL,Associated Alcohols & Breweries Ltd,ASALCBR,stock,/stocks/associated-alcohols-and-breweries-ASAL,INE073G01016
AVNT,Avanti Feeds Ltd,AVANTIFEED,stock,/stocks/avanti-feeds-AVNT,INE871C01038
ASTE,Astec Lifesciences Ltd,ASTEC,stock,/stocks/astec-lifesciences-ASTE,INE563J01010
ATRD,Aster DM Healthcare Ltd,ASTERDM,stock,/stocks/aster-dm-healthcare-ATRD,INE914M01019
AUFI,AU Small Finance Bank Ltd,AUBANK,stock,/stocks/au-small-finance-bank-AUFI,INE949L01017
AVGL,AVG Logistics Ltd,AVG,stock,/stocks/avg-logistics-AVGL,INE680Z01018
AISN,Axis Nifty 50 ETF,AXISNIFTY,etf,/etfs/axis-nifty-50-etf-AISN,INF846K01W98
ASTR,Astrazeneca Pharma India Ltd,ASTRAZEN,stock,/stocks/astrazeneca-pharma-india-ASTR,INE203A01020
APSL,Aurionpro Solutions Ltd,AURIONPRO,stock,/stocks/aurionpro-solutions-APSL,INE132H01018
ASHL,Ashima Ltd,ASHIMASYN,stock,/stocks/ashima-ASHL,INE440A01010
ATLP,Atul Ltd,ATUL,stock,/stocks/atul-ATLP,INE100A01010
ARIS,Arihant Superstructures Ltd,ARIHANTSUP,stock,/stocks/arihant-superstructures-ARIS,INE643K01018
ARLF,Arman Financial Services Ltd,ARMANFIN,stock,/stocks/arman-financial-services-ARLF,INE109C01017
ASLI,ASL Industries Ltd,ASLIND,stock,/stocks/asl-industries-ASLI,INE617I01024
ASPI,Aspinwall and Company Ltd,ASPINWALL,stock,/stocks/aspinwall-and-co-ASPI,INE991I01015
ASTO,Astron Paper & Board Mill Ltd,ASTRON,stock,/stocks/astron-paper-and-board-mill-ASTO,INE646X01014
APCI,Apcotex Industries Ltd,APCOTEXIND,stock,/stocks/apcotex-industries-APCI,INE116A01032
APLL,Apollo Micro Systems Ltd,APOLLO,stock,/stocks/apollo-micro-systems-APLL,INE713T01028
ARCY,Archidply Industries Ltd,ARCHIDPLY,stock,/stocks/archidply-industries-ARCY,INE877I01016
ARSH,Arshiya Ltd,ARSHIYA,stock,/stocks/arshiya-ARSH,INE968D01022
ARTN,Art Nirman Ltd,ARTNIRMAN,stock,/stocks/art-nirman-ARTN,INE738V01013
ASHT,Asian Hotels (North) Ltd,ASIANHOTNR,stock,/stocks/asian-hotels-north-ASHT,INE363A01022
ASPN,Asian Paints Ltd,ASIANPAINT,stock,/stocks/asian-paints-ASPN,INE021A01026
APLO,Apollo Tyres Ltd,APOLLOTYRE,stock,/stocks/apollo-tyres-APLO,INE438A01022
ARAI,Aries Agro Ltd (CN),ARIES,stock,/stocks/aries-agro-ARAI,INE298I01015
ABDL,Ashoka Buildcon Ltd,ASHOKA,stock,/stocks/ashoka-buildcon-ABDL,INE442H01029
ATUL,Atul Auto Ltd,ATULAUTO,stock,/stocks/atul-auto-ATUL,INE951D01028
AYMS,Aym Syntex Ltd,AYMSYNTEX,stock,/stocks/aym-syntex-AYMS,INE193B01039
ABML,Aditya Birla Money Ltd,BIRLAMONEY,stock,/stocks/aditya-birla-money-ABML,INE865C01022
AITY,Aditya Birla Sun Life Gold ETF,BSLGOLDETF,etf,/etfs/aditya-bsl-gold-etf-AITY,INF209KB18D3
CNTY,Aditya Birla Real Estate Ltd,ABREL,stock,/stocks/century-textile-and-industries-CNTY,INE055A01016
AVEU,Avenue Supermarts Ltd,DMART,stock,/stocks/avenue-supermarts-AVEU,INE192R01011
ADIY,Aditya Birla Sun Life Nifty 50 ETF,BSLNIFTY,etf,/etfs/aditya-bsl-nifty-50-etf-ADIY,INF209KB19D1
GOLD,Aion-Tech Solutions Ltd,GOLDTECH,stock,/stocks/goldstone-technologies-GOLD,INE805A01014
GAIN,AJR Infra & Tolling Ltd,AJRINFRA,stock,/stocks/gammon-infrastructure-projects-GAIN,INE181G01025
GODH,Auri Grow India Ltd,AURIGROW,stock,/stocks/godha-cabcon-and-insulation-GODH,INE925Y01036
HSNT,AGI Greenpac Ltd,AGI,stock,/stocks/hsil-HSNT,INE415A01038
MAJC,Aurum Proptech Ltd,AURUM,stock,/stocks/majesco-MAJC,INE898S01029
ORCR,AG Ventures Ltd,AGVENTURES,stock,/stocks/oriental-carbon-and-chemicals-ORCR,INE321D01016
SELA,Antelopus Selan Energy Ltd,ANTELOPUS,stock,/stocks/selan-exploration-technology-SELA,INE818A01017
ANU,Anuroop Packaging Ltd,ANUROOP,stock,/stocks/anuroop-packaging-ANU,INE490Z01012
AVL,Aditya Vision Ltd,AVL,stock,/stocks/aditya-vision-AVL,INE679V01027
AKI,AKI India Ltd,AKI,stock,/stocks/aki-india-AKI,INE642Z01026
ALS,Alstone Textiles (India) Ltd,ALSTONE,stock,/stocks/alstone-textiles-india-ALS,INE184S01024
ASH,Ashnisha Industries Ltd,ASHNI,stock,/stocks/ashnisha-industries-ASH,INE694W01024
AAL,A-1 Ltd,A1L,stock,/stocks/a-1-acid-AAL,INE911Z01017
AAR,Aartech Solonics Ltd,AARTECH,stock,/stocks/aartech-solonics-AAR,INE01C001026
ACT,Active Clothing Co Ltd,ACTIVE,stock,/stocks/active-clothing-co-ACT,INE380Z01015
AML,Ashoka Metcast Ltd,ASHOKAMET,stock,/stocks/ashoka-metcast-AML,INE760Y01011
AIH,Ambassador Intra Holdings Ltd,AIHL,stock,/stocks/ambassador-intra-holdings-AIH,INE342U01016
AXI,Axita Cotton Ltd,AXITA,stock,/stocks/axita-cotton-AXI,INE02EZ01022
ARL,Anand Rayons Ltd,ARL,stock,/stocks/anand-rayons-ARL,INE02GA01012
ANM,Anmol India Ltd,ANMOL,stock,/stocks/anmol-india-ANM,INE02AR01019
ASS,Assam Entrade Ltd,ASSAMENT,stock,/stocks/assam-entrade-ASS,INE165G01010
AKM,Aayush Art and Bullion Ltd,AAYUSHBULL,stock,/stocks/akm-lace-and-embrotex-AKM,INE777X01017
ANA,ANG Lifesciences India Ltd,ANG,stock,/stocks/ang-lifesciences-india-ANA,INE236W01016
TOW,Altius Telecom Infrastructure Trust,ALTIUSINVIT,stock,/stocks/tower-infrastructure-trust-TOW,INE0BWS23018
ALP,Alphalogic Techsys Ltd,ALPHALOGIC,stock,/stocks/alphalogic-techsys-ALP,INE08E401029
AGO,Ashapuri Gold Ornament Ltd,AGOL,stock,/stocks/ashapuri-gold-ornament-AGO,INE05FR01029
ASR,Add-Shop E-Retail Ltd,ASRL,stock,/stocks/add-shop-e-retail-ASR,INE01B501018
AMR,Amrapali Fincap Ltd,AMRAFIN,stock,/stocks/amrapali-fincap-AMR,INE990S01016
ATI,Atishay Ltd,ATISHAY,stock,/stocks/atishay-ATI,INE011R01013
APO,Apoorva Leasing Finance and Investment Company Ltd,APOORVA,stock,/stocks/apoorva-leasing-finance-and-investment-co-APO,INE217S01014
AAY,Aayush Wellness Ltd,AAYUSH,stock,/stocks/aayush-food-and-herbs-AAY,INE430R01023
AKS,Akshar Spintex Ltd,AKSHAR,stock,/stocks/akshar-spintex-AKS,INE256Z01025
ACE,Ace men engg works Ltd,ACEMEN,stock,/stocks/ace-men-engg-works-ACE,INE023R01018
ATH,Athena Constructions Ltd,ATHCON,stock,/stocks/athena-constructions-ATH,INE291R01011
ACM,Aditya Consumer Marketing Ltd,ACML,stock,/stocks/aditya-consumer-marketing-ACM,INE427V01013
ADVI,Advik Capital Ltd,ADVIKCA,stock,/stocks/advik-capital-ADVI,INE178T01024
ANG,Angel Fibers Ltd,ANGEL,stock,/stocks/angel-fibers-ANG,INE339Z01011
AMI,Amin Tannery Ltd,AMINTAN,stock,/stocks/amin-tannery-AMI,INE572Z01017
BSL,Aditya Birla Sun Life BSE Sensex ETF,BSLSENETFG,etf,/etfs/aditya-bsl-sensex-30-etf-BSL,INF209KB10E8
AARNA,Aarnav Fashions Ltd,AARNAV,stock,/stocks/aarnav-fashions-AARNA,INE750R01016
ASY,Advance Syntex Ltd,ASYL,stock,/stocks/advance-syntex-ASY,INE184U01012
AGI,AGI Infra Ltd,AGIIL,stock,/stocks/agi-infra-AGI,INE976R01033
ADH,Adhiraj Distributors Ltd,ADHIRAJ,stock,/stocks/adhiraj-distributors-ADH,INE067R01015
AFF,Affordable Robotic & Automation Ltd,AFFORDABLE,stock,/stocks/affordable-robotic-and-automation-AFF,INE692Z01013
ART,Artemis Electricals and Projects Ltd,AEPL,stock,/stocks/artemis-electricals-ART,INE757T01025
ARYA,Aryaman Capital Markets Ltd,ARYACAPM,stock,/stocks/aryaman-capital-markets-ARYA,INE229R01011
ARY,Aryan Share & Stock Brokers Ltd,ARYAN,stock,/stocks/aryan-share-and-stock-brokers-ARY,INE016X01010
ACF,Amrapali Capital and Finance Services Ltd,ACFSL,stock,/stocks/amrapali-capital-and-finance-services-ACF,INE218P01018
AANA,Aananda Lakshmi Spinning Mills Ltd,AANANDALAK,stock,/stocks/aananda-lakshmi-spinning-mills-AANA,INE197R01010
ACFL,Apex Capital and Finance Ltd,ACFL,stock,/stocks/apex-capital-and-finance-ACFL,INE758W01019
ARC,ARC Finance Ltd,ARCFIN,stock,/stocks/a-r-c-finance-ARC,INE202R01026
ACME,Acme Resources Ltd,ACME,stock,/stocks/acme-resources-ACME,INE636B01011
ABA,Abans Enterprises Ltd,ABANSENT,stock,/stocks/abans-enterprises-ABA,INE365O01028
JTA,Annvrridhhi Ventures Ltd,ANVRDHI,stock,/stocks/j-taparia-projects-JTA,INE075K01013
AMRA,Amraworld Agrico Ltd,AMRAAGRI,stock,/stocks/amraworld-agrico-AMRA,INE735C01027
QUE,AmpVolts Ltd,AMPVOLTS,stock,/stocks/quest-softech-india-QUE,INE989J01017
ABH,Abhijit Trading Co Ltd,ABHIJIT,stock,/stocks/abhijit-trading-company-ABH,INE994N01019
BNL,Agribio Spirits Ltd,AGRIBIO,stock,/stocks/beekay-niryat-BNL,INE679E01015
ASI,Asia Capital Ltd,ASIACAP,stock,/stocks/asia-capital-ASI,INE131Q01011
ALF,Abhinav Leasing & Finance Ltd,ALFL,stock,/stocks/abhinav-leasing-and-finance-ALF,INE211D01027
SUPR,Aerpace Industries Ltd,AERPACE,stock,/stocks/supremex-shine-steels-SUPR,INE175N01023
ASP,Aspira Pathlab & Diagnostics Ltd,ASPIRA,stock,/stocks/aspira-pathlab-and-diagnostics-ASP,INE500C01017
AARS,AAR Shyam India Investment Company Ltd,AARSHYAM,stock,/stocks/aar-shyam-india-investment-company-AARS,INE512R01010
ADHB,Adhbhut Infrastructure Ltd,ADHBHUTIN,stock,/stocks/adhbhut-infrastructure-ADHB,INE578L01014
AII,Authum Investment & Infrastructure Ltd,AIIL,stock,/stocks/authum-investment-and-infrastructure-AII,INE206F01022
AFE,A F Enterprises Ltd,AFEL,stock,/stocks/a-f-enterprises-AFE,INE663P01015
ARM,Arman Holdings Ltd,ARMAN,stock,/stocks/arman-holdings-ARM,INE510P01018
ALSA,Alacrity Securities Ltd,ALSL,stock,/stocks/alacrity-securities-ALSA,INE030P01017
ABHI,Abhishek Infraventures Ltd,ABHIINFRA,stock,/stocks/abhishek-infraventures-ABHI,INE281P01016
ARN,Arnold Holdings Ltd,ARNOLD,stock,/stocks/arnold-holdings-ARN,INE185K01036
AVA,Avantel Ltd,AVANTEL,stock,/stocks/avantel-AVA,INE005B01027
ASHI,Ashika Credit Capital Ltd,ASHIKA,stock,/stocks/ashika-credit-capital-ASHI,INE094B01013
ACES,ACE Software Exports Ltd,ACESOFT,stock,/stocks/ace-software-exports-ACES,INE849B01010
ARISI,Aris International Ltd,ARISINT,stock,/stocks/aris-international-ARISI,INE588E01026
ANT,Antariksh Industries Ltd,ANTARIKSH,stock,/stocks/antariksh-industries-ANT,INE825M01017
ASYA,Axis Solutions Ltd,AXISOL,stock,/stocks/asya-infosoft-ASYA,INE520G01024
AMITS,Amit Securities Ltd,AMITSEC,stock,/stocks/amit-securities-AMITS,INE137E01014
AMIT,Amit International Ltd,AMITINT,stock,/stocks/amit-international-AMIT,INE053D01015
ECO,Accedere Ltd,ACCEDERE,stock,/stocks/ecom-infotech-india-ECO,INE578B01015
AVI,AVI Polymers Ltd,AVI,stock,/stocks/avi-polymers-AVI,INE897N01014
ASHC,Ashirwad Capital Ltd,ASHCAP,stock,/stocks/ashirwad-capital-ASHC,INE894A01026
AMM,AMS Polymers Ltd,AMS,stock,/stocks/ams-polymers-AMM,INE345U01019
TRIJ,Abate AS Industries Ltd,ABATEAS,stock,/stocks/trijal-industries-TRIJ,INE454E01013
ANK,Anka India Ltd,ANKIN,stock,/stocks/anka-india-ANK,INE067C01025
AMARS,Amarnath Securities Ltd,AMARSEC,stock,/stocks/amarnath-securities-AMARS,INE745P01010
AMARD,Amerise Biosciences Ltd,AMERISE,stock,/stocks/amradeep-industries-AMARD,INE673C01020
AIM,Alliance Integrated Metaliks Ltd,AIML,stock,/stocks/alliance-integrated-metaliks-AIM,INE123D01024
AEL,Amba Enterprises Ltd,AEL,stock,/stocks/amba-enterprises-AEL,INE829P01020
AUTO,Auto Pins (India) Ltd,AUTOPINS,stock,/stocks/auto-pins-india-AUTO,INE706C01028
ARF,Arfin India Ltd,ARFIN,stock,/stocks/arfin-india-ARF,INE784R01023
AVAN,Avance Technologies Ltd,AVANCE,stock,/stocks/avance-technologies-AVAN,INE758A01072
VAND,Atvo Enterprises Ltd,ATVOENT,stock,/stocks/vandana-knitwear-VAND,INE219M01021
ANJ,Anjani Finance Ltd,ANJANIFIN,stock,/stocks/anjani-finance-ANJ,INE283D01018
RBG,Aarcon Facilities Ltd,AARCON,stock,/stocks/aarcon-facilities-RBG,INE056J01015
ALN,Alna Trading and Exports Ltd,ALNATRD,stock,/stocks/alna-trading-and-exports-ALN,INE07I701011
ABHIF,Abhishek Finlease Ltd,ABHIFIN,stock,/stocks/abhishek-finlease-ABHIF,INE723C01015
ANJA,Anjani Foods Ltd,ANJANIFOODS,stock,/stocks/anjani-foods-ANJA,INE096I01021
ALC,Alchemist Corporation Ltd,ALCHCORP,stock,/stocks/alchemist-corporation-ALC,INE057D01016
GUJI,Ashtasidhhi Industries Ltd,GUJINV,stock,/stocks/gujarat-investa-GUJI,INE373D01017
DUG,Axentra Corp Ltd,AXENTRA,stock,/stocks/dugar-housing-developments-DUG,INE919M01026
ALFAT,Alfa Transformers Ltd,ALFATRAN,stock,/stocks/alfa-transformers-ALFAT,INE209C01015
ADC,Adcon Capital Services Ltd,ADCON,stock,/stocks/adcon-capital-services-ADC,INE805Q01028
ANS,ANS Industries Ltd,ANSINDUS,stock,/stocks/ans-industries-ANS,INE234J01018
ADAR,Adarsh Plant Protect Ltd,ADARSHPL,stock,/stocks/adarsh-plant-protect-ADAR,INE627D01016
ABHIC,Abhinav Capital Services Ltd,ABHICAP,stock,/stocks/abhinav-capital-services-ABHIC,INE516F01016
AXE,Axel Polymers Ltd,AXELPOLY,stock,/stocks/axel-polymers-AXE,INE197C01012
AMBA,Ambar Protein Industries Ltd,AMBARPIL,stock,/stocks/ambar-protein-industries-AMBA,INE072V01017
ARIH,Arihant Capital Markets Ltd,ARIHANTCAP,stock,/stocks/arihant-capital-markets-ARIH,INE420B01036
MVC,Adhata Global Ltd,MVCOTSP,stock,/stocks/mv-cotspin-MVC,INE586D01014
AVAI,Available Finance Ltd,AVAILFC,stock,/stocks/available-finance-AVAI,INE325G01010
MACI,Astal Laboratories Ltd,ASTALLTD,stock,/stocks/macro-international-MACI,INE307N01014
ASIAT,Asian Tea & Exports Ltd,ASIANTNE,stock,/stocks/asian-tea-and-exports-ASIAT,INE822B01017
AHM,Ahmedabad Steel Craft Ltd,AHMDSTE,stock,/stocks/ahmedabad-steelcraft-AHM,INE868C01018
AVON,Avonmore Capital & Management Services Ltd,AVONMORE,stock,/stocks/avonmore-capital-and-management-services-AVON,INE323B01024
ACCE,Accel Ltd,ACCEL,stock,/stocks/accel-ACCE,INE258C01038
AJW,Ajwa Fun World and Resort Ltd,AJWAFUN,stock,/stocks/ajwa-fun-world-and-resort-AJW,INE863E01015
ANJAN,Anjani Synthetics Ltd,ANJANI,stock,/stocks/anjani-synthetics-ANJAN,INE364D01032
ANN,Anna Infrastructures Ltd,ANNAINFRA,stock,/stocks/anna-infrastructures-ANN,INE336D01014
ARCH,Archit Organosys Ltd,ARCHITORG,stock,/stocks/archit-organosys-ARCH,INE078I01011
ASSO,Associated Ceramics Ltd,ASSOCER,stock,/stocks/associated-ceramics-ASSO,INE771E01010
ASIT,Asit C Mehta Financial Services Ltd,ASITCFIN,stock,/stocks/asit-c-mehta-financial-services-ASIT,INE041B01014
ALFA,Alfavision Overseas (India) Ltd,ALFAVIO,stock,/stocks/alfavision-overseas-ALFA,INE883B01027
ARTE,Artefact Projects Ltd,ARTEFACT,stock,/stocks/artefact-projects-ARTE,INE885B01014
ABM,ABM Knowledgeware Ltd,ABMKNO,stock,/stocks/abm-knowledgeware-ABM,INE850B01026
IBR,Azad India Mobility Ltd,AZADIND,stock,/stocks/indian-bright-steel-company-IBR,INE566M01017
ALAN,Alan Scott Enterprises Ltd,ALANSCOTT,stock,/stocks/alan-scott-industries-ALAN,INE273F01022
ALU,Alufluoride Ltd,ALUFLUOR,stock,/stocks/alufluoride-ALU,INE058F01019
ALFAI,Alfa Ica (India) Ltd,ALFAICA,stock,/stocks/alfa-ica-india-ALFAI,INE042C01010
ALPIN,Alpine Housing Development Corporation Ltd,ALPINEHOU,stock,/stocks/alpine-housing-development-corporation-ALPIN,INE840D01015
ARISE,Arihant's Securities Ltd,ARISE,stock,/stocks/arihants-securities-ARISE,INE190D01015
AST,Asian Star Co Ltd,ASTAR,stock,/stocks/asian-star-company-AST,INE194D01017
KAMR,Adline Chem Lab Ltd,ADLINE,stock,/stocks/kamron-laboratories-KAMR,INE276T01018
ASHOK,Aeonx Digital Technology Ltd,AEONXDIGI,stock,/stocks/ashok-alco-chem-ASHOK,INE994D01010
ASIA,Asia Pack Ltd,ASIAPAK,stock,/stocks/asia-pack-ASIA,INE784M01016
ABV,Arunjyoti Bio Ventures Ltd,ABVL,stock,/stocks/arunjyoti-bio-ventures-ABV,INE485K01022
AMBI,Ambitious Plastomac Company Ltd,AMBIT,stock,/stocks/ambitious-plastomac-company-AMBI,INE267C01013
DEVK,Agarwal Fortune India Ltd,AGARWAL,stock,/stocks/devki-leasing-and-finance-DEVK,INE510B01018
ARCE,Arcee Industries Ltd,ARCEEIN,stock,/stocks/arcee-industries-ARCE,INE276D01012
ASIN,Asian Petro Products and Exporters Ltd,ASINPET,stock,/stocks/asian-petroproducts-and-exports-ASIN,INE810M01019
ALE,Alexander Stamps and Coin Ltd,ALEXANDER,stock,/stocks/alexander-stamps-and-coin-ALE,INE191N01012
ASM,ASM Technologies Ltd,ASMTEC,stock,/stocks/asm-technologies-ASM,INE867C01010
FLO,Anirit Ventures Ltd,ANIRIT,stock,/stocks/flora-textiles-FLO,INE161F01011
ABC,ABC India Ltd,ABCINDQ,stock,/stocks/abc-india-ABC,INE125D01011
AAI,Akar Auto Industries Ltd,AAIL,stock,/stocks/akar-auto-industries-AAI,INE864E01021
DATA,Artificial Electronics Intelligent Material Ltd,AEIM,stock,/stocks/datasoft-applications-software-india-DATA,INE072B01027
ATHE,Athena Global Technologies Ltd,ATHENAGLO,stock,/stocks/athena-global-technologies-ATHE,INE576B01019
ADIT,Aditya Spinners Ltd,ADITYASP,stock,/stocks/aditya-spinners-ADIT,INE122D01026
LNI,ACS Technologies Ltd,ACSTECH,stock,/stocks/ln-industries-india-LNI,INE366C01021
ASHIS,Ashish Polyplast Ltd,ASHISHPO,stock,/stocks/ashish-polyplast-ASHIS,INE831C01016
SABOO,Arigato Universe Ltd,ARIGATO,stock,/stocks/saboo-brothers-SABOO,INE021N01011
ASIAO,Asian Energy Services Ltd,ASIANENE,stock,/stocks/asian-oilfield-services-ASIAO,INE276G01015
ADVM,Advance Multitech Ltd,ADVMULT,stock,/stocks/advance-multitech-ADVM,INE875S01019
ADITY,Aditya Ispat Ltd,ADITYA,stock,/stocks/aditya-ispat-ADITY,INE570B01012
AREY,Aarey Drugs and Pharmaceuticals Ltd,AAREYDRUGS,stock,/stocks/aarey-drugs-and-pharmaceuticals-AREY,INE198H01019
AMARJ,Amarjothi Spinning Mills Ltd,AMARJOTHI,stock,/stocks/amarjothi-spinning-mills-AMARJ,INE484D01012
AMRAP,Amrapali Industries Ltd,AMRAPLIN,stock,/stocks/amrapali-industries-AMRAP,INE762C01021
PRESO,Ace Engitech Ltd,ACEENGITEC,stock,/stocks/prem-somani-financial-services-PRESO,INE035401020
AKC,A K Capital Services Ltd,AKCAPIT,stock,/stocks/akcapital-services-AKC,INE701G01012
ACII,ACI Infocom Ltd,ACIIN,stock,/stocks/aci-infocom-ACII,INE167B01025
AJA,Ajanta Soya Ltd,AJANTSOY,stock,/stocks/ajanta-soya-AJA,INE601B01023
ADM,AD- Manum Finance Ltd,ADMANUM,stock,/stocks/ad-manum-finance-ADM,INE556D01017
ATHA,Atharv Enterprises Ltd,ATHARVENT,stock,/stocks/atharv-enterprises-ATHA,INE354E01031
ACK,Acknit Industries Ltd,ACKNIT,stock,/stocks/acknit-industries-ACK,INE326C01017
ACEE,Ace Edutrend Ltd,ACEEDU,stock,/stocks/ace-edutrend-ACEE,INE715F01014
ASHO,Ashoka Refineries Ltd,ASHOKRE,stock,/stocks/ashoka-refineries-ASHO,INE760M01016
ANUPA,Anupam Finserv Ltd,ANUPAM,stock,/stocks/anupam-finserv-ANUPA,INE069B01023
TATIA,Ashram Online.com Ltd,ASHRAM,stock,/stocks/ashram-onlinecom-TATIA,INE293C01019
UPA,Aastamangalam Finance Ltd,AASTAFIN,stock,/stocks/upasana-finance-UPA,INE819K01014
AURO,Auro Laboratories Ltd,AUROLAB,stock,/stocks/auro-laboratories-AURO,INE292C01011
ARYAM,Aryaman Financial Services Ltd,ARYAMAN,stock,/stocks/aryaman-financial-services-ARYAM,INE032E01017
AMC,Amco India Ltd,AMCOIND,stock,/stocks/amco-india-AMC,INE924B01011
AADI,Aadi Industries Ltd,AADIIND,stock,/stocks/aadi-industries-AADI,INE563D01013
ADVL,Advance Lifestyles Ltd,ADVLIFE,stock,/stocks/advance-lifestyles-ADVL,INE900E01015
ASHS,Ashirwad Steels And Industries Ltd,ASHSI,stock,/stocks/ashirwad-steels-and-industries-ASHS,INE338C01012
ABI,Abirami Financial Services (India) Ltd,ABIRAFN,stock,/stocks/abirami-financial-services-india-ABI,INE195I01013
API,Apis India Ltd,APIS,stock,/stocks/apis-india-API,INE070K01014
AJC,Ajcon Global Services Ltd,AJCON,stock,/stocks/ajcon-global-services-AJC,INE759C01027
APIL,AVI Products India Ltd,APIL,stock,/stocks/avi-products-india-APIL,INE316O01021
AIMC,Aimco Pesticides Ltd,AIMCOPEST,stock,/stocks/aimco-pesticides-AIMC,INE008B01013
INDSO,Apollo Ingredients Ltd,INDSOYA,stock,/stocks/indsoya-INDSO,INE314N01028
AREX,Arex Industries Ltd,AREXMIS,stock,/stocks/arex-industries-AREX,INE480H01011
ANUH,Anuh Pharma Ltd,ANUHPHR,stock,/stocks/anuh-pharma-ANUH,INE489G01022
ARTS,Artson Ltd,ARTSON,stock,/stocks/artson-engineering-ARTS,INE133D01023
TRC,Avasara Finance Ltd,AVASARA,stock,/stocks/trc-financial-services-TRC,INE759D01017
AXT,Axtel Industries Ltd,AXTEL,stock,/stocks/axtel-industries-AXT,INE767C01012
AUTOI,Autoriders International Ltd,AUTOINT,stock,/stocks/autoriders-international-AUTOI,INE340U01010
APMI,APM Industries Ltd,APMIN,stock,/stocks/apm-industries-APMI,INE170D01025
ASU,Asutosh Enterprises Ltd,ASUTENT,stock,/stocks/asutosh-enterprises-ASU,INE508W01018
ANAN,Anand Projects Ltd,ANANDPROJ,stock,/stocks/anand-projects-ANAN,INE134R01013
SATI,Aeroflex Enterprises Ltd,AEROENTER,stock,/stocks/sat-industries-SATI,INE065D01027
KRO,ADC India Communications Ltd,ADCINDIA,stock,/stocks/adc-india-communications-KRO,INE833A01016
AND,Andhra Petrochemicals Ltd,ANDHRAPET,stock,/stocks/andhra-petrochemicals-AND,INE714B01016
ASHAI,Ashiana Agro Industries Ltd,ASHAI,stock,/stocks/ashiana-agro-industries-ASHAI,INE709D01012
AVONM,Avon Mercantile Ltd,AVONMERC,stock,/stocks/avon-mercantile-AVONM,INE471D01019
AVIV,Aviva Industries Ltd,AVIVA,stock,/stocks/aviva-industries-AVIV,INE461H01011
AGIO,Agio Paper & Industries Ltd,AGIOPAPER,stock,/stocks/agio-paper-and-industries-AGIO,INE112C01011
AMAL,Amalgamated Electricity Company Ltd,AMALGAM,stock,/stocks/amalgamated-electricity-company-AMAL,INE492N01022
JOY,Avishkar Infra Realty Ltd,AIRLTD,stock,/stocks/joy-realty-JOY,INE433O01024
APOLL,Apollo Finvest (India) Ltd,APOLLOFI,stock,/stocks/apollo-finvest-india-APOLL,INE412D01013
ATVP,ATV Projects India Ltd,ATVPR,stock,/stocks/atv-projects-india-ATVP,INE447A01015
ANSA,Ansal Buildwell Ltd,ANSALBU,stock,/stocks/ansal-buildwell-ANSA,INE030C01015
ASHN,Ashnoor Textile Mills Ltd,ASHNOOR,stock,/stocks/ashnoor-textile-mills-ASHN,INE372I01018
ADD,Addi Industries Ltd,ADDIND,stock,/stocks/addi-industries-ADD,INE757C01021
APTP,APT Packaging Ltd,APTPACK,stock,/stocks/apt-packaging-APTP,INE046E01025
APLAB,Aplab Ltd,APLAB,stock,/stocks/aplab-APLAB,INE273A01015
ADIN,Adinath Textiles Ltd,ADINATH,stock,/stocks/adinath-textiles-ADIN,INE207C01019
HINDE,Algoquant Fintech Ltd,ALGOQUANT,stock,/stocks/hindustan-everest-tools-HINDE,INE598D01035
ACRO,Acrow India Ltd,ACROW,stock,/stocks/acrow-india-ACRO,INE950D01012
AUS,Austin Engineering Company Ltd,AUSTENG,stock,/stocks/austin-engineering-company-AUS,INE759F01012
ARU,Aruna Hotels Ltd,ARUNAHTEL,stock,/stocks/aruna-hotels-ARU,INE957C01019
AMBAS,Ambalal Sarabhai Enterprises Ltd,AMBALALSA,stock,/stocks/ambalal-sarabhai-enterprises-AMBAS,INE432A01017
ATAL,Atal Realtech Ltd,ATALREAL,stock,/stocks/atal-realtech-ATAL,INE0ALR01029
ATA,Atam Valves Ltd,ATAM,stock,/stocks/atam-valves-ATA,INE09KD01013
AAA,AAA Technologies Ltd,AAATECH,stock,/stocks/aaa-technologies-AAA,INE0D0U01013
AMN,Amines and Plasticizers Ltd,AMNPLST,stock,/stocks/amines-and-plasticizers-AMN,INE275D01022
AMFO,Amforge Industries Ltd,AMFORG,stock,/stocks/amforge-industries-AMFO,INE991A01020
ASO,ASI Industries Ltd,ASIIL,stock,/stocks/asi-industries-ASO,INE443A01030
ARAV,Aravali Securities and Finance Ltd,ARAVALIS,stock,/stocks/aravali-securities-and-finance-ARAV,INE068C01015
ANGE,Angel One Ltd,ANGELONE,stock,/stocks/angel-broking-ANGE,INE732I01013
AUTOC,Automobile Corp Of Goa Ltd,ACGL,stock,/stocks/automobile-corporation-of-goa-AUTOC,INE451C01013
ADVA,Advait Energy Transitions Ltd,ADVAIT,stock,/stocks/advait-infratech-ADVA,INE0ALI01010
ADVPE,Advance Petrochemicals Ltd,ADVPETR-B,stock,/stocks/advance-petrochemicals-ADVPE,INE334N01018
ANDR,Andrew Yule & Co Ltd,ANDREWYU,stock,/stocks/andrew-yule-and-company-ANDR,INE449C01025
ALFR,Alfred Herbert (India) Ltd,ALFREDHE,stock,/stocks/alfred-herbert-india-ALFR,INE782D01027
ADL,Archidply Decor Ltd,ADL,stock,/stocks/archidply-decor-ADL,INE0CHO01012
AMAA,Amal Ltd,AMAL,stock,/stocks/amal-AMAA,INE841D01013
AXIS,Axis NIFTY Bank ETF,AXISBNKETF,etf,/etfs/axis-banking-etf-AXIS,INF846K01X63
AWH,Antony Waste Handling Cell Ltd,AWHCL,stock,/stocks/antony-waste-handling-cell-AWH,INE01BK01022
ADJ,Adjia Technologies Ltd,ADJIA,stock,/stocks/adjia-technologies-ADJ,INE0G0V01018
AXIST,Axis NIFTY IT ETF,AXISTECETF,etf,/etfs/axis-technology-etf-regular-growth-AXIST,INF846K01Y96
AXISB,Axis Nifty AAA Bond Plus SDL Apr 2026 50:50 ETF,AXISBPSETF,etf,/etfs/axis-aaa-bond-plus-sdl-etf-2026-matur-reg-growth-AXISB,INF846K01Z04
ANUR,Anupam Rasayan India Ltd,ANURAS,stock,/stocks/anupam-rasayan-india-ANUR,INE930P01018
AXISH,Axis NIFTY Healthcare ETF,AXISHCETF,etf,/etfs/axis-healthcare-etf-AXISH,INF846K01Z12
AIL,Abhishek Integrations Ltd,AILIMITED,stock,/stocks/abhishek-integrations-AIL,INE0CAJ01017
ADE,Adeshwar Meditex Ltd,ADESHWAR,stock,/stocks/adeshwar-meditex-ADE,INE0H8J01015
ADISH,Afloat Enterprises Ltd,ADISHAKTI,stock,/stocks/adishakti-loha-and-ispat-ADISH,INE0CWK01019
GLS,Alivus Life Sciences Ltd,ALIVUS,stock,/stocks/glenmark-life-sciences-GLS,INE03Q201024
AAS,Aashka Hospitals Ltd,AASHKA,stock,/stocks/aashka-hospitals-AAS,INE0EAX01014
AXISC,Axis NIFTY India Consumption ETF,AXISCETF,etf,/etfs/axis-consumption-etf-AXISC,INF846K016C7
AMIO,Acutaas Chemicals Ltd,ACUTAAS,stock,/stocks/ami-organics-AMIO,INE00FF01025
HEALT,Aditya BSL Nifty Healthcare ETF,HEALTHY,etf,/etfs/aditya-birla-sun-life-nifty-healthcare-etf-HEALT,INF209KB10C2
AAP,AA Plus Tradelink Ltd,AAPLUSTRAD,stock,/stocks/aa-plus-tradelink-AAP,INE0C5901022
APTU,Aptus Value Housing Finance India Ltd,APTUS,stock,/stocks/aptus-value-housing-finance-india-APTU,INE852O01025
TECT,Aditya BSL Nifty IT ETF,TECH,etf,/etfs/aditya-birla-sun-life-nifty-it-etf-TECT,INF209KB11D8
ANAND,Anand Rathi Wealth Ltd,ANANDRATHI,stock,/stocks/anand-rathi-wealth-ANAND,INE463V01026
ABS,Aditya Birla Sun Life AMC Ltd,ABSLAMC,stock,/stocks/aditya-birla-sun-life-amc-ABS,INE404A01024
ABCO,A B Cotspin India Ltd,ABCOTS,stock,/stocks/ab-cotspin-india-ABCO,INE08PH01015
AWL,AWL Agri Business Ltd,AWL,stock,/stocks/adani-wilmar-AWL,INE699H01024
AGS,AGS Transact Technologies Ltd,AGSTRA,stock,/stocks/ags-transact-technologies-AGS,INE583L01014
SILVR,Aditya BSL Silver ETF,SILVER,etf,/etfs/aditya-birla-sun-life-silver-etf-SILVR,INF209KB19F6
ACHY,Achyut Healthcare Ltd,ACHYUT,stock,/stocks/achyut-healthcare-ACHY,INE0K1401020
ASC,Ascensive Educare Ltd,ASCENSIVE,stock,/stocks/ascensive-educare-ASC,INE0E4I01027
ALKO,Alkosign Ltd,ALKOSIGN,stock,/stocks/alkosign-ALKO,INE0KA601012
AET,Aether Industries Ltd,AETHER,stock,/stocks/aether-industries-AET,INE0BWX01014
ANZ,Anzen India Energy Yield Plus Trust,ANZEN,stock,/stocks/anzen-india-energy-yield-plus-trust-ANZ,INE0MIZ23019
ACA,Archean Chemical Industries Ltd,ACI,stock,/stocks/archean-chemical-industries-ACA,INE128X01021
ARHA,Arham Technologies Ltd,ARHAM,stock,/stocks/arham-technologies-ARHA,INE0L2Y01011
AAT,Aatmaj Healthcare Ltd,AATMAJ,stock,/stocks/aatmaj-healthcare-AAT,INE0OB201016
ASAR,Asarfi Hospital Ltd,ASARFI,stock,/stocks/asarfi-hospital-ASAR,INE0DN001027
AXISI,Axis Silver ETF,AXISILVER,etf,/etfs/axis-silver-etf-AXISI,INF846K011K1
AMBO,Ambo Agritec Ltd,AMBOAGRI,stock,/stocks/ambo-agritec-AMBO,INE0N6V01016
AVE,Aveer Foods Ltd,AVEER,stock,/stocks/aveer-foods-AVE,INE09BN01011
AART,Aarti Pharmalabs Ltd,AARTIPHARM,stock,/stocks/aarti-pharmalabs-AART,INE0LRU01027
MOME,ADITYA BSL Nifty 200 Momentum 30 ETF,MOMENTUM,etf,/etfs/aditya-birla-sun-life-nifty-200-momentum-30-etf-MOME,INF209KB14K7
ARIHA,Arihant Academy Ltd,ARIHANTACA,stock,/stocks/arihant-academy-ARIHA,INE0NCC01015
AUROI,Auro Impex & Chemicals Ltd,AUROIMPEX,stock,/stocks/auro-impex-and-chemicals-AUROI,INE0NUL01018
ASIAA,Asian Warehousing Ltd,ASIAN,stock,/stocks/asian-warehousing-ASIAA,INE04Z101016
ANL,Anlon Technology Solutions Ltd,ANLON,stock,/stocks/anlon-technology-solutions-ANL,INE0LR101013
ABSL,Aditya Birla Sun Life CRISIL Liquid Overnight ETF,ABSLLIQUID,etf,/etfs/aditya-birla-sl-crisil-overnight-fund-ai-index-etf-ABSL,INF209KB18T9
AHA,Ahasolar Technologies Ltd,AHASOLAR,stock,/stocks/ahasolar-technologies-AHA,INE0NEV01011
ACCEN,Accent Microcell Ltd,ACCENTMIC,stock,/stocks/accent-microcell-ACCEN,INE0Q5D01013
NIF,ADITYA BSL Nifty 200 Quality 30 ETF,NIFTYQLITY,etf,/etfs/aditya-birla-sun-life-nifty-200-quality-30-etf-NIF,INF209KB15K4
ANNA,Annapurna Swadisht Ltd,ANNAPURNA,stock,/stocks/annapurna-swadisht-ANNA,INE0MGM01017
AMIA,Amiable Logistics (India) Ltd,AMIABLE,stock,/stocks/amiable-logistics-india-AMIA,INE0MTP01013
AMANA,Amanaya Ventures Ltd,AMANAYA,stock,/stocks/amanaya-ventures-AMANA,INE0G1V01016
AUTOR,Automobile Products of India Ltd,AUTOPRD,stock,/stocks/automobile-products-of-india-AUTOR,INE0NY101012
AXS,Axis BSE Sensex ETF,AXSENSEX,etf,/etfs/axis-sandp-bse-sensex-etf-AXS,INF846K010Q0
AER,Aeroflex Industries Ltd,AEROFLEX,stock,/stocks/aeroflex-industries-AER,INE024001021
ARIST,Aristo Bio-Tech and Lifescience Ltd,ARISTO,stock,/stocks/aristo-bio-tech-and-lifescience-ARIST,INE082101010
AVAL,Avalon Technologies Ltd,AVALON,stock,/stocks/avalon-technologies-AVAL,INE0LCL01028
AHL,Abans Financial Services Ltd,AFSL,stock,/stocks/abans-holdings-AHL,INE00ZE01026
SSH,Aeroflex Neu Ltd,AERONEU,stock,/stocks/sah-polymers-SSH,INE035801013
AGN,Agni Green Power Ltd,AGNI,stock,/stocks/agni-green-power--AGN,INE0LF301013
AME,Ameya Precision Engineers Ltd,AMEYA,stock,/stocks/ameya-precision-engineers-AME,INE0KT901015
AGU,A G Universal Ltd,AGUL,stock,/stocks/a-g-universal-AGU,INE0O6N01012
ACCEL,AccelerateBS India Ltd,ACCELERATE,stock,/stocks/acceleratebs-india-ACCEL,INE0POP01017
ALL,All e Technologies Ltd,ALLETEC,stock,/stocks/all-e-technologies-ALL,INE0M2X01012
AGA,Agarwal Float Glass India Ltd,AGARWALFT,stock,/stocks/agarwal-float-glass-india-AGA,INE0MLA01012
ARAB,Arabian Petroleum Ltd,ARABIAN,stock,/stocks/arabian-petroleum-ARAB,INE08NJ01024
AMIC,AMIC Forging Ltd,AMIC,stock,/stocks/amic-forging-AMIC,INE0P9J01013
ALPHA,Alphalogic Industries Ltd,ALPHAIND,stock,/stocks/alphalogic-industries-ALPHA,INE0NZF01019
ARCL,ARCL Organics Ltd,ARCL,stock,/stocks/arcl-organics-ARCL,INE372M01010
ATT,Allcargo Terminals Ltd,ATL,stock,/stocks/allcargo-terminals-ATT,INE0NN701020
ACS,Arvind Port and Infra Ltd,ARVINDPORT,stock,/stocks/arvind-and-company-shipping-agencies-ACS,INE0P4T01013
ARR,Arrowhead Seperation Engineering Ltd,ARROWHEAD,stock,/stocks/arrowhead-seperation-engineering-ARR,INE0PP401015
ASK,ASK Automotive Ltd,ASKAUTOLTD,stock,/stocks/ask-automotive-ASK,INE491J01022
AZA,Azad Engineering Ltd,AZAD,stock,/stocks/azad-engineering-AZA,INE02IJ01035
ATM,ATMASTCO Ltd,ATMASTCO,stock,/stocks/atmastco-ATM,INE05DH01017
ALUW,Aluwind Infra-Tech Ltd,ALUWIND,stock,/stocks/aluwind-architectural-ALUW,INE0STM01017
LAW,Addictive Learning Technology Ltd,ADDICTIVE,stock,/stocks/addictive-learning-technology-LAW,INE0RDH01021
AIK,AIK Pipes and Polymers Ltd,AIKPIPES,stock,/stocks/aik-pipes-and-polymers-AIK,INE0QFT01015
AKAN,Akanksha Power and Infrastructure Ltd,AKANKSHA,stock,/stocks/akanksha-power-and-infrastructure-AKAN,INE0PCY01014
ALPE,Alpex Solar Ltd,ALPEXSOLAR,stock,/stocks/alpex-solar-ALPE,INE0R4701017
AVP,AVP Infracon Ltd,AVPINFRA,stock,/stocks/avp-infracon-AVP,INE0R9401019
APS,Australian Premium Solar (India) Ltd,APS,stock,/stocks/australian-premium-solar-india-APS,INE0P0001010
PARKH,Apeejay Surrendra Park Hotels Ltd,PARKHOTELS,stock,/stocks/apeejay-surrendra-park-hotels-PARKH,INE988S01028
ASPIR,Aspire & Innovative Advertising Ltd,ASPIRE,stock,/stocks/aspire-and-innovative-advertising-ASPIR,INE0S7801010
AMK,Amkay Products Ltd,AMKAY,stock,/stocks/amkay-products-AMK,INE0QSB01016
AWF,Awfis Space Solutions Ltd,AWFIS,stock,/stocks/awfis-space-solutions-AWF,INE108V01019
ZARD,Ardi Investment and Trading Co Ltd,ZARDIINV,stock,/stocks/ardi-investments-and-trading-company-ZARD,INE0LKP01014
AZT,Aztec Fluids & Machinery Ltd,AZTEC,stock,/stocks/aztec-fluids-and-machinery-AZT,INE0SCB01016
ABSM,ABS Marine Services Ltd,ABSMARINE,stock,/stocks/abs-marine-services-ABSM,INE0QRV01016
AADH,Aadhar Housing Finance Ltd,AADHARHFC,stock,/stocks/aadhar-housing-finance-AADH,INE883F01010
ABSLP,Aditya Birla Sun Life Nifty PSE ETF,ABSLPSE,etf,/etfs/aditya-birla-sun-life-nifty-pse-etf-ABSLP,INF209KB19Z4
APR,Aprameya Engineering Ltd,APRAMEYA,stock,/stocks/aprameya-engineering-APR,INE0LQG01010
AIMT,Aimtron Electronics Ltd,AIMTRON,stock,/stocks/aimtron-electronics-AIMT,INE0RUV01018
AFI,Akme Fintrade India Ltd,AFIL,stock,/stocks/akme-fintrade-india-AFI,INE916Y01027
AKU,Akums Drugs and Pharmaceuticals Ltd,AKUMS,stock,/stocks/akums-drugs-and-pharmaceuticals-AKU,INE09XN01023
ADTE,Adtech Systems Ltd,ADTECH,stock,/stocks/adtech-systems-ADTE,INE257C01014
AMBEY,Ambey Laboratories Ltd,AMBEY,stock,/stocks/ambey-laboratories-AMBEY,INE0M3I01029
ACL,Aelea Commodities Ltd,ACLD,stock,/stocks/aelea-commodities-ACL,INE0T3401029
ABD,Allied Blenders and Distillers Ltd,ABDL,stock,/stocks/allied-blenders-and-distillers-ABD,INE552Z01027
AKIK,Akiko Global Services Ltd,AKIKO,stock,/stocks/akiko-global-services-AKIK,INE0PMR01017
ABGSE,Aditya Birla Sun Life CRISIL Broad Based Gilt ETF,ABGSEC,etf,/etfs/aditya-birla-sun-life-crisil-broad-based-gilt-etf-ABGSE,INF209KC1134
ASHAL,Ashapura Logistics Ltd,ASHALOG,stock,/stocks/ashapura-logistics-ASHAL,INE0LAA01017
AFC,AFCOM Holdings Ltd,AFCOM,stock,/stocks/afcom-holdings-AFC,INE0OXY01013
ASSOC,Associated Coaters Ltd,ASSOCIATED,stock,/stocks/associated-coaters-ASSOC,INE0RIQ01013
AES,Aesthetik Engineers Ltd,AESTHETIK,stock,/stocks/aesthetik-engineers-AES,INE0TSF01011
GSE,Aditya Birla Sun Life CRISIL 10 Year Gilt ETF,GSEC10ABSL,etf,/etfs/aditya-birla-sun-life-crisil-10-year-gilt-etf-GSE,INF209KC1142
ASEP,Ace Software Exports Ltd Partly Paidup,ACESEPP,stock,/stocks/ace-software-exports-partly-paidup-ASEP,IN9849B01026
AFCO,Afcons Infrastructure Ltd,AFCONS,stock,/stocks/afcons-infrastructure-AFCO,INE101I01011
ANY,Anya Polytech & Fertilizers Ltd,ANYA,stock,/stocks/anya-polytech-and-fertilizers-ANY,INE0SI601032
ARK,Arkade Developers Ltd,ARKADE,stock,/stocks/arkade-developers-ARK,INE0QRL01017
AVIA,Avi Ansh Textile Ltd,AVIANSH,stock,/stocks/avi-ansh-textile-AVIA,INE0TFB01017
APE,Apex Ecotech Ltd,APEXECO,stock,/stocks/apex-ecotech-APE,INE0T4V01015
ABHA,Abha Power and Steel Ltd,ABHAPOWER,stock,/stocks/abha-power-and-steel-ABHA,INE0UYG01015
AERO,Aeron Composite Ltd,AERON,stock,/stocks/aeron-composites-AERO,INE0WL801011
AUSL,Aditya Ultra Steel Ltd,AUSL,stock,/stocks/aditya-ultra-steel-AUSL,INE01YQ01013
ACMES,ACME Solar Holdings Ltd,ACMESOLAR,stock,/stocks/acme-solar-holdings-ACMES,INE622W01025
AGAR,Agarwal Toughened Glass India Ltd,AGARWALTUF,stock,/stocks/agarwal-toughened-glass-india-AGAR,INE0P8X01016
AVAX,Avax Apparels and Ornaments Ltd,AVAX,stock,/stocks/avax-apparels-and-ornaments-AVAX,INE0NQ401016
AMW,Amwill Health Care Ltd,AMWILL,stock,/stocks/amwill-health-care-AMW,INE0U2L01017
AJAX,AJAX Engineering Ltd,AJAXENGG,stock,/stocks/ajax-engineering-AJAX,INE274Y01021
AON,Angel One Nifty Total Market ETF,AONETOTAL,etf,/etfs/angel-one-nifty-total-market-etf-AON,INF1J2R01015
AXISV,Axis Nifty500 Value 50 ETF,AXISVALUE,etf,/etfs/axis-nifty500-value-50-etf-AXISV,INF846KA1119
ACTIV,Active Infrastructures Ltd,ACTIVEINFR,stock,/stocks/active-infrastructure-ACTIV,INE0KLO01025
AONE,Angel One Nifty 1D Rate Liquid ETF - Growth,AONELIQUID,etf,/etfs/angel-one-nifty-1d-rate-liquid-etf---growth-AONE,INF1J2R01056
ATC,ATC Energies System Ltd,ATCENERGY,stock,/stocks/atc-energies-system-ATC,INE0V0Q01019
ATHER,Ather Energy Ltd,ATHERENERG,stock,/stocks/ather-energy-ATHER,INE0LEZ01016
ARUN,Arunaya Organics Ltd,ARUNAYA,stock,/stocks/arunaya-organics-ARUN,INE0TTG01017
ACCP,Accretion Pharmaceuticals Ltd,ACCPL,stock,/stocks/accretion-pharmaceuticals-ACCP,INE0T8T01010
AONEN,Angel One Nifty 50 ETF,AONENIFTY,etf,/etfs/angel-one-nifty-50-etf-AONEN,INF1J2R01064
AEG,Aegis Vopak Terminals Ltd,AEGISVOPAK,stock,/stocks/aegis-vopak-terminals-AEG,INE0INX01018
ASTON,Astonea Labs Ltd,ASTONEALAB,stock,/stocks/astonea-labs-ASTON,INE0TG901011
ATE,Aten Papers & Foam Ltd,ATENPAPERS,stock,/stocks/aten-papers-and-foam-ATE,INE0XCV01014
ABL,Aditya Birla Lifestyle Brands Ltd,ABLBL,stock,/stocks/aditya-birla-lifestyle-brands-ABL,INE14LE01019
ARISN,Arisinfra Solutions Ltd,ARISINFRA,stock,/stocks/arisinfra-solutions-ARISN,INE0H9P01028
AAK,Aakaar Medical Technologies Ltd,AAKAAR,stock,/stocks/aakaar-medical-technologies-AAK,INE1GYP01013
AJCJ,AJC Jewel Manufacturers Ltd,AJCJEWEL,stock,/stocks/ajc-jewel-manufacturers-AJCJ,INE0XRR01010
ABR,Abram Food Ltd,ABRFL,stock,/stocks/abram-food-ABR,INE0ZDY01011
ACEA,Ace Alpha Tech Ltd,ACEALPHA,stock,/stocks/ace-alpha-tech-ACEA,INE0S9X01011
ADCOU,AdCounty Media India Ltd,ADCOUNTY,stock,/stocks/adcounty-media-india-ADCOU,INE0W1601012
APLAP,Aplab Ltd Partly Paidup,APLABPP,stock,/stocks/aplab-partly-paidup-APLAP,IN9273A01047
APA,Asston Pharmaceuticals Ltd,APL,stock,/stocks/asston-pharmaceuticals-APA,INE0SJX01015
ANTH,Anthem Biosciences Ltd,ANTHEM,stock,/stocks/anthem-biosciences-ANTH,INE0CZ201020
CPP,Aditya Infotech Ltd,CPPLUS,stock,/stocks/aditya-infotech-CPP,INE819V01029
AARA,Aaradhya Disposal Industries Ltd,AARADHYA,stock,/stocks/aaradhya-disposal-industries-AARA,INE124401014
ALLT,All Time Plastics Ltd,ALLTIME,stock,/stocks/all-time-plastics-ALLT,INE0GV601021
AMCL,ANB Metal Cast Ltd,AMCL,stock,/stocks/anb-metal-cast-AMCL,INE0VG001016
ARCI,ARC Insulation & Insulators Ltd,ARCIIL,stock,/stocks/arc-insulation-and-insulators-ARCI,INE0YDV01010
ANO,Anondita Medicare Ltd,ANONDITA,stock,/stocks/anondita-medicare-ANO,INE0VTV01012
AHC,Anlon Healthcare Ltd,AHCL,stock,/stocks/anlon-healthcare-AHC,INE0Y8W01017
ABRI,ABRIL PAPER TECH LIMITED,ABRIL,stock,/stocks/abril-paper-tech-ABRI,INE15MX01014
AMANT,Amanta Healthcare Ltd,AMANTA,stock,/stocks/amanta-healthcare-AMANT,INE084K01015
AONEG,Angel One Gold ETF,AONEGOLD,etf,/etfs/angel-one-gold-etf-AONEG,INF1J2R01114
AUST,Austere Systems Ltd,AUSTERE,stock,/stocks/austere-systems-AUST,INE104201012
AIRF,Airfloa Rail Technology Ltd,AIRFLOA,stock,/stocks/airfloa-rail-technology-AIRF,INE0XBS01012
ATLAN,Atlanta Electricals Ltd,ATLANTAELE,stock,/stocks/atlanta-electricals-ATLAN,INE0Z4F01028
APPA,Aptus Pharma Ltd,APPL,stock,/stocks/aptus-pharma-APPA,INE15XJ01010
ARS,Anand Rathi Share and Stock Brokers Ltd,ARSSBL,stock,/stocks/anand-rathi-share-and-stock-brokers-ARS,INE549H01021
AMEE,Ameenji Rubber Ltd,AMEENJI,stock,/stocks/ameenji-rubber-AMEE,INE14QA01016
ADVAN,Advance Agrolife Ltd,ADVANCE,stock,/stocks/advance-agrolife-ADVAN,INE1B0W01010
ANANT,Anantam Highways Trust,ANANTAM,stock,/stocks/anantam-highways-trust-ANANT,INE1UA823019
ADVEN,Advent Hotels International Ltd,ADVENTHTL,stock,/stocks/advent-hotels-international-ADVEN,INE28GN01010
AONET,Angel One Nifty Total Market Momentum Qual. 50 ETF,AONETMMQ50,etf,/etfs/angel-one-nifty-total-market-momentum-qual-50-etf-AONET,INF1J2R01148
ASTRO,Astron Multigrain Ltd,ASTRONMULT,stock,/stocks/astron-multigrain-ASTRO,INE0RUY01012
AEQ,Aequs Ltd,AEQUS,stock,/stocks/aequs-AEQ,INE947N01017
ATLPP,Allcargo Terminals Ltd Partly Paidup,ATLPP,stock,/stocks/allcargo-terminals-partly-paidup-ATLPP,IN90NN701011
ASHWI,Ashwini Container Movers Ltd,ASHWINI,stock,/stocks/ashwini-container-movers-ASHWI,INE1A6Q01010
ANNV,Annvrridhhi Ventures Ltd Partly Paidup,ANNVRPP,stock,/stocks/annvrridhhi-ventures-partly-paidup-ANNV,IN9075K01011
ADMA,Admach Systems Ltd,ADMACH,stock,/stocks/admach-systems-ADMA,INE0XLO01010
ATIL,Apollo Techno Industries Ltd,ATIL,stock,/stocks/apollo-techno-industries-ATIL,INE0X4A01013
AGCN,Black Box Ltd,BBOX,stock,/stocks/agc-networks-AGCN,INE676A01027
BANS,Banswara Syntex Ltd,BANSWRAS,stock,/stocks/banswara-syntex-BANS,INE629D01020
BHAN,Bhansali Engineering Polymers Ltd,BEPL,stock,/stocks/bhansali-engg-polymers-BHAN,INE922A01025
BARA,Bharat Dynamics Ltd,BDL,stock,/stocks/bharat-dynamics-BARA,INE171Z01026
BEML,BEML Ltd,BEML,stock,/stocks/beml-BEML,INE258A01024
BACH,Balrampur Chini Mills Ltd,BALRAMCHIN,stock,/stocks/balrampur-chini-mills-BACH,INE119A01028
BRIH,Brightcom Group Ltd,BCG,stock,/stocks/brightcom-group-BRIH,INE425B01027
BRED,Beardsell Ltd,BEARDSELL,stock,/stocks/beardsell-BRED,INE520H01022
BMIL,Bedmutha Industries Ltd,BEDMUTHA,stock,/stocks/bedmutha-industries-BMIL,INE844K01012
BTAD,Beta Drugs Ltd,BETA,stock,/stocks/beta-drugs-BTAD,INE351Y01019
BJEL,Bajaj Electricals Ltd,BAJAJELEC,stock,/stocks/bajaj-electricals-BJEL,INE193E01025
BHRT,Bharatiya Global Infomedia Ltd,BGLOBAL,stock,/stocks/bharatiya-global-infomedia-BHRT,INE224M01013
BNCO,Banco Products (India) Ltd,BANCOINDIA,stock,/stocks/banco-products-india-BNCO,INE213C01025
BAKN,Banka BioLoo Ltd,BANKA,stock,/stocks/banka-bioloo-BAKN,INE862Y01015
BBJL,Bharat Bijlee Ltd,BBL,stock,/stocks/bharat-bijlee-BBJL,INE464A01036
BBRM,"Bombay Burmah Trading Corporation, Ltd",BBTC,stock,/stocks/bombay-burmah-trading-corporation-BBRM,INE050A01025
BAJE,Bharat Electronics Ltd,BEL,stock,/stocks/bharat-electronics-BAJE,INE263A01024
BANB,Banaras Beads Ltd,BANARBEADS,stock,/stocks/banaras-beads-BANB,INE655B01011
BAYE,Bayer Cropscience Ltd,BAYERCROP,stock,/stocks/bayer-cropscience-BAYE,INE462A01022
BHAE,Bhageria Industries Ltd,BHAGERIA,stock,/stocks/bhageria-industries-BHAE,INE354C01027
BRSN,Bharat Rasayan Ltd,BHARATRAS,stock,/stocks/bharat-rasayan-BRSN,INE838B01021
BHWR,Bharat Wire Ropes Ltd,BHARATWIRE,stock,/stocks/bharat-wire-ropes-BHWR,INE316L01019
BIGB,Bigbloc Construction Ltd,BIGBLOC,stock,/stocks/bigbloc-construction-BIGB,INE412U01025
BCPC,BC Power Controls Ltd,BCP,stock,/stocks/bc-power-controls-BCPC,INE905P01028
BDRB,BDR Buildcon Ltd,BDR,stock,/stocks/bdr-buildcon-BDRB,INE766Q01014
BJHN,Bajaj Hindusthan Sugar Ltd,BAJAJHIND,stock,/stocks/bajaj-hindusthan-sugar-BJHN,INE306A01021
BJAT,Bajaj Holdings and Investment Ltd,BAJAJHLDNG,stock,/stocks/bajaj-holdings-and-investment-BJAT,INE118A01012
BAMN,Balaji Amines Ltd,BALAMINES,stock,/stocks/balaji-amines-BAMN,INE050E01027
BLMR,Balmer Lawrie and Company Ltd,BALMLAWRIE,stock,/stocks/balmer-lawrie-and-company-BLMR,INE164A01016
BOI,Bank of India Ltd,BANKINDIA,stock,/stocks/bank-of-india-BOI,INE084A01016
BASF,BASF India Ltd,BASF,stock,/stocks/basf-india-BASF,INE373A01013
BOB,Bank of Baroda Ltd,BANKBARODA,stock,/stocks/bank-of-baroda-BOB,INE028A01039
BATA,Bata India Ltd,BATAINDIA,stock,/stocks/bata-india-BATA,INE176A01028
BRGR,Berger Paints India Ltd,BERGEPAINT,stock,/stocks/berger-paints-india-BRGR,INE463A01038
BGRS,Bharat Gears Ltd,BHARATGEAR,stock,/stocks/bharat-gears-BGRS,INE561C01019
BION,Biocon Ltd,BIOCON,stock,/stocks/biocon-BION,INE376G01013
BAFP,Bafna Pharmaceuticals Ltd,BAFNAPH,stock,/stocks/bafna-pharmaceuticals-BAFP,INE878I01022
BLKI,Balkrishna Industries Ltd,BALKRISIND,stock,/stocks/balkrishna-industries-BLKI,INE787D01026
BASP,Bannari Amman Spinning Mills Ltd,BASML,stock,/stocks/bannari-amman-spinning-mills-BASP,INE186H01022
BALP,Bal Pharma Ltd,BALPHARMA,stock,/stocks/bal-pharma-BALP,INE083D01012
BRAN,Brand Concepts Ltd,BCONCEPTS,stock,/stocks/brand-concepts-BRAN,INE977Y01011
BFIN,BF Investment Ltd,BFINVEST,stock,/stocks/bf-investment-BFIN,INE878K01010
BHEL,Bharat Heavy Electricals Ltd,BHEL,stock,/stocks/bharat-heavy-electricals-BHEL,INE257A01026
BAJA,Bajaj Auto Ltd,BAJAJ-AUTO,stock,/stocks/bajaj-auto-BAJA,INE917I01010
BALK,Balkrishna Paper Mills Ltd,BALKRISHNA,stock,/stocks/balkrishna-paper-mills-BALK,INE875R01011
BANH,Bandhan Bank Ltd,BANDHANBNK,stock,/stocks/bandhan-bank-BANH,INE545U01014
BHIL,Bhagyanagar India Ltd,BHAGYANGR,stock,/stocks/bhagyanagar-india-BHIL,INE458B01036
BHAI,Bhartiya International Ltd,BIL,stock,/stocks/bhartiya-international-BHAI,INE828A01016
BACO,Bajaj Consumer Care Ltd,BAJAJCON,stock,/stocks/bajaj-consumer-care-BACO,INE933K01021
BALX,Balaxi Pharmaceuticals Ltd,BALAXI,stock,/stocks/balaxi-pharmaceuticals-BALX,INE618N01022
BFUT,BF Utilities Ltd,BFUTILITIE,stock,/stocks/bf-utilities-limitd-BFUT,INE243D01012
BINZ,BIL Vyapar Limited,BILVYAPAR,stock,/stocks/binani-industries-BINZ,INE071A01013
BAGF,B.A.G. Films and Media Ltd,BAGFILMS,stock,/stocks/bag-films-and-media-BAGF,INE116D01028
BFRG,Bharat Forge Ltd,BHARATFORG,stock,/stocks/bharat-forge-BFRG,INE465A01025
BANN,Bannari Amman Sugars Ltd,BANARISUG,stock,/stocks/bannari-amman-sugars-BANN,INE459A01010
BANO,Bang Overseas Ltd,BANG,stock,/stocks/bang-overseas-BANO,INE863I01016
BBTR,B&B Triplewall Containers Ltd,BBTCL,stock,/stocks/bandb-triplewall-containers-BBTR,INE01EE01011
BGRE,BGR Energy Systems Ltd,BGRENERGY,stock,/stocks/bgr-energy-systems-BGRE,INE661I01014
BHEX,Bhandari Hosiery Exports Ltd,BHANDARI,stock,/stocks/bhandari-hosiery-exports-BHEX,INE474E01029
BJFS,Bajaj Finserv Ltd,BAJAJFINSV,stock,/stocks/bajaj-finserv-BJFS,INE918I01026
BJFN,Bajaj Finance Ltd,BAJFINANCE,stock,/stocks/bajaj-finance-BJFN,INE296A01032
BLTE,Balaji Telefilms Ltd,BALAJITELE,stock,/stocks/balaji-telefilms-BLTE,INE794B01026
BARI,Bartronics India Ltd,ASMS,stock,/stocks/bartronics-india-BARI,INE855F01042
BRTI,Bharti Airtel Ltd,BHARTIARTL,stock,/stocks/bharti-airtel-BRTI,INE397D01024
BIOF,Biofil Chemicals and Pharmaceuticals Ltd,BIOFILCHEM,stock,/stocks/biofil-chemicals-and-pharmaceuticals-BIOF,INE829A01014
BRLC,Birla Corporation Ltd,BIRLACORPN,stock,/stocks/birla-corporation-BRLC,INE340A01012
BDYN,Bombay Dyeing and Mfg Co Ltd,BOMDYEING,stock,/stocks/bombay-dyeing-and-mfg-co-BDYN,INE032A01023
BLIS,Bliss GVS Pharma Ltd,BLISSGVS,stock,/stocks/bliss-gvs-pharma-BLIS,INE416D01022
BLDT,Blue Dart Express Ltd,BLUEDART,stock,/stocks/blue-dart-express-BLDT,INE233B01017
BKMI,BKM Industries Ltd,BKMINDST,stock,/stocks/bkm-industries-BKMI,INE831Q01016
BORS,Borosil Ltd,BOROLTD,stock,/stocks/borosil-BORS,INE02PY01013
BRLE,Birla Cable Ltd,BIRLACABLE,stock,/stocks/birla-cable-BRLE,INE800A01015
BLUS,Blue Star Ltd,BLUESTARCO,stock,/stocks/blue-star-BLUS,INE472A01039
BCHO,Blue Coast Hotels Ltd,BLUECOAST,stock,/stocks/blue-coast-hotels-BCHO,INE472B01011
BORO,Borosil Renewables Ltd,BORORENEW,stock,/stocks/borosil-renewables-BORO,INE666D01022
BODA,Bodal Chemicals Ltd,BODALCHEM,stock,/stocks/bodal-chemicals-BODA,INE338D01028
BLB,BLB Ltd,BLBLIMITED,stock,/stocks/blb-BLB,INE791A01024
BLSN,Bls International Services Ltd,BLS,stock,/stocks/bls-international-services-BLSN,INE153T01027
BOHA,Bohra Industries Ltd,BOHRAIND,stock,/stocks/bohra-industries-BOHA,INE802W01023
BLKS,B L Kashyap and Sons Ltd,BLKASHYAP,stock,/stocks/b-l-kashyap-and-sons-BLKS,INE350H01032
BLCI,Blue Chip India Ltd,BLUECHIP,stock,/stocks/blue-chip-india-BLCI,INE657B01025
BHRN,Bharat Road Network Ltd,BRNL,stock,/stocks/bharat-road-network-BHRN,INE727S01012
BPCL,Bharat Petroleum Corporation Ltd,BPCL,stock,/stocks/bharat-petroleum-corporation-BPCL,INE029A01011
BOSH,Bosch Ltd,BOSCHLTD,stock,/stocks/bosch-BOSH,INE323A01026
BRCL,Burnpur Cement Ltd,BURNPUR,stock,/stocks/burnpur-cement-BRCL,INE817H01014
BPL,BPL Ltd,BPL,stock,/stocks/bpl-BPL,INE110A01019
BOBA,Bombay Super Hybrid Seeds Ltd,BSHSL,stock,/stocks/bombay-super-hybrid-seeds-BOBA,INE032Z01020
BRIT,Britannia Industries Ltd,BRITANNIA,stock,/stocks/britannia-industries-BRIT,INE216A01030
BRGH,Bright Solar Ltd,BRIGHT,stock,/stocks/bright-solar-BRGH,INE684Z01010
BSLL,BSL Ltd,BSL,stock,/stocks/bsl-BSLL,INE594B01012
BRIG,Brigade Enterprises Ltd,BRIGADE,stock,/stocks/brigade-enterprises-BRIG,INE791I01019
BSEL,BSE Ltd,BSE,stock,/stocks/bse-BSEL,INE118H01025
BUTT,Butterfly Gandhimathi Appliances Ltd,BUTTERFLY,stock,/stocks/butterfly-gandhimathi-appliances-BUTT,INE295F01017
BARB,Bharat Bond ETF - April 2023,EBBETF0423,etf,/etfs/edelweiss-bharat-bond-etf-april-2023-etf-BARB,INF754K01KN4
BISL,BSEL Algo Ltd,BSELALGO,stock,/stocks/bsel-infrastructure-realty-BISL,INE395A01016
BIRS,Birlasoft Ltd,BSOFT,stock,/stocks/birlasoft-BIRS,INE836A01035
BARE,BHARAT Bond ETF-April 2031-Growth,EBBETF0431,etf,/etfs/edelweiss-bharat-bond-etf-april-2031-etf-BARE,INF754K01LE1
BHAB,BHARAT Bond ETF-April 2030-Growth,EBBETF0430,etf,/etfs/edelweiss-bharat-bond-etf-april-2030-etf-BHAB,INF754K01KO2
BAVA,Barak Valley Cements Ltd,BVCL,stock,/stocks/barak-valley-cements-BAVA,INE139I01011
BROO,Brooks Laboratories Ltd,BROOKS,stock,/stocks/brooks-laboratories-BROO,INE650L01011
TBKH,Byke Hospitality Ltd,BYKE,stock,/stocks/byke-hospitality-TBKH,INE319B01014
BARF,Bharat Bond ETF - April 2025,EBBETF0425,etf,/etfs/edelweiss-bharat-bond-etf-april-2025-etf-BARF,INF754K01LD3
HLLT,BirlaNu Ltd,BIRLANU,stock,/stocks/hil-HLLT,INE557A01011
ICPR,Bharat 22 ETF,ICICIB22,etf,/etfs/bharat-22-etf-ICPR,INF109KB15Y7
IFCN,Bandhan Nifty 50 ETF,IDFNIFTYET,etf,/etfs/idfc-nifty-50-etf-IFCN,INF194KA1U07
JCHA,Bosch Home Comfort India Ltd,BOSCH-HCIL,stock,/stocks/johnson-controls-hitachi-air-conditioning-india-JCHA,INE782A01015
BMBK,Bank of Maharashtra Ltd,MAHABANK,stock,/stocks/bank-of-maharashtra-BMBK,INE457A01014
BIL,Billwin Industries Ltd,BILLWIN,stock,/stocks/billwin-industries-BIL,INE0CRS01012
BON,Bonlon Industries Ltd,BONLON,stock,/stocks/bonlon-industries-BON,INE0B9A01018
IDF,Bandhan BSE Sensex ETF,IDFSENSEXE,etf,/etfs/idfc-sensex-30-etf-IDF,INF194KA1T91
BCP,BCPL Railway Infrastructure Ltd,BCPL,stock,/stocks/bcpl-railway-infrastructure-BCP,INE00SW01015
BGJ,Bhakti Gems and Jewellery Ltd,BGJL,stock,/stocks/bhakti-gems-and-jewellery-BGJ,INE986W01016
BHA,Bhatia Communications & Retail (India) Ltd,BHATIA,stock,/stocks/bhatia-communications-and-retail-india-BHA,INE341Z01025
BIN,Bindal Exports Ltd,BINDALEXPO,stock,/stocks/bindal-exports-BIN,INE564V01013
BAZ,Bazel International Ltd,BAZELINTER,stock,/stocks/bazel-international-BAZ,INE217E01014
BEL,Bella Casa Fashion & Retail Ltd,BELLACASA,stock,/stocks/bella-casa-fashion-and-retail-BEL,INE344T01014
BAL,Balgopal Commercial Ltd,BALGOPAL,stock,/stocks/balgopal-commercial-BAL,INE119R01014
BAJ,Bajaj Healthcare Ltd,BAJAJHCARE,stock,/stocks/bajaj-healthcare-BAJ,INE411U01027
BHAND,Bhanderi Infracon Ltd,BHANDERI,stock,/stocks/bhanderi-infracon-BHAND,INE336Q01016
BRP,Bansal Roofing Products Ltd,BRPL,stock,/stocks/bansal-roofing-products-BRP,INE319Q01012
BCL,BCL Enterprises Ltd,BCLENTERPR,stock,/stocks/bcl-enterprises-BCL,INE368E01023
BINN,Binny Mills Ltd,BINNYMILLS,stock,/stocks/binny-mills-BINN,INE160L01011
BENG,Bengal & Assam Company Ltd,BENGALASM,stock,/stocks/bengal-and-assam-company-BENG,INE083K01017
BEN,Benara Bearings and Pistons Ltd,BENARA,stock,/stocks/benara-bearings-and-pistons-BEN,INE495Z01011
BRA,Brahmaputra Infrastructure Ltd,BRAHMINFRA,stock,/stocks/brahmaputra-infrastructure-BRA,INE320I01017
BTT,Bhilwara Technical Textiles Ltd,BTTL,stock,/stocks/bhilwara-technical-textiles-BTT,INE274K01012
BMA,Bothra Metals and Alloys Ltd,BMAL,stock,/stocks/bothra-metals-and-alloys-BMA,INE583M01012
BMW,BMW Industries Ltd,BMW,stock,/stocks/bmw-industries-BMW,INE374E01021
BAN,Banas Finance Ltd,BANASFN,stock,/stocks/banas-finance-BAN,INE521L01030
BLI,Balmer Lawrie Investments Ltd,BLIL,stock,/stocks/balmer-lawrie-investment-BLI,INE525F01025
BOD,Bodhtree Consulting Ltd,BODHTREE,stock,/stocks/bodhtree-consulting-BOD,INE104F01029
BAR,Baron Infotech Ltd,BARONINF,stock,/stocks/baron-infotech-BAR,INE228B01017
BRI,Brilliant Portfolios Ltd,BRIPORT,stock,/stocks/brilliant-portfolios-BRI,INE661F01010
BEEK,Beekay Steel Industries Ltd,BEEKAY,stock,/stocks/beekay-steel-industries-BEEK,INE213D01015
BAB,Baba Arts Ltd,BABA,stock,/stocks/baba-arts-BAB,INE893A01036
BENGA,Bengal Steel Industries Ltd,BENGALS,stock,/stocks/bengal-steel-industries-BENGA,INE523W01017
BEE,Beeyu Overseas Ltd,BEEYU,stock,/stocks/beeyu-overseas-BEE,INE052B01011
BAM,BAMPSL Securities Ltd,BAMPSL,stock,/stocks/bampsl-securities-BAM,INE802A01037
BHAG,Bhagiradha Chemicals and Industries Ltd,BHAGCHEM,stock,/stocks/bhagiradha-chemicals-and-industries-BHAG,INE414D01027
BFL,BFL Asset Finvest Ltd,BFLAFL,stock,/stocks/bfl-asset-finvest-BFL,INE948Q01018
INE,Banganga Paper Industries Ltd,BANGANGA,stock,/stocks/inertia-steel-INE,INE767M01029
BRIJ,Brijlaxmi Leasing & Finance Ltd,BRIJLEAS,stock,/stocks/brijlaxmi-leasing-and-finance-BRIJ,INE957E01031
INDRA,Bluegod Entertainment Ltd,BLUEGOD,stock,/stocks/indra-industries-INDRA,INE924N01024
BES,Best Agrolife Ltd,BESTAGRO,stock,/stocks/best-agrolife-BES,INE052T01013
SUNTE,Biogen Pharmachem Industries Ltd,BIOGEN,stock,/stocks/sun-techno-overseas-SUNTE,INE703D01023
BJD,B J Duplex Boards Ltd,BJDUP,stock,/stocks/b-j-duplex-boards-BJD,INE265C01025
BGI,BGIL Films & Technologies Ltd,BGIL,stock,/stocks/bgil-films-and-technologies-BGI,INE443D01018
BER,Beryl Securities Ltd,BERYLSE,stock,/stocks/beryl-securities-BER,INE508J01015
BRIGH,Bright Brothers Ltd,BRIGHTBR,stock,/stocks/bright-brothers-BRIGH,INE630D01010
REGT,Befound Movement Ltd,BEFOUNDMOL,stock,/stocks/regency-trust-REGT,INE425F01028
BKV,BKV Industries Ltd,BKV,stock,/stocks/bkv-industries-BKV,INE356C01022
BPT,Blue Pearl Agriventures Ltd,BPAGRI,stock,/stocks/blue-pearl-texspin-BPT,INE439N01031
AMAZ,Balu Forge Industries Ltd,BALUFORGE,stock,/stocks/amaze-entertech-AMAZ,INE011E01029
BIB,Bharat Immunologicals and Biologicals Corporation Ltd,BIBCL,stock,/stocks/bharat-immunological-and-biological-corporation-BIB,INE994B01014
BIJ,Bijoy Hans Ltd,BIJHANS,stock,/stocks/bijoy-hans-BIJ,INE491D01017
BPC,B P Capital Ltd,BPCAP,stock,/stocks/b-p-capital-BPC,INE947C01010
BAS,Basant Agro Tech (India) Ltd,BASANTGL,stock,/stocks/basant-agro-tech-india-BAS,INE473E01021
SHIVM,Bandaram Pharma Packtech Ltd,BANDARAM,stock,/stocks/shiva-medicare-SHIVM,INE875N01036
BLUE,Blue Cloud Softech Solutions Ltd,BLUECLOUDS,stock,/stocks/blue-cloud-softech-solutions-BLUE,INE373T01047
BBS,B2B Software Technologies Ltd,B2BSOFT,stock,/stocks/b2b-software-technologies-BBS,INE151B01011
BITS,BITS Ltd,BITS,stock,/stocks/bits-BITS,INE839A01021
BARO,Baroda Extrusion Ltd,BAROEXT,stock,/stocks/baroda-extrusion-BARO,INE927K01023
BERV,Bervin Investment and Leasing Ltd,BERVINL,stock,/stocks/bervin-investments-and-leasing-BERV,INE348I01018
BOST,Boston Commerce Ltd,BOSTONBIO,stock,/stocks/boston-bio-systems-BOST,INE109B01019
BLO,Bloom Dekor Ltd,BLOOM,stock,/stocks/bloom-dekor-BLO,INE253C01013
BPLP,Bharat Parenterals Ltd,BPLPHARMA,stock,/stocks/bharat-parenterals-BPLP,INE365Y01019
BEM,Bemco Hydraulics Ltd,BEMHY,stock,/stocks/bemco-hydraulics-BEM,INE142E01022
BERL,Beryl Drugs Ltd,BERLDRG,stock,/stocks/beryl-drugs-BERL,INE415H01017
AARV,Bhudevi Infra Projects Ltd,BHUDEVI,stock,/stocks/aarv-infratel-AARV,INE432N01010
BHARA,Bharat Bhushan Finance & Commodity Brokers Ltd,BHARAT,stock,/stocks/bharat-bhushan-finance-and-commodity-brokers-BHARA,INE900A01013
BALU,Balurghat Technologies Ltd,BALTE,stock,/stocks/balurghat-technologies-BALU,INE654B01014
BAC,Bacil Pharma Ltd,BACPHAR,stock,/stocks/bacil-pharma-BAC,INE711D01018
BHAS,Bhaskar Agro Chemicals Ltd,BHASKAGR,stock,/stocks/bhaskar-agrochemicals-BHAS,INE972C01018
BNR,BNR Udyog Ltd,BNRUDY,stock,/stocks/bnr-udyog-BNR,INE355C01016
BHAT,Bharat Textiles & Proofing Industries Ltd,BHATEXT,stock,/stocks/bharat-textiles-and-proofing-industries-BHAT,INE201N01019
BEST,Best Eastern Hotels Ltd,BESTEAST,stock,/stocks/best-eastern-hotels-BEST,INE553F01035
BRID,Bridge Securities Ltd,BRIDGESE,stock,/stocks/bridge-securities-BRID,INE958C01025
BRAW,Brawn Biotech Ltd,BRAWN,stock,/stocks/brawn-biotech-BRAW,INE899B01015
BAMB,Bambino Agro Industries Ltd,BAMBINO,stock,/stocks/bambino-agro-industries-BAMB,INE921D01013
BANST,Bansisons Tea Industries Ltd,BANSTEA,stock,/stocks/bansisons-tea-industries-BANST,INE856E01019
BENGL,Bengal Tea & Fabrics Ltd,BENGALT,stock,/stocks/bengal-tea-and-fabrics-BENGL,INE665D01016
ARH,BN Agrochem Ltd,BNAGROCHEM,stock,/stocks/arihant-tournesol-ARH,INE00HZ01011
BI,Bilcare Ltd,BI,stock,/stocks/bilcare-BI,INE986A01012
BHI,Bhilwara Spinners Ltd,BHILSPIN,stock,/stocks/bhilwara-spinners-BHI,INE436C01014
BALF,Baid Finserv Ltd,BAIDFIN,stock,/stocks/baid-leasing-and-finance-co-BALF,INE020D01022
BLOI,Bloom Industries Ltd,BLOIN,stock,/stocks/bloom-industries-BLOI,INE373E01015
BCLI,BCL Industries Ltd,BCLIND,stock,/stocks/bcl-industries-BCLI,INE412G01024
KDK,Bharat Global Developers Ltd,BGDL,stock,/stocks/kkrrafton-developers-KDK,INE893C01032
BDH,BDH Industries Ltd,BDH,stock,/stocks/bdh-industries-BDH,INE278D01018
BRAD,Brady And Morris Engineering Co Ltd,BRADYM,stock,/stocks/brady-and-morris-engineering-company-BRAD,INE856A01017
WHIT,Bombay Talkies Ltd,BOMTALKIES,stock,/stocks/bombay-talkies-WHIT,INE910D01024
BAJG,Bajaj Global Ltd,BAJGLOB,stock,/stocks/bajaj-global-BAJG,INE553H01015
BNRS,BN Rathi Securities Ltd,BNRSEC,stock,/stocks/b-n-rathi-securities-BNRS,INE710D01028
BLAC,Black Rose Industries Ltd,BLACKROSE,stock,/stocks/black-rose-industries-BLAC,INE761G01016
ZBI,Binayak Tex Processors Ltd,ZBINTXPP,stock,/stocks/binayaka-tex-processors-ZBI,INE626H01019
BOMB,Bombay Wire Ropes Ltd,BOMBWIR,stock,/stocks/bombay-wire-ropes-BOMB,INE089T01023
BCC,B C C Fuba India Ltd,BCCFUBA,stock,/stocks/b-c-c-fuba-india-BCC,INE788D01016
BENT,Bentley Commercial Enterprises Ltd,BENTCOM,stock,/stocks/bentley-commercial-enterprises-BENT,INE496M01017
BIRLA,Birla Precision Technologies Ltd,BIRLAPREC,stock,/stocks/birla-precision-technologies-BIRLA,INE372E01025
BETX,Betex India Ltd,BETXIND,stock,/stocks/betex-india-BETX,INE765L01017
BAP,B & A Packaging India Ltd,BAPACK,stock,/stocks/b-and-a-packaging-india-BAP,INE00FM01013
BOMBC,Bombay Cycle and Motor Agency Ltd,BOMBCYC,stock,/stocks/bombay-cycle-and-motor-agency-BOMBC,INE691K01017
BLUEC,Blue Chip Tex Industries Ltd,BLUECHIPT,stock,/stocks/bluechip-tex-industries-BLUEC,INE472D01017
BHARS,Bharat Seats Ltd,BHARATSE,stock,/stocks/bharat-seats-BHARS,INE415D01024
BHARG,Bharat Agri Fert & Realty Ltd,BHARATAGRI,stock,/stocks/bharat-agri-fert-and-realty-BHARG,INE842D01029
BIH,Bihar Sponge Iron Ltd,BIHSPONG,stock,/stocks/bihar-sponge-iron-BIH,INE819C01011
BAJAJ,Bajaj Steel Industries Ltd,BAJAJST,stock,/stocks/bajaj-steel-industries-BAJAJ,INE704G01024
BENA,Benares Hotels Ltd,BENARAS,stock,/stocks/benares-hotels-BENA,INE664D01019
BNAL,B & A Ltd,BNALTD,stock,/stocks/b-and-a-BNAL,INE489D01011
BOMO,Bombay Oxygen Investments Ltd,BOMOXY-B1,stock,/stocks/bombay-oxygen-investments-BOMO,INE01TL01014
BGW,Bhagwati Autocast Ltd,BGWTATO,stock,/stocks/bhagwati-autocast-BGW,INE106G01014
BAT,Batliboi Ltd,BATLIBOI,stock,/stocks/batliboi-BAT,INE177C01022
BIM,Bimetal Bearings Ltd,BIMETAL,stock,/stocks/bimetal-bearings-BIM,INE469A01019
BAROD,Baroda Rayon Corporation Ltd,BARODARY,stock,/stocks/baroda-rayon-corporation-BAROD,INE461A01024
BHAGW,Bhagawati Oxygen Ltd,BHAGWOX,stock,/stocks/bhagawati-oxygen-BHAGW,INE026I01010
BTM,Bodhi Tree Multimedia Ltd,BTML,stock,/stocks/bodhi-tree-multimedia-BTM,INE0EEJ01023
BIRE,Brookfield India Real Estate Trust,BIRET,stock,/stocks/brookfield-india-real-estate-trust-BIRE,INE0FDU25010
BME,Bombay Metrics Supply Chain Ltd,BMETRICS,stock,/stocks/bombay-metrics-supply-chain-BME,INE0I3Y01014
BBE,BHARAT Bond ETF-April 2032,BBETF0432,etf,/etfs/bharat-bond-etf---april-2032-BBE,INF754K01OB1
BEW,BEW Engineering Ltd,BEWLTD,stock,/stocks/bew-engineering-BEW,INE0HQI01014
AIR,Bharti Airtel Ltd,AIRTELPP,stock,/stocks/bharti-airtel-partly-paidup-AIR,IN9397D01014
BRR,B-Right RealEstate Ltd,BRRL,stock,/stocks/b-right-realestate-BRR,INE0IZQ01016
BCCL,Bhatia Colour Chem Ltd,BCCL,stock,/stocks/bhatia-colour-chem-BCCL,INE0KQ001017
BIK,Bikaji Foods International Ltd,BIKAJI,stock,/stocks/bikaji-foods-international-BIK,INE00E101023
BLAL,BEML Land Assets Ltd,BLAL,stock,/stocks/beml-land-assets-BLAL,INE0N7W01012
EBB,BHARAT Bond ETF - April 2033,EBBETF0433,etf,/etfs/bharat-bond-etf---april-2033-EBB,INF754K01QX0
BAH,Baheti Recycling Industries Ltd,BAHETI,stock,/stocks/baheti-recycling-industries-BAH,INE029Q01017
BOND,Bondada Engineering Ltd,BONDADA,stock,/stocks/bondada-engineering-BOND,INE0Q8P01029
BRIGT,Bright Outdoor Media Ltd,BRIGHT,stock,/stocks/bright-outdoor-media-BRIGT,INE0OMI01019
BIZ,Bizotic Commercial Ltd,BIZOTIC,stock,/stocks/bizotic-commercial-BIZ,INE0OJ401014
BASI,Basilic Fly Studio Ltd,BASILIC,stock,/stocks/basilic-fly-studio-BASI,INE0OCC01013
LIQUB,Bajaj Finserv Nifty 1D Rate Liquid ETF - Growth,LIQUIDBETF,etf,/etfs/bajaj-finserv-nifty-1d-rate-liquid-etf-LIQUB,INF0QA701854
BABAF,Baba Food Processing (India) Ltd,BABAFP,stock,/stocks/baba-food-processing-india-BABAF,INE0QW501012
BOR,Borosil Scientific Ltd,BOROSCI,stock,/stocks/borosil-scientific-BOR,INE02L001032
BLUEJ,Blue Jet Healthcare Ltd,BLUEJET,stock,/stocks/blue-jet-healthcare-BLUEJ,INE0KBH01020
BANKB,Bajaj Finserv Nifty Bank ETF,BANKBETF,etf,/etfs/bajaj-finserv-nifty-bank-etf-BANKB,INF0QA701714
BAJEL,Bajel Projects Ltd,BAJEL,stock,/stocks/bajel-projects-BAJEL,INE0KQN01018
BRIS,Brisk Technovision Ltd,BRISK,stock,/stocks/brisk-technovision-BRIS,INE0Q6L01014
BAW,Baweja Studios Ltd,BAWEJA,stock,/stocks/baweja-studios-BAW,INE0JFJ01011
BENC,Benchmark Computer Solutions Ltd,BENCHMARK,stock,/stocks/benchmark-computer-solutions-BENC,INE0Q2Z01013
BLSE,BLS E-Services Ltd,BLSE,stock,/stocks/bls-e-services-BLSE,INE0NLT01010
BHARI,Bharti Hexacom Ltd,BHARTIHEXA,stock,/stocks/bharti-hexacom-BHARI,INE343G01021
BBN,Baroda BNP Paribas Gold ETF,BBNPPGOLD,etf,/etfs/baroda-bnp-paribas-gold-etf-BBN,INF251K01SU9
BLUEP,Blue Pebble Ltd,BLUEPEBBLE,stock,/stocks/blue-pebble-BLUEP,INE0SAK01011
BEA,Beacon Trusteeship Ltd,BEACON,stock,/stocks/beacon-trusteeship-BEA,INE639X01027
NIFT,Bajaj Finserv Nifty 50 ETF,NIFTYBETF,etf,/etfs/bajaj-finserv-nifty-50-etf-NIFT,INF0QA701722
BBNP,Baroda BNP Paribas Nifty Bank ETF,BBNPNBETF,etf,/etfs/baroda-bnp-paribas-nifty-bank-etf-BBNP,INF251K01TL6
FIRS,Brainbees Solutions Ltd,FIRSTCRY,stock,/stocks/brainbees-solutions-FIRS,INE02RE01045
BUL,Bulkcorp International Ltd,BULKCORP,stock,/stocks/bulkcorp-international-BUL,INE0SZ301012
BANSA,Bansal Wire Industries Ltd,BANSALWIRE,stock,/stocks/bansal-wire-industries-BANSA,INE0B9K01025
BAJAH,Bajaj Housing Finance Ltd,BAJAJHFL,stock,/stocks/bajaj-housing-finance-BAJAH,INE377Y01014
BROA,Broach Lifecare Hospital Ltd,BROACH,stock,/stocks/broach-lifecare-hospital-BROA,INE0SFZ01018
BRAC,Brace Port Logistics Ltd,BRACEPORT,stock,/stocks/brace-port-logistics-BRAC,INE0R4Z01018
STYL,Baazar Style Retail Ltd,STYLEBAAZA,stock,/stocks/baazar-style-retail-STYL,INE01FR01028
BLACK,Blackbuck Ltd,BLACKBUCK,stock,/stocks/zinka-logistics-solutions-BLACK,INE0UIZ01018
BIKE,Bikewo Green Tech Ltd,BIKEWO,stock,/stocks/bikewo-green-tech-BIKE,INE0SQH01013
BRG,B.R.Goyal Infrastructure Ltd,BRGIL,stock,/stocks/brgoyal-infrastructure-BRG,INE00ST01011
BOSS,Boss Packaging Solutions Ltd,BOSS,stock,/stocks/boss-packaging-solutions-BOSS,INE0QNI01012
BARFL,Barflex Polyfilms Ltd,BARFLEX,stock,/stocks/barflex-polyfilms-BARFL,INE0QX401014
BEEZ,Beezaasan Explotech Ltd,BEEZAASAN,stock,/stocks/beezaasan-explotech-BEEZ,INE13VU01016
BALAJ,Balaji Phosphates Ltd,BALAJIPHOS,stock,/stocks/balaji-phosphates-BALAJ,INE0PQ601019
BORA,Borana Weaves Ltd,BORANA,stock,/stocks/borana-weaves-BORA,INE16SF01016
BELR,Belrise Industries Ltd,BELRISE,stock,/stocks/belrise-industries-BELR,INE894V01022
BLUEW,Blue Water Logistics Ltd,BLUEWATER,stock,/stocks/blue-water-logistics-BLUEW,INE0X3M01010
BLUSP,Bluspring Enterprises Ltd,BLUSPRING,stock,/stocks/bluspring-enterprises-BLUSP,INE0U4101014
BRIGO,Brigade Hotel Ventures Ltd,BRIGHOTEL,stock,/stocks/brigade-hotel-ventures-BRIGO,INE03NU01014
BDI,B D Industries (Pune) Ltd,BDI,stock,/stocks/b-d-industries-pune-BDI,INE1LJ801017
BHAD,Bhadora Industries Ltd,BHADORA,stock,/stocks/bhadora-industries-BHAD,INE0ZRC01017
BLT,BLT Logistics Ltd,BLT,stock,/stocks/blt-logistics-BLT,INE0W4K01013
BLUES,Bluestone Jewellery and Lifestyle Ltd,BLUESTONE,stock,/stocks/bluestone-jewellery-and-lifestyle-BLUES,INE304W01038
BHARR,BharatRohan Airborne Innovations Ltd,BHARATROHAN,stock,/stocks/bharatrohan-airborne-innovations-BHARR,INE0QMV01017
BMWV,BMW Ventures Ltd,BMWVENTLTD,stock,/stocks/bmw-ventures-BMWV,INE965W01036
BHAV,Bhavik Enterprises Ltd,BHAVIK,stock,/stocks/bhavik-enterprises-BHAV,INE18PB01017
BAG,B A G Convergence Ltd,BAGDIGITAL,stock,/stocks/bag-convergence-BAG,INE17CQ01015
GROWO,Billionbrains Garage Ventures Ltd,GROWW,stock,/stocks/billionbrains-garage-ventures-GROWO,INE0HOQ01053
GOLDB,Bandhan Gold ETF,GOLDBND,etf,/etfs/bandhan-gold-etf-GOLDB,INF194KB1KJ7
SILVB,Bandhan Silver ETF,SILVERBND,etf,/etfs/bandhan-silver-etf-SILVB,INF194KB1KI9
BAI,Bai-Kakaji Polymers Ltd,BAIKAKAJI,stock,/stocks/bai-kakaji-polymers-BAI,INE1IJQ01026
CARP,CP Capital Ltd,CPCAP,stock,/stocks/career-point-CARP,INE521J01018
CREI,CARE Ratings Ltd,CARERATING,stock,/stocks/care-ratings-CREI,INE752H01013
CRIL,Cantabil Retail India Ltd,CANTABIL,stock,/stocks/cantabil-retail-india-CRIL,INE068L01024
CENA,Central Depository Services (India) Ltd,CDSL,stock,/stocks/central-depository-services-india-CENA,INE736A01011
CADS,Cadsys (India) Ltd,CADSYS,stock,/stocks/cadsys--india--CADS,INE090Y01013
CNBK,Canara Bank Ltd,CANBK,stock,/stocks/canara-bank-CNBK,INE476A01022
CNFH,Can Fin Homes Ltd,CANFINHOME,stock,/stocks/can-fin-homes-CNFH,INE477A01020
CBI,Central Bank of India Ltd,CENTRALBK,stock,/stocks/central-bank-of-india-CBI,INE483A01010
CHPC,Chennai Petroleum Corporation Ltd,CHENNPETRO,stock,/stocks/chennai-petroleum-corporation-CHPC,INE178A01016
CINE,Cinevista Ltd,CINEVISTA,stock,/stocks/cinevista-CINE,INE039B01026
CRDE,CreditAccess Grameen Ltd,CREDITACC,stock,/stocks/creditaccess-grameen-CRDE,INE741K01010
CYBM,Cyber Media (India) Ltd,CYBERMEDIA,stock,/stocks/cyber-media-india-CYBM,INE278G01037
CAPL,Caplin Point Laboratories Ltd,CAPLIPOINT,stock,/stocks/caplin-point-laboratories-CAPL,INE475E01026
CAST,Castrol India Ltd,CASTROLIND,stock,/stocks/castrol-india-CAST,INE172A01027
CONF,Confidence Petroleum India Ltd,CONFIPET,stock,/stocks/confidence-petroleum-india-CONF,INE552D01024
GOMS,CPSE ETF,CPSEETF,etf,/etfs/cpse-etf-GOMS,INF457M01133
CRBR,Carborundum Universal Ltd,CARBORUNIV,stock,/stocks/carborundum-universal-CRBR,INE120A01034
CEAT,CEAT Ltd,CEATLTD,stock,/stocks/ceat-CEAT,INE482A01020
COFO,Coforge Ltd,COFORGE,stock,/stocks/coforge-COFO,INE591G01025
CORF,Coromandel International Ltd,COROMANDEL,stock,/stocks/coromandel-international-CORF,INE169A01031
CSBB,CSB Bank Ltd,CSBBANK,stock,/stocks/csb-bank-CSBB,INE679A01013
CAMF,Camlin Fine Sciences Ltd,CAMLINFINE,stock,/stocks/camlin-fine-sciences-CAMF,INE052I01032
COUN,Country Club Hospitality & Holidays Ltd,CCHHL,stock,/stocks/country-club-hospitality-and-holidays-COUN,INE652F01027
CARU,CL Educate Ltd,CLEDUCATE,stock,/stocks/cl-educate-CARU,INE201M01029
COCH,Cochin Shipyard Ltd,COCHINSHIP,stock,/stocks/cochin-shipyard-COCH,INE704P01025
CCON,Consolidated Construction Consortium Ltd,CCCL,stock,/stocks/consolidated-construction-consortium-CCON,INE429I01024
CRSV,Crest Ventures Ltd,CREST,stock,/stocks/crest-ventures-CRSV,INE559D01011
CYIE,Cyient Ltd,CYIENT,stock,/stocks/cyient-CYIE,INE136B01020
CNTP,Century Plyboards (India) Ltd,CENTURYPLY,stock,/stocks/century-plyboards-india-CNTP,INE348B01021
CEIT,Cerebra Integrated Technologies Ltd,CEREBRAINT,stock,/stocks/cerebra-integrated-technologies-CEIT,INE345B01019
CORI,Coral India Finance and Housing Ltd,CORALFINAC,stock,/stocks/coral-india-finance-and-housing-CORI,INE558D01021
CAPE,Capacite Infraprojects Ltd,CAPACITE,stock,/stocks/capacite-infraprojects-CAPE,INE264T01014
CNTX,Century Extrusions Ltd,CENTEXT,stock,/stocks/century-extrusions-CNTX,INE281A01026
CCLP,CCL Products (India) Ltd,CCL,stock,/stocks/ccl-products-india-CCLP,INE421D01022
COLG,Colgate-Palmolive (India) Ltd,COLPAL,stock,/stocks/colgate-palmolive-india-COLG,INE259A01022
COMI,Compuage Infocom Ltd,COMPINFO,stock,/stocks/compuage-infocom-COMI,INE070C01037
CAPG,Capri Global Capital Ltd,CGCL,stock,/stocks/capri-global-capital-CAPG,INE180C01042
CMI,CMI Ltd,CMICABLES,stock,/stocks/cmi-CMI,INE981B01011
CMPU,Compucom Software Ltd,COMPUSOFT,stock,/stocks/compucom-software-CMPU,INE453B01029
CONP,Control Print Ltd,CONTROLPR,stock,/stocks/control-print-CONP,INE663B01015
CUMM,Cummins India Ltd,CUMMINSIND,stock,/stocks/cummins-india-CUMM,INE298A01020
CENT,Centum Electronics Ltd,CENTUM,stock,/stocks/centum-electronics-CENT,INE320B01020
CGPO,CG Power and Industrial Solutions Ltd,CGPOWER,stock,/stocks/cg-power-and-industrial-solutions-CGPO,INE067A01029
CCIL,Cords Cable Industries Ltd,CORDSCABLE,stock,/stocks/cords-cable-industries-CCIL,INE792I01017
CURA,CURA Technologies Ltd,CURAA,stock,/stocks/cura-technologies-CURA,INE117B01020
CHLA,Cholamandalam Investment and Finance Company Ltd,CHOLAFIN,stock,/stocks/cholamandalam-investment-and-finance-company-CHLA,INE121A01024
COCO,Country Condo's Ltd,COUNCODOS,stock,/stocks/country-condos-COCO,INE695B01025
CROP,Crompton Greaves Consumer Electricals Ltd,CROMPTON,stock,/stocks/crompton-greaves-consumer-electricals-CROP,INE299U01018
CESC,CESC Ltd,CESC,stock,/stocks/cesc-CESC,INE486A01021
CHMF,Chemfab Alkalis Ltd,CHEMFAB,stock,/stocks/chemfab-alkalis-CHMF,INE783X01023
CIIN,Cineline India Ltd,CINELINE,stock,/stocks/cineline-india-CIIN,INE704H01022
CREA,Creative Newtech Ltd,CNL,stock,/stocks/creative-peripherals-and-distribution-CREA,INE985W01018
CROW,Crown Lifters Ltd,CROWN,stock,/stocks/crown-lifters-CROW,INE491V01019
CATE,Cambridge Technology Enterprises Ltd,CTE,stock,/stocks/cambridge-technology-enterprises-CATE,INE627H01017
CERA,Cera Sanitaryware Ltd,CERA,stock,/stocks/cera-sanitaryware-CERA,INE739E01017
CHMB,Chambal Fertilisers and Chemicals Ltd,CHAMBLFERT,stock,/stocks/chambal-fertilisers-and-chemicals-CHMB,INE085A01013
COAL,Coal India Ltd,COALINDIA,stock,/stocks/coal-india-COAL,INE522F01014
CCRI,Container Corporation of India Ltd,CONCOR,stock,/stocks/container-corporation-of-india-CCRI,INE111A01025
CEYE,Creative Eye Ltd,CREATIVEYE,stock,/stocks/creative-eye-CEYE,INE230B01021
CTSS,Cybertech Systems and Software Ltd,CYBERTECH,stock,/stocks/cybertech-systems-and-software-CTSS,INE214A01019
CNTE,Century Enka Ltd,CENTENKA,stock,/stocks/century-enka-CNTE,INE485A01015
CHEM,Chembond Material Technologies Ltd,CHEMBOND,stock,/stocks/chembond-chemicals-CHEM,INE995D01025
CHOL,Cholamandalam Financial Holdings Ltd,CHOLAHLDNG,stock,/stocks/cholamandalam-financial-holdings-CHOL,INE149A01033
CODE,Coffee Day Enterprises Ltd,COFFEEDAY,stock,/stocks/coffee-day-enterprises-CODE,INE335K01011
COTN,Continental Seeds and Chemicals Ltd,CONTI,stock,/stocks/continental-seeds-and-chemicals-COTN,INE340Z01019
CRSL,CRISIL Ltd,CRISIL,stock,/stocks/crisil-CRSL,INE007A01025
CTBK,City Union Bank Ltd,CUB,stock,/stocks/city-union-bank-CTBK,INE491A01021
CAPT,Capital Trust Ltd,CAPTRUST,stock,/stocks/capital-trust-CAPT,INE707C01018
CALI,California Software Company Ltd,CALSOFT,stock,/stocks/california-software-company-CALI,INE526B01014
CELF,Celebrity Fashions Ltd,CELEBRITY,stock,/stocks/celebrity-fashions-CELF,INE185H01016
CHAL,Chalet Hotels Ltd,CHALET,stock,/stocks/chalet-hotels-CHAL,INE427F01016
CENC,Centrum Capital Ltd,CENTRUM,stock,/stocks/centrum-capital-CENC,INE660C01027
CIGN,Cigniti Technologies Ltd,CIGNITITEC,stock,/stocks/cigniti-technologies-CIGN,INE675C01017
CONS,Consolidated Finvest & Holdings Ltd,CONSOFINVT,stock,/stocks/consolidated-finvest-and-holdings-CONS,INE025A01027
CIPL,Cipla Ltd,CIPLA,stock,/stocks/cipla-CIPL,INE059A01026
CSFL,Cosmo First Ltd,COSMOFIRST,stock,/stocks/cosmo-films-CSFL,INE757A01017
CRAS,Cranes Software International Ltd,CRANESSOFT,stock,/stocks/cranes-software-international-CRAS,INE234B01023
CUBE,Cubex Tubings Ltd,CUBEXTUB,stock,/stocks/cubex-tubings-CUBE,INE144D01012
CUCO,Cupid Ltd,CUPID,stock,/stocks/cupid-CUCO,INE509F01029
ITCM,Cemindia Projects Ltd,CEMPRO,stock,/stocks/itd-cementation-india-ITCM,INE686A01026
MAHN,CIE Automotive India Ltd,CIEINDIA,stock,/stocks/mahindra-cie-automotive-MAHN,INE536H01010
SUVH,Cohance Lifesciences Ltd,COHANCE,stock,/stocks/suven-pharmaceuticals-SUVH,INE03QK01018
CHE,Chemcrux Enterprises Ltd,CHEMCRUX,stock,/stocks/chemcrux-enterprises-CHE,INE298W01016
CHC,Cian Healthcare Ltd,CHCL,stock,/stocks/cian-healthcare-CHC,INE05BN01019
CPM,City Pulse Multiventures Ltd,CPML,stock,/stocks/city-pulse-multiplex-CPM,INE056001014
CHO,Chothani Foods Ltd,CHOTHANI,stock,/stocks/chothani-foods-CHO,INE344X01016
COS,Cospower Engineering Ltd,COSPOWER,stock,/stocks/cospower-engineering-COS,INE0CQB01010
CBP,Chandra Bhagat Pharma Ltd,CBPL,stock,/stocks/chandra-bhagat-pharma-CBP,INE07QQ01016
CHA,Chandni Machines Ltd,CHANDNIMACH,stock,/stocks/chandni-machines-CHA,INE01GZ01011
CHD,CHD Chemicals Ltd,CHDCHEM,stock,/stocks/chd-chemicals-CHD,INE043U01010
CFE,Confidence Futuristic Energetech Ltd,CFEL,stock,/stocks/confidence-futuristic-energetech-CFE,INE700F01024
CTC,Captain Technocast Ltd,CTCL,stock,/stocks/captain-technocast-CTC,INE931X01010
CIT,Consecutive Investments & Trading Co Ltd,CITL,stock,/stocks/consecutive-investments-and-trading-co-CIT,INE187R01029
JSG,Colab Platforms Ltd,COLAB,stock,/stocks/jsg-leasing-JSG,INE317W01030
CAP,CAPTAIN PIPES Ltd,CAPPIPES,stock,/stocks/captain-pipes-CAP,INE513R01026
CHP,Callista Industries Ltd,CHPLIND,stock,/stocks/callista-industries-CHP,INE714Q01014
CEI,Ceinsys Tech Ltd,CEINSYSTECH,stock,/stocks/ceinsys-tech-CEI,INE016Q01014
CHEMT,Chemtech Industrial Valves Ltd,CHEMTECH,stock,/stocks/chemtech-industrial-valves-CHEMT,INE212P01011
CHAN,Chandrima Mercantiles Ltd,CHANDRIMA,stock,/stocks/chandrima-mercantiles-CHAN,INE371F01024
COV,Covidh Technologies Ltd,COVIDH,stock,/stocks/covidh-technologies-COV,INE899M01020
CRA,Crane Infrastructure Ltd,CRANEINFRA,stock,/stocks/crane-infrastructure-CRA,INE176L01017
CPL,Captain Polyplast Ltd,CPL,stock,/stocks/captain-polyplast-CPL,INE536P01021
COL,Colorchips New Media Ltd,COLORCHIPS,stock,/stocks/colorchips-new-media-COL,INE621I01042
COMS,Commercial Syn Bags Ltd,COMSYN,stock,/stocks/commercial-syn-bags-COMS,INE073V01015
COM,Comfort Commotrade Ltd,COMCL,stock,/stocks/comfort-commotrade-COM,INE456N01019
COMF,Comfort Fincap Ltd,COMFINCAP,stock,/stocks/comfort-fincap-COMF,INE274M01026
CDG,CDG Petchem Ltd,CDG,stock,/stocks/cdg-petchem-CDG,INE198N01017
CHEN,Chennai Ferrous Industries Ltd,CHENFERRO,stock,/stocks/chennai-ferrous-industries-CHEN,INE777O01016
CTL,Capital Trade Links Ltd,CTL,stock,/stocks/capital-trade-links-CTL,INE172D01021
QUANT,Cemantic Infra-Tech Ltd,CEMAINFRA,stock,/stocks/quantum-build-tech-QUANT,INE222B01028
COSY,COSYN Ltd,COSYN,stock,/stocks/cosyn-COSY,INE029B01019
CHAD,Chadha Papers Ltd,CHADPAP,stock,/stocks/chadha-papers-CHAD,INE669W01018
CRE,Creative Castings Ltd,CREATIVE,stock,/stocks/creative-castings-CRE,INE146E01015
CITYO,City Online Services Ltd,CITYONLINE,stock,/stocks/city-online-services-CITYO,INE158C01014
CHL,Chartered Logistics Ltd,CHLOGIST,stock,/stocks/chartered-logistics-CHL,INE558F01026
CIS,Cistro Telelink Ltd,CISTRO,stock,/stocks/cistro-telelink-CIS,INE365C01023
CONT,Continental Controls Ltd,CONTICON,stock,/stocks/continental-controls-CONT,INE545B01022
CFL,Classic Filaments Ltd,CFL,stock,/stocks/classic-filament-CFL,INE181U01018
CSU,Centenial Surgical Suture Ltd,CSURGSU,stock,/stocks/centenial-surgical-suture-CSU,INE405H01018
CONC,Concord Drugs Ltd,CONCORD,stock,/stocks/concord-drugs-CONC,INE858L01010
CEL,Cella Space Ltd,CELLA,stock,/stocks/cella-space-CEL,INE266H01014
CCL,CCL International Ltd,CCLINTER,stock,/stocks/ccl-international-CCL,INE778E01031
CHLL,CHL Ltd,CHLLTD,stock,/stocks/chl-CHLL,INE790D01020
COMFI,Comfort Intech Ltd,COMFINTE,stock,/stocks/comfort-intech-COMFI,INE819A01049
CMB,Corporate Merchant Bankers Ltd,CMBL,stock,/stocks/corporate-merchant-bankers-CMB,INE850R01014
CSL,Continental Securities Ltd,CSL,stock,/stocks/continental-securities-CSL,INE183Q01020
COR,Coromandel Agro Products and Oils Ltd,CORAGRO,stock,/stocks/coromandel-agro-products-and-oils-COR,INE495D01018
CYBEL,Cybele Industries Ltd,CYBELEIND,stock,/stocks/cybele-industries-CYBEL,INE183D01010
CHOI,Choice International Ltd,CHOICEIN,stock,/stocks/choice-international-CHOI,INE102B01014
CITI,Citi Port Financial Services Ltd,CITIPOR,stock,/stocks/citiport-financial-services-CITI,INE494D01011
CAPF,Capfin India Ltd,CAPFIN,stock,/stocks/capfin-india-CAPF,INE960C01013
CUP,Cupid Breweries and Distilleries Ltd,CUPIDTR,stock,/stocks/cupid-trades-and-finance-CUP,INE108G01010
CGV,CG VAK Software and Exports Ltd,CGVAK,stock,/stocks/cg-vak-software-and-exports-CGV,INE084D01010
COAR,Coastal Roadways Ltd,COARO,stock,/stocks/coastal-roadways-COAR,INE229E01019
SAD,Crystal Business System Ltd,CRYSTAL,stock,/stocks/sadhna-broadcast-SAD,INE994R01028
CEE,Ceenik Exports (India) Ltd,CEENIK,stock,/stocks/ceenik-exports-india-CEE,INE418D01010
CHEMI,Chemiesynth (Vapi) Ltd,CHEMIESYNT,stock,/stocks/chemiesynth-vapi-CHEMI,INE829R01018
SWAG,Croissance Ltd,CROISSANCE,stock,/stocks/swagruha-infrastructure-SWAG,INE587J01027
CIL,Citizen Infoline Ltd,CIL,stock,/stocks/citizen-infoline-CIL,INE473L01018
CIN,Cindrella Financial Services Ltd,CINDRELL,stock,/stocks/cindrella-financial-services-CIN,INE897D01015
CAPR,Capricorn Systems Global Solutions Ltd,CAPRICORN,stock,/stocks/capricorn-systems-global-solutions-CAPR,INE968E01012
RAY,Cresanto Global Ltd,CRESANTO,stock,/stocks/raymed-labs-RAY,INE741C01017
CHAR,Charms Industries Ltd,CHARMS,stock,/stocks/charms-industries-CHAR,INE442C01012
COLI,Colinz Laboratories Ltd,COLINZ,stock,/stocks/colinz-laboratories-COLI,INE923C01011
CITYM,Cityman Ltd,CITYMAN,stock,/stocks/cityman-CITYM,INE117C01010
CATV,Catvision Ltd,CATVISION,stock,/stocks/catvision-CATV,INE660B01011
CIA,Cian Agro Industries & Infrastructure Ltd,CIANAGRO,stock,/stocks/cian-agro-industries-and-infrastructure-CIA,INE052V01019
CRES,Cressanda Railway Solutions Ltd,CRSL,stock,/stocks/cressanda-solutions-CRES,INE716D01033
COA,Coastal Corporation Ltd,COASTCORP,stock,/stocks/coastal-corporation-COA,INE377E01024
CORN,Coral Newsprints Ltd,CORNE,stock,/stocks/coral-newsprints-CORN,INE715D01019
CONA,Conart Engineers Ltd,CONART,stock,/stocks/conart-engineers-CONA,INE714D01020
CHOKS,Choksi Laboratories Ltd,CHOKSILA,stock,/stocks/choksi-laboratories-CHOKS,INE493D01013
CONTI,Contil India Ltd,CONTILI,stock,/stocks/contil-india-CONTI,INE080G01029
ORA,Credent Global Finance Ltd,CGFL,stock,/stocks/oracle-credit-ORA,INE727C01024
CHOK,Choksi Asia Ltd,CHOKSI,stock,/stocks/choksi-imaging-CHOK,INE865B01016
CENL,Cenlub Industries Ltd,CENLUB,stock,/stocks/cenlub-industries-CENL,INE627F01011
RUBR,Checkpoint Trends Ltd,CHECKPOINT,stock,/stocks/rubra-medicaments-RUBR,INE396H01019
CORO,Coromandel Engineering Company Ltd,COROENGG,stock,/stocks/coromandel-engineering-company-CORO,INE312J01012
COMP,Competent Automobiles Company Ltd,COMPEAU,stock,/stocks/competent-automobiles-COMP,INE823B01015
CIF,Capital India Finance Ltd,CIFL,stock,/stocks/capital-india-finance-CIF,INE345H01024
INDOA,Challani Capital Ltd,CHALLANI,stock,/stocks/indo-asia-finance-INDOA,INE807A01010
CLI,Clio Infotech Ltd,CLIOINFO,stock,/stocks/clio-infotech-CLI,INE011B01017
CAR,Carnation Industries Ltd,CARNATIN,stock,/stocks/carnation-industries-CAR,INE081B01028
CILS,CIL Securities Ltd,CILSEC,stock,/stocks/cil-securities-CILS,INE830A01012
CEEJ,Ceejay Finance Ltd,CEEJAY,stock,/stocks/ceejay-finance-CEEJ,INE358C01010
CORA,Coral Laboratories Ltd,CORALAB,stock,/stocks/coral-laboratories-CORA,INE683E01017
COSC,COSCO (India) Ltd,COSCO,stock,/stocks/cosco-india-COSC,INE949B01018
CSLF,CSL Finance Ltd,CSLFINANCE,stock,/stocks/csl-finance-CSLF,INE718F01018
CRI,Crimson Metal Engineering Company Ltd,CRIMSON,stock,/stocks/crimson-metal-engineering-company-CRI,INE318P01016
CHAMA,Chaman Lal Setia Exports Ltd,CLSEL,stock,/stocks/chamanlal-setia-exports-CHAMA,INE419D01026
CAME,Camex Ltd,CAMEXLTD,stock,/stocks/camex-CAME,INE198C01010
CRS,Crestchem Ltd,CRSTCHM,stock,/stocks/crestchem-CRS,INE293N01016
CUB,Cubical Financial Services Ltd,CUBIFIN,stock,/stocks/cubical-financial-services-CUB,INE717D01023
CHAND,Chandra Prabhu International Ltd,CHANDRAP,stock,/stocks/chandra-prabhu-international-CHAND,INE368D01025
CAPRO,Caprolactam Chemicals Ltd,CAPRO,stock,/stocks/caprolactam-chemicals-CAPRO,INE470N01010
CIND,Cindrella Hotels Ltd,CINDHO,stock,/stocks/cindrella-hotels-CIND,INE908C01012
PARTI,Craftroot Retail Ltd,NIRBHAYIND,stock,/stocks/parth-industries-PARTI,INE218T01010
CHEV,Cheviot Co Ltd,CHEVIOT,stock,/stocks/cheviot-company-CHEV,INE974B01016
SIEL,CMX Holdings Ltd,SIELFNS,stock,/stocks/siel-financial-services-SIEL,INE027F01014
CHR,Chartered Capital and Investment Ltd,CHRTEDCA,stock,/stocks/chartered-capital-and-investment-CHR,INE953B01010
CHANN,Candour Techtex Ltd,CANDOUR,stock,/stocks/chandni-textiles-engineering-industries-CHANN,INE713D01055
CONST,Constronics Infra Ltd,CONSTRONIC,stock,/stocks/invicta-meditek-CONST,INE537B01011
CMM,Chennai Meenakshi Multispeciality Hospital Ltd,CMMHOSP,stock,/stocks/chennai-meenakshi-multispeciality-hospital-CMM,INE889F01017
CHOR,Chordia Food Products Ltd,CHORDIA,stock,/stocks/chordia-food-products-CHOR,INE975C01011
GRC,Clenon Enterprises Ltd,CLENON,stock,/stocks/g-r-cables-GRC,INE769B01028
COC,Cochin Minerals and Rutile Ltd,COCHINM,stock,/stocks/cochin-minerals-and-rutile-COC,INE105D01013
CHM,Chambal Breweries and Distilleries Ltd,CHMBBRW,stock,/stocks/chambal-breweries-and-distilleries-CHM,INE417N01011
CEET,Ceeta Industries Ltd,CEETAIN,stock,/stocks/ceeta-industries-CEET,INE760J01012
CLF,Classic Leasing & Finance Ltd,CLFL,stock,/stocks/classic-leasing-and-finance-CLF,INE949C01016
CALC,Calcom Vision Ltd,CALCOM,stock,/stocks/calcom-vision-CALC,INE216C01010
CRAN,Cranex Ltd,CRANEX,stock,/stocks/cranex-CRAN,INE608B01010
CONTC,Continental Chemicals Ltd,CONTCHM,stock,/stocks/continental-chemicals-CONTC,INE423K01015
CRAV,Cravatex Ltd,CRAVATEX,stock,/stocks/cravatex-CRAV,INE145E01017
CLA,Classic Electricals Ltd,CLASELE,stock,/stocks/classic-electricals-CLA,INE02BR01017
CJG,C J Gelatine Products Ltd,CJGEL,stock,/stocks/c-j-gelatine-products-CJG,INE557D01015
ACR,Carysil Ltd,CARYSIL,stock,/stocks/acrysil-ACR,INE482D01024
COSM,Cosmo Ferrites Ltd,COSMOFE,stock,/stocks/cosmo-ferrites-COSM,INE124B01018
CHAS,Chase Bright Steel Ltd,CHASBRT,stock,/stocks/chase-bright-steel-CHAS,INE839Q01019
CONTP,Continental Petroleums Ltd,CONTPTR,stock,/stocks/continental-petroleums-CONTP,INE369D01023
ZPP,Cropster Agro Ltd,CROPSTER,stock,/stocks/planters-polysack-ZPP,INE293E01031
COCHM,Cochin Malabar Estates and Industries Ltd,COCHMAL,stock,/stocks/cochin-malabar-estates-and-industries-COCHM,INE788M01017
CHOW,Chowgule Steamships Ltd,CHOWGULSTM,stock,/stocks/chowgule-steamships-CHOW,INE490A01015
CAMC,Computer Age Management Services Ltd,CAMS,stock,/stocks/computer-age-management-services-CAMC,INE596I01020
CAPRI,Caprihans India Ltd,CAPRIHANS,stock,/stocks/caprihans-india-CAPRI,INE479A01018
VBC,Chrome Silicon Ltd,CHROME,stock,/stocks/vbc-ferro-alloys-VBC,INE114E01013
CHEMC,Chemcon Speciality Chemicals Ltd,CHEMCON,stock,/stocks/chemcon-speciality-chemicals-CHEMC,INE03YM01018
CITA,Citadel Realty and Developers Ltd,CITADEL,stock,/stocks/citadel-realty-and-developers-CITA,INE906D01014
COMPU,Computer Point Ltd,COMPUPN,stock,/stocks/computer-point-COMPU,INE607B01012
CRAF,Craftsman Automation Ltd,CRAFTSMAN,stock,/stocks/craftsman-automation-CRAF,INE00LO01017
CLE,Clean Science and Technology Ltd,CLEAN,stock,/stocks/clean-science-and-technology-CLE,INE227W01023
CHEMP,Chemplast Sanmar Ltd,CHEMPLASTS,stock,/stocks/chemplast-sanmar-CHEMP,INE488A01050
MAPM,CE Info Systems Ltd,MAPMYINDIA,stock,/stocks/ce-info-systems-MAPM,INE0BV301023
CWD,CWD Limited,CWD,stock,/stocks/cwd-CWD,INE0H8H01019
CART,Cartrade Tech Ltd,CARTRADE,stock,/stocks/cartrade-tech-CART,INE290S01011
CLAR,Clara Industries Ltd,CLARA,stock,/stocks/clara-industries-CLAR,INE0JJS01014
CMS,CMS Info Systems Ltd,CMSINFO,stock,/stocks/cms-info-systems-CMS,INE925R01014
CONTN,Containe Technologies Ltd,CONTAINE,stock,/stocks/containe-technologies-CONTN,INE0M8901010
CARG,Cargotrans Maritime Ltd,CARGOTRANS,stock,/stocks/cargotrans-maritime-CARG,INE0M4L01013
CMR,Cyber Media Research & Services Ltd,CMRSL,stock,/stocks/cyber-media-research-and-services-CMR,INE075Z01011
CNC,Concord Control Systems Ltd,CNCRD,stock,/stocks/concord-control-systems-CNC,INE0N0J01014
COO,Cool Caps Industries Ltd,COOLCAPS,stock,/stocks/cool-caps-industries-COO,INE0HS001028
CRAY,Crayons Advertising Ltd,CRAYONS,stock,/stocks/crayons-advertising-CRAY,INE0OFK01019
CAMP,Campus Activewear Ltd,CAMPUS,stock,/stocks/campus-activewear-CAMP,INE278Y01022
CARGO,Cargosol Logistics Ltd,CARGOSOL,stock,/stocks/cargosol-logistics-CARGO,INE0KZM01011
COMMA,Command Polymers Ltd,COMMAND,stock,/stocks/command-polymers-COMMA,INE0LKQ01012
CFF,CFF Fluid Control Ltd,CFF,stock,/stocks/cff-fluid-control-CFF,INE0NJ001013
CMN,Chaman Metallics Ltd,CMNL,stock,/stocks/chaman-metallics-CMN,INE06PV01010
COMR,Comrade Appliances Ltd,COMRADE,stock,/stocks/comrade-appliances-COMR,INE0NXA01015
CYI,Cyient DLM Ltd,CYIENTDLM,stock,/stocks/cyient-dlm-CYI,INE055S01018
CLS,Crop Life Science Ltd,CLSL,stock,/stocks/crop-life-science-CLS,INE00NH01017
CUBEI,Cube Highways Trust,CUBEINVIT,stock,/stocks/cube-highways-trust-CUBEI,INE0NR623014
COSMI,Cosmic CRF Ltd,COSMICCRF,stock,/stocks/cosmic-crf-COSMI,INE0ORA01015
CELL,Cell Point (India) Ltd,CELLPOINT,stock,/stocks/cell-point-india-CELL,INE0O0001013
CONCO,Concord Biotech Ltd,CONCORDBIO,stock,/stocks/concord-biotech-CONCO,INE338H01029
CPS,C P S Shapers Ltd,CPS,stock,/stocks/c-p-s-shapers-CPS,INE0QBU01012
CELLO,Cello World Ltd,CELLO,stock,/stocks/cello-world-CELLO,INE0LMW01024
CAPI,Capital Small Finance Bank Ltd,CAPITALSFB,stock,/stocks/capital-small-finance-bank-CAPI,INE646H01017
CGR,Creative Graphics Solutions India Ltd,CGRAPHICS,stock,/stocks/creative-graphics-solutions-india-CGR,INE0R7401011
CELLE,Cellecor Gadgets Ltd,CELLECOR,stock,/stocks/cellecor-gadgets-CELLE,INE0OMO01025
COMMI,Committed Cargo Care Ltd,COMMITTED,stock,/stocks/committed-cargo-care-COMMI,INE597Z01014
CANA,Canarys Automations Ltd,CANARYS,stock,/stocks/canarys-automations-CANA,INE0QG301017
CHAV,Chavda Infra Ltd,CHAVDA,stock,/stocks/chavda-infra-CHAV,INE0PT101017
CCA,City Crops Agro Ltd,CCAL,stock,/stocks/city-crops-agro-CCA,INE0M7501019
CHAT,Chatha Foods Ltd,CHATHA,stock,/stocks/chatha-foods-CHAT,INE0AH901011
MUF,Credo Brands Marketing Ltd,MUFTI,stock,/stocks/credo-brands-marketing-MUF,INE220Q01020
CTLL,Clinitech Laboratory Ltd,CTLLAB,stock,/stocks/clinitech-laboratory-CTLL,INE0QMR01015
CHET,Chetana Education Ltd,CHETANA,stock,/stocks/chetana-education-CHET,INE0U1T01012
CEIG,Ceigall India Ltd,CEIGALL,stock,/stocks/ceigall-india-CEIG,INE0AG901020
CC,C2C Advanced Systems Ltd,C2C,stock,/stocks/c2c-advanced-systems-CC,INE0U7V01015
CAPIN,Capital Infra Trust,CAPINVIT,stock,/stocks/capital-infra-trust-CAPIN,INE0Z8Z23013
CEW,Concord Enviro Systems Ltd,CEWATER,stock,/stocks/concord-enviro-systems-CEW,INE037Z01029
CITIC,CitiChem India Ltd,CITICHEM,stock,/stocks/citichem-india-CITIC,INE0A8401016
CARR,Carraro India Ltd,CARRARO,stock,/stocks/carraro-india-CARR,INE0V7W01012
CNIN,Capitalnumbers Infotech Ltd,CNINFOTECH,stock,/stocks/capitalnumbers-infotech-CNIN,INE0WXM01011
CLN,CLN Energy Ltd,CLN,stock,/stocks/cln-energy-CLN,INE0WDX01010
CHAMU,Chamunda Electrical Ltd,CHAMUNDA,stock,/stocks/chamunda-electrical-CHAMU,INE11HG01018
CHANA,Chandan Healthcare Ltd,CHANDAN,stock,/stocks/chandan-healthcare-CHANA,INE0B2N01016
COVA,Covance Softsol Ltd,COVANCE,stock,/stocks/covance-softsol-COVA,INE0R8101016
CALS,California Software Company Ltd Partly Paidup,CALSOFTPP,stock,/stocks/california-software-company-partly-paidup-CALS,IN9526B01012
CED,Cedaar Textile Ltd,CEDAAR,stock,/stocks/cedaar-textile-CED,INE11J101017
CRIZ,Crizac Ltd,CRIZAC,stock,/stocks/crizac-CRIZ,INE0S4R01014
CRY,Cryogenic OGS Ltd,CRYOGENIC,stock,/stocks/cryogenic-ogs-CRY,INE0TL001013
CHEMK,Chemkart India Ltd,CHEMKART,stock,/stocks/chemkart-india-CHEMK,INE0VWL01017
CHEMB,Chembond Chemicals Ltd,CHEMBONDCH,stock,/stocks/chembond-chemicals-CHEMB,INE0TGX01019
CUD,CASHurDRIVE Marketing Ltd,CUDML,stock,/stocks/cash-ur-drive-marketing-CUD,INE0WL201014
CONN,Connplex Cinemas Ltd,CONNPLEX,stock,/stocks/connplex-cinemas-CONN,INE0EAS01014
CLAS,Classic Electrodes (India) Ltd,CLASSICEIL,stock,/stocks/classic-electrodes-india-CLAS,INE0UQ601012
CUR,Current Infraprojects Ltd,CURRENT,stock,/stocks/current-infraprojects-CUR,INE1CRQ01014
CPE,Career Point Edutech Ltd,CPEDU,stock,/stocks/career-point-edutech-CPE,INE0P6P01016
CYBER,Cyber Media (India) Ltd Partly Paidup,CYBERPP,stock,/stocks/cyber-media-india-partly-paidup-CYBER,IN9278G01019
CHT,Chatterbox Technologies Ltd,CHTR,stock,/stocks/chatterbox-technologies-CHT,INE1B4801017
CHIR,Chiraharit Ltd,CHIRAHARIT,stock,/stocks/chiraharit-CHIR,INE12P101018
CRAM,Canara Robeco Asset Management Company Ltd,CRAMC,stock,/stocks/canara-robeco-asset-management-company-CRAM,INE218I01013
CANH,Canara HSBC Life Insurance Company Ltd,CANHLIFE,stock,/stocks/canara-hsbc-life-insurance-company-CANH,INE01TY01017
CHOIC,Choice Gold ETF,CHOICEGOLD,etf,/etfs/choice-gold-etf-CHOIC,INF2KCX01012
CURI,Curis Lifesciences Ltd,CURIS,stock,/stocks/curis-lifesciences-CURI,INE1BZN01016
CAPIL,Capillary Technologies India Ltd,CAPILLARY,stock,/stocks/capillary-technologies-india-CAPIL,INE0ILV01024
CSS,Clear Secured Services Ltd,CSSL,stock,/stocks/clear-secured-services-CSS,INE1EF801010
CORON,Corona Remedies Ltd,CORONA,stock,/stocks/corona-remedies-CORON,INE02ZQ01018
DCMN,DCM Nouvelle Ltd,DCMNVL,stock,/stocks/dcm-nouvelle-DCMN,INE08KP01019
DCMS,DCM Shriram Ltd,DCMSHRIRAM,stock,/stocks/dcm-shriram-DCMS,INE499A01024
DSKL,D S Kulkarni Developers Ltd,DSKULKARNI,stock,/stocks/d-s-kulkarni-developers-DSKL,INE891A01022
DHUN,Dhunseri Ventures Ltd,DVL,stock,/stocks/dhunseri-ventures-DHUN,INE477B01010
DYPR,Dynemic Products Ltd,DYNPRO,stock,/stocks/dynemic-products-DYPR,INE256H01015
DAMS,Dhampur Sugar Mills Ltd,DHAMPURSUG,stock,/stocks/dhampur-sugar-mills-DAMS,INE041A01016
DIGS,Digispice Technologies Ltd,DIGISPICE,stock,/stocks/digispice-technologies-DIGS,INE927C01020
DRDG,Dredging Corporation of India Ltd,DREDGECORP,stock,/stocks/dredging-corporation-of-india-DRDG,INE506A01018
DCFS,DCM Financial Services Ltd,DCMFINSERV,stock,/stocks/dcm-financial-services-DCFS,INE891B01012
DYNM,Dynamatic Technologies Ltd,DYNAMATECH,stock,/stocks/dynamatic-technologies-DYNM,INE221B01012
DEVN,DEV Information Technology Ltd,DEVIT,stock,/stocks/dev-information-technology-DEVN,INE060X01034
DICI,DIC India Ltd,DICIND,stock,/stocks/dic-india-DICI,INE303A01010
DSTV,Dish TV India Ltd,DISHTV,stock,/stocks/dish-tv-india-DSTV,INE836F01026
DIVI,Divi's Laboratories Ltd,DIVISLAB,stock,/stocks/divis-laboratories-DIVI,INE361B01024
DIXO,Dixon Technologies (India) Ltd,DIXON,stock,/stocks/dixon-technologies-india-DIXO,INE935N01020
DHAU,Dhanuka Infra Realty Ltd,DIRL,stock,/stocks/dhanuka-realty-DHAU,INE704V01015
EBIW,Delphi World Money Ltd,DELPHIFX,stock,/stocks/ebixcash-world-money-india-EBIW,INE726L01019
DAMD,Damodar Industries Ltd,DAMODARIND,stock,/stocks/damodar-industries-DAMD,INE497D01022
DLTA,Delta Manufacturing Ltd,DELTAMAGNT,stock,/stocks/delta-manufacturing-DLTA,INE393A01011
DLIL,D Link (India) Limited,DLINKINDIA,stock,/stocks/d-link-india-DLIL,INE250K01012
DCBA,DCB Bank Ltd,DCBBANK,stock,/stocks/dcb-bank-DCBA,INE503A01015
DIGC,Digicontent Ltd,DGCONTENT,stock,/stocks/digicontent-DIGC,INE03JI01017
DRSD,DRS Dilip Roadlines Ltd,DRSDILIP,stock,/stocks/drs-dilip-roadlines-DRSD,INE02CV01017
DHUT,Dhunseri Tea & Industries Ltd,DTIL,stock,/stocks/dhunseri-tea-and-industries-DHUT,INE341R01014
DABU,Dabur India Ltd,DABUR,stock,/stocks/dabur-india-DABU,INE016A01026
DBCL,DB Corp Ltd,DBCORP,stock,/stocks/db-corp-DBCL,INE950I01011
DILG,Diligent Media Corporation Ltd,DNAMEDIA,stock,/stocks/diligent-media-corporation-DILG,INE016M01021
REDY,Dr Reddy's Laboratories Ltd,DRREDDY,stock,/stocks/drreddys-laboratories-REDY,INE089A01031
DLMI,Dalmia Bharat Sugar and Industries Ltd,DALMIASUG,stock,/stocks/dalmia-bharat-sugar-and-industries-DLMI,INE495A01022
DCIN,DC Infotech and Communication Ltd,DCI,stock,/stocks/dc-infotech-and-communication-DCIN,INE0A1101019
DPFE,Deepak Fertilisers and Petrochemicals Corp Ltd,DEEPAKFERT,stock,/stocks/deepak-fertilisers-and-petrochemicals-corp-DPFE,INE501A01019
DOLP,Dolphin Offshore Enterprises (India) Ltd,DOLPHIN,stock,/stocks/dolphin-offshore-enterprises-india-DOLP,INE920A01037
DANG,Dangee Dums Ltd,DANGEE,stock,/stocks/dangee-dums-DANG,INE688Y01022
DSHM,Dishman Carbogen Amcis Ltd,DCAL,stock,/stocks/dishman-carbogen-amcis-DSHM,INE385W01011
DENO,De Nora India Ltd,DENORA,stock,/stocks/de-nora-india-DENO,INE244A01016
DPAB,D P Abhushan Ltd,DPABHUSHAN,stock,/stocks/d-p-abhushan-DPAB,INE266Y01019
DBSB,DB (International) Stock Brokers Ltd,DBSTOCKBRO,stock,/stocks/db-international-stock-brokers-DBSB,INE921B01025
DENN,DEN Networks Ltd,DEN,stock,/stocks/den-networks-DENN,INE947J01015
DHUS,Dhunseri Investments Ltd,DHUNINV,stock,/stocks/dhunseri-investments-DHUS,INE320L01011
DPWI,D P Wires Ltd,DPWIRES,stock,/stocks/d-p-wires-DPWI,INE864X01013
DUCO,Ducon Infratechnologies Ltd,DUCON,stock,/stocks/ducon-infratechnologies-DUCO,INE741L01018
DNBK,Dhanlaxmi Bank Ltd,DHANBANK,stock,/stocks/dhanlaxmi-bank-DNBK,INE680A01011
DIAC,Diamond Power Infrastructure Ltd,DIACABS,stock,/stocks/diamond-power-infrastructure-DIAC,INE989C01038
DOLA,Dolat Algotech Ltd,DOLATALGO,stock,/stocks/dolat-investments-DOLA,INE966A01022
DLF,DLF Ltd,DLF,stock,/stocks/dlf-DLF,INE271C01023
DSSL,Dynacons Systems and Solutions Ltd,DSSL,stock,/stocks/dynacons-systems-and-solutions-DSSL,INE417B01040
DLCM,DSJ Keep Learning Ltd,KEEPLEARN,stock,/stocks/dsj-communications-DLCM,INE055C01020
DATC,Datamatics Global Services Ltd,DATAMATICS,stock,/stocks/datamatics-global-services-DATC,INE365B01017
DIBL,Dilip Buildcon Ltd,DBL,stock,/stocks/dilip-buildcon-DIBL,INE917M01012
DELT,Delta Corp Ltd,DELTACORP,stock,/stocks/delta-corp-DELT,INE124G01033
DIGJ,DIGJAM Ltd,DIGJAMLMTD,stock,/stocks/digjam-DIGJ,INE731U01028
DLLA,Dollar Industries Ltd,DOLLAR,stock,/stocks/dollar-industries-DLLA,INE325C01035
DEBO,Debock Industries Ltd,DIL,stock,/stocks/debock-sales-and-marketing-DEBO,INE411Y01011
DALB,Dalmia Bharat Ltd,DALBHARAT,stock,/stocks/dalmia-bharat-DALB,INE00R701025
DHNP,Dhanuka Agritech Ltd,DHANUKA,stock,/stocks/dhanuka-agritech-DHNP,INE435G01025
DCML,Dcm Ltd,DCM,stock,/stocks/dcm-DCML,INE498A01018
DCWL,DCW Ltd,DCW,stock,/stocks/dcw-DCWL,INE500A01029
DWAR,Dwarikesh Sugar Industries Ltd,DWARKESH,stock,/stocks/dwarikesh-sugar-industries-DWAR,INE366A01041
DCNC,Deccan Cements Ltd,DECCANCE,stock,/stocks/deccan-cements-DCNC,INE583C01021
DPNT,Deepak Nitrite Ltd,DEEPAKNTR,stock,/stocks/deepak-nitrite-DPNT,INE288B01029
DONE,Donear Industries Ltd,DONEAR,stock,/stocks/donear-industries-DONE,INE668D01028
DSPL,DSP NIFTY 1D Rate Liquid ETF,LIQUIDETF,etf,/etfs/dsp-blackrock-liquid-etf-DSPL,INF740KA1EU7
KARD,Dharan Infra-EPC Ltd,DHARAN,stock,/stocks/karda-constructions-KARD,INE278R01034
DLPA,Dr. Lal PathLabs Ltd,LALPATHLAB,stock,/stocks/dr-lal-pathlabs-DLPA,INE600L01024
DOL,Dolfin Rubbers Ltd,DOLFIN,stock,/stocks/dolfin-rubbers-DOL,INE666Y01010
DJM,DJ Mediaprint & Logistics Ltd,DJML,stock,/stocks/dj-mediaprint-and-logistics-DJM,INE0B1K01014
DEE,Deep Polymers Ltd,DEEP,stock,/stocks/deep-polymers-DEE,INE00IY01012
DAN,Danube Industries Ltd,DANUBE,stock,/stocks/danube-industries-DAN,INE575D01041
DHR,Dhruv Consultancy Services Ltd,DHRUV,stock,/stocks/dhruv-consultancy-services-DHR,INE506Z01015
DGL,Diksha Greens Ltd,DGL,stock,/stocks/diksha-greens-DGL,INE01GR01018
DLC,Dr Lalchandani Labs Ltd,DLCL,stock,/stocks/dr-lalchandani-labs-DLC,INE871Z01013
DIK,Diksat Transworld Ltd,DIKSAT,stock,/stocks/diksat-transworld-DIK,INE942P01013
DML,Diggi Multitrade Ltd,DML,stock,/stocks/diggi-multitrade-DML,INE158R01012
NAR,Dhatre Udyog Ltd,DHATRE,stock,/stocks/narayani-steels-NAR,INE715T01031
DAR,Darshan Orna Ltd,DARSHANORNA,stock,/stocks/darshan-orna-DAR,INE671T01028
DID,Dalmia Industrial Development Ltd,DIDL,stock,/stocks/dalmia-industrial-development-DID,INE642P01019
DIT,Decorous Investment and Trading Co Ltd,DITCO,stock,/stocks/decorous-investment-and-trading-co-DIT,INE183R01010
DHAB,Dhabriya Polywood Ltd,DHABRIYA,stock,/stocks/dhabriya-polywood-DHAB,INE260R01016
DRA,DRA Consultants Ltd,DRA,stock,/stocks/dra-consultants-DRA,INE746V01016
DEK,Dekson Castings Ltd,DEKSON,stock,/stocks/dekson-castings-DEK,INE465Q01013
DARJ,Darjeeling Ropeway Co Ltd,DARJEELING,stock,/stocks/darjeeling-ropeway-company-DARJ,INE830S01014
DYN,Dynamic Cables Ltd,DYCL,stock,/stocks/dynamic-cables-DYN,INE600Y01019
DFL,Decillion Finance Ltd,DFL,stock,/stocks/decillion-finance-DFL,INE848N01017
DELTA,Delta Industrial Resources Ltd,DELTA,stock,/stocks/delta-industrial-resources-DELTA,INE681Q01015
DEC,Deccan Health Care Ltd,DECCAN,stock,/stocks/deccan-health-care-DEC,INE452W01019
DAL,Dynamic Archistructures Ltd,DAL,stock,/stocks/dynamic-archistructures-DAL,INE874E01012
DEN,Denis Chem Lab Ltd,DENISCHEM,stock,/stocks/denis-chem-lab-DEN,INE051G01012
DHAMP,Dhampure Speciality Sugars Ltd,DHAMPURE,stock,/stocks/dhampure-speciality-sugars-DHAMP,INE956B01013
DDI,Deep Diamond India Ltd,DDIL,stock,/stocks/deep-diamond-india-DDI,INE005G01026
DUK,Duke Offshore Ltd,DUKEOFS,stock,/stocks/duke-offshore-DUK,INE397G01019
DANL,Danlaw Technologies India Ltd,DANLAW,stock,/stocks/danlaw-technologies-india-DANL,INE310B01013
DEVI,Devine Impex Ltd,DEVINE,stock,/stocks/devine-impex-DEVI,INE455C01014
DRL,Disha Resources Ltd,DRL,stock,/stocks/disha-resources-DRL,INE193D01019
DECN,Deccan Gold Mines Ltd,DECNGOLD,stock,/stocks/deccan-gold-mines-DECN,INE945F01025
DES,Desh Rakshak Aushdhalaya Ltd,DESHRAK,stock,/stocks/desh-rakshak-aushdhalaya-DES,INE971E01016
DHI,D & H India Ltd,DHINDIA,stock,/stocks/d-and-h-india-DHI,INE589D01018
DHRU,Dhruva Capital Services Ltd,DHRUVCA,stock,/stocks/dhruva-capital-services-DHRU,INE972E01014
DECI,Decipher Labs Ltd,DECIPHER,stock,/stocks/decipher-labs-DECI,INE643N01012
DJS,DJS Stock and Shares Ltd,DJSSS,stock,/stocks/djs-stock-and-shares-DJS,INE234E01027
DIAM,Diamant Infrastructure Ltd,DIAMANT,stock,/stocks/diamant-infrastructure-DIAM,INE206I01026
DHANR,Dhanalaxmi Roto Spinners Ltd,DHANROTO,stock,/stocks/dhanalaxmi-roto-spinners-DHANR,INE220C01012
DIL,Diligent Industries Ltd,DILIGENT,stock,/stocks/diligent-industries-DIL,INE650C01036
DECO,DECO MICA Ltd,DECOMIC,stock,/stocks/deco-mica-DECO,INE907E01010
DHP,DHP India Ltd,DHPIND,stock,/stocks/dhp-india-DHP,INE590D01016
DED,Dhanashree Electronics Ltd,DEL,stock,/stocks/dhanashree-electronics-DED,INE413F01016
DUT,Dutron Polymers Ltd,DUTRON,stock,/stocks/dutron-polymers-DUT,INE940C01015
DIAN,Diana Tea Co Ltd,DIANATEA,stock,/stocks/diana-tea-company-DIAN,INE012E01035
DOLPH,Dolphin Medical Services Ltd,DOLPHMED,stock,/stocks/dolphin-medical-services-DOLPH,INE796B01013
ZDH,Dhanvantri Jeevan Rekha Ltd,ZDHJERK,stock,/stocks/dhanvantri-jeevan-rekha-ZDH,INE239F01015
DAT,Datiware Maritime Infra Ltd,DATIWARE,stock,/stocks/datiware-maritime-infra-DAT,INE673U01014
DHANF,Dhanlaxmi Fabrics Ltd,DHANFAB,stock,/stocks/dhanlaxmi-fabrics-DHANF,INE953D01016
DYNA,Dynamic Portfolio Management & Services Ltd,DYNAMICP,stock,/stocks/dynamic-portfolio-management-and-services-DYNA,INE118C01018
DHAR,Dharani Finance Ltd,DHARFIN,stock,/stocks/dharani-finance-DHAR,INE899D01011
DAI,Daikaffil Chemicals India Ltd,DAIKAFFI,stock,/stocks/daikaffil-chemicals-india-DAI,INE789B01018
DAU,Daulat Securities Ltd,DAULAT,stock,/stocks/daulat-securities-DAU,INE108C01019
DIVS,Divyashakti Ltd,DIVSHKT,stock,/stocks/divyashakti-granites-DIVS,INE410G01010
DHO,Dhoot Industrial Finance Ltd,DHOOTIN,stock,/stocks/dhoot-industrial-finance-DHO,INE313G01016
DUR,Duropack Ltd,DUROPACK,stock,/stocks/duropack-DUR,INE138B01018
DECP,Deccan Polypacks Ltd,DECPO,stock,/stocks/deccan-polypacks-DECP,INE132E01015
DRAG,Dr Agarwal's Eye Hospital Ltd,DRAGARWQ,stock,/stocks/dr-agarwals-eye-hospital-DRAG,INE934C01018
DYNAM,Dynamic Industries Ltd,DYNAMIND,stock,/stocks/dynamic-industries-DYNAM,INE457C01010
DAIC,Dai Ichi Karkaria Ltd,DAICHI,stock,/stocks/dai-ichi-karkaria-DAIC,INE928C01010
DHE,Dhenu Buildcon Infra Ltd,DHENUBUILD,stock,/stocks/dhenu-buildcon-infra-DHE,INE758D01027
DECA,Deccan Bearings Ltd,DECANBRG,stock,/stocks/deccan-bearings-DECA,INE498D01012
DSI,Dalal Street Investments Ltd,DSINVEST,stock,/stocks/dalal-street-investments-DSI,INE422D01012
DCM,Dcm Shriram Industries Ltd,DCMSRIND,stock,/stocks/dcm-shriram-industries-DCM,INE843D01027
DHANC,Dhanlaxmi Cotex Ltd,DHANCOT,stock,/stocks/dhanlaxmi-cotex-DHANC,INE977F01010
DUN,Duncan Engineering Ltd,DUNCANENG,stock,/stocks/duncan-engineering-DUN,INE340F01011
DEVIT,Devinsu Trading Ltd,DEVITRD,stock,/stocks/devinsu-trading-DEVIT,INE07LH01016
DYNAV,Dynavision Ltd,DYNAVSN,stock,/stocks/dynavision-DYNAV,INE083E01010
LUH,DhanSafal Finserve Ltd,DHANSAFAL,stock,/stocks/luharuka-media-and-infra-LUH,INE195E01020
DEEP,Deepak Spinners Ltd,DEEPAKSP,stock,/stocks/deepak-spinners-DEEP,INE272C01013
GEO,DISA India Ltd,DISAQ,stock,/stocks/disa-india-GEO,INE131C01011
DURO,Duroply Industries Ltd,DUROPLY,stock,/stocks/duroply-industries-DURO,INE932D01010
DLT,Delton Cables Ltd,DLTNCBL,stock,/stocks/delton-cables-DLT,INE872E01016
DIAMI,Diamines and Chemicals Ltd,DIAMINESQ,stock,/stocks/diamines-and-chemicals-DIAMI,INE591D01014
DHARA,DMCC Speciality Chemicals Ltd,DMCC,stock,/stocks/dharamsi-morarji-chemicals-co-DHARA,INE505A01010
DEEPI,Deep Industries Ltd,DEEPINDS,stock,/stocks/deep-industries-DEEPI,INE0FHS01024
DRC,DRC Systems India Ltd,DRCSYSTEMS,stock,/stocks/drc-systems-india-DRC,INE03RS01027
DOD,Dodla Dairy Ltd,DODLA,stock,/stocks/dodla-dairy-DOD,INE021O01019
DAV,Davangere Sugar Company Ltd,DAVANGERE,stock,/stocks/davangere-sugar-company-DAV,INE179G01029
DUD,DU Digital Global Ltd,DUGLOBAL,stock,/stocks/du-digital-technologies-DUD,INE0HPK01020
DEVY,Devyani International Ltd,DEVYANI,stock,/stocks/devyani-international-DEVY,INE872J01023
DYNAI,Dynamic Services & Security Ltd,DYNAMIC,stock,/stocks/dynamic-services-and-security-DYNAI,INE0DZ701010
DSP,DSP Nifty 50 Equal Weight ETF,EQUAL50ADD,etf,/etfs/dsp-nifty-50-equal-weight-etf-DSP,INF740KA1QK2
DEST,Destiny Logistics & Infra Ltd,DESTINY,stock,/stocks/destiny-logistics-and-infra-DEST,INE0IGO01011
DMR,DMR Engineering Ltd,DMR,stock,/stocks/dmr-hydroengineering-and-infrastructures-DMR,INE07L501010
DKE,DK Enterprises Global Ltd,DKEGL,stock,/stocks/dk-enterprises-global-DKE,INE0GN101014
DSPN,DSP Nifty 50 ETF,NIFTYADD,etf,/etfs/dsp-nifty-50-etf-DSPN,INF740KA1CL0
DATAP,Data Patterns (India) Ltd,DATAPATTNS,stock,/stocks/data-patterns-india-DATAP,INE0IX101010
DSPQ,DSP Nifty Midcap 150 Quality 50 ETF,MIDQ50ADD,etf,/etfs/dsp-nifty-midcap-150-quality-50-etf-DSPQ,INF740KA1QL0
DHYA,Dhyaani Tradeventtures Ltd,DHYAANITR,stock,/stocks/dhyaani-tile-and-marblez-DHYA,INE0K5F01014
DAP,DAPS Advertising Ltd,DAPS,stock,/stocks/daps-advertising-DAP,INE975Z01012
DSPS,DSP Silver ETF,SILVERADD,etf,/etfs/dsp-silver-etf-DSPS,INF740KA1RE3
DHARM,Dharmaj Crop Guard Ltd,DHARMAJ,stock,/stocks/dharmaj-crop-guard-DHARM,INE00OQ01016
DRE,Dreamfolks Services Ltd,DREAMFOLKS,stock,/stocks/dreamfolks-services-DRE,INE0JS101016
DHARN,Dharni Capital Services Ltd,DHARNI,stock,/stocks/dharni-capital-services-DHARN,INE0M9Q01011
DIVG,Divgi TorqTransfer Systems Ltd,DIVGIITTS,stock,/stocks/divgi-torqtransfer-systems-DIVG,INE753U01022
DIG,Digital Fibre Infrastructure Trust,DIGIFIBRE,stock,/stocks/digital-fibre-infrastructure-trust-DIG,INE0CDI23017
DDE,Ddev Plastiks Industries Ltd,DDEVPLSTIK,stock,/stocks/ddev-plastiks-industries-DDE,INE0HR601026
DBO,Dhampur Bio Organics Ltd,DBOL,stock,/stocks/dhampur-bio-organics-DBO,INE0I3401014
DOLL,Dollex Agrotech Ltd,DOLLEX,stock,/stocks/dollex-agrotech-DOLL,INE0JHH01011
DSPI,DSP Nifty IT ETF,ITADD,etf,/etfs/dsp-nifty-it-etf-DSPI,INF740KA1SX1
DPL,Dipna Pharmachem Ltd,DPL,stock,/stocks/dipna-pharmachem-DPL,INE0MC401013
DCX,DCX Systems Ltd,DCXINDIA,stock,/stocks/dcx-systems-DCX,INE0KL801015
DELH,Delhivery Ltd,DELHIVERY,stock,/stocks/delhivery-DELH,INE148O01028
DRO,Droneacharya Aerial Innovations Ltd,DRONACHRYA,stock,/stocks/droneacharya-aerial-innovations-DRO,INE0MQD01015
DSPB,DSP Nifty Bank ETF,BANKADD,etf,/etfs/dsp-nifty-bank-etf-DSPB,INF740KA1RX3
DRON,Drone Destination Ltd,DRONE,stock,/stocks/drone-destination-DRON,INE0P7201019
DUC,Ducol Organics & Colours Ltd,DUCOL,stock,/stocks/ducol-organics-and-colours-DUC,INE0LZO01015
DEVL,Dev Labtech Venture Ltd,DEVLAB,stock,/stocks/dev-labtech-venture-DEVL,INE0NIJ01017
DSPG,DSP Gold ETF,GOLDADD,etf,/etfs/dsp-gold-etf-DSPG,INF740KA1SW3
DSPPV,DSP Nifty Private Bank ETF,PVTBANKADD,etf,/etfs/dsp-nifty-bank-etf-DSPPV,INF740KA1TA7
DSPSE,DSP BSE Sensex ETF,SENSEXADD,etf,/etfs/dsp-sandp-bse-sensex-etf-DSPSE,INF740KA1SZ6
DENE,De Neers Tools Ltd,DENEERS,stock,/stocks/de-neers-tools-DENE,INE0JWV01011
DSPP,DSP Nifty PSU Bank ETF,PSUBANKADD,etf,/etfs/dsp-nifty-psu-bank-etf-DSPP,INF740KA1SY9
HEALA,DSP Nifty Healthcare ETF,HEALTHADD,etf,/etfs/dsp-nifty-healthcare-etf-HEALA,INF740KA1UF4
DEEPA,Deepak Chemtex Ltd,DEEPAKCHEM,stock,/stocks/deepak-chemtex-DEEPA,INE0RDM01013
DHT,DocMode Health Technologies Ltd,DHTL,stock,/stocks/docmode-health-technologies-DHT,INE0OGG01015
LIQUD,DSP BSE Liquid Rate ETF,LIQUIDADD,etf,/etfs/dsp-sandp-bse-liquid-rate-etf-LIQUD,INF740KA1UM0
DOM,Doms Industries Ltd,DOMS,stock,/stocks/doms-industries-DOM,INE321T01012
DEEM,Deem Roll Tech Ltd,DEEM,stock,/stocks/deem-roll-tech-DEEM,INE586O01011
DRS,DRS Cargo Movers Ltd,DRSCARGO,stock,/stocks/drs-cargo-movers-DRS,INE0QZM01018
SSI,Dolphin Kitchen Utensils and Appliances Ltd,DKUAL,stock,/stocks/sai-swami-metals-and-alloys-SSI,INE0QXT01018
DIGI,Digikore Studios Ltd,DIGIKORE,stock,/stocks/digikore-studios-DIGI,INE0QJ901011
DELA,delaPlex Ltd,DELAPLEX,stock,/stocks/delaplex-DELA,INE0SK801018
DIGID,Digidrive Distributors Ltd,DIGIDRIVE,stock,/stocks/digidrive-distributors-DIGID,INE0PSC01024
DCG,DCG Cables & Wires Ltd,DCG,stock,/stocks/dcg-cables-and-wires-DCG,INE0S8401018
DURL,Durlax Top Surface Ltd,DURLAX,stock,/stocks/durlax-top-surface-DURL,INE0OUW01013
DEED,DEE Development Engineers Ltd,DEEDEV,stock,/stocks/dee-development-engineers-DEED,INE841L01016
DHARI,Dhariwalcorp Ltd,DHARIWAL,stock,/stocks/dhariwalcorp-DHARI,INE0YRN01017
DTL,Diensten Tech Ltd,DTL,stock,/stocks/diensten-tech-DTL,INE0JRD01019
DFP,Dindigul Farm Product Ltd,DFPL,stock,/stocks/dindigul-farm-product-DFP,INE0S6R01027
DPE,Divine Power Energy Ltd,DPEL,stock,/stocks/divine-power-energy-DPE,INE0SCO01019
TOPA,DSP Nifty Top 10 Equal Weight ETF,TOP10ADD,etf,/etfs/dsp-nifty-top-10-equal-weight-etf-TOPA,INF740KA1UR9
DHANA,Dhanlaxmi Crop Science Ltd,DHANLAXMI,stock,/stocks/dhanlaxmi-crop-science-DHANA,INE0V9V01010
DAM,DAM Capital Advisors Ltd,DAMCAPITAL,stock,/stocks/dam-capital-advisors-DAM,INE284H01025
DECC,Deccan Transcon Leasing Ltd,DECCANTRAN,stock,/stocks/deccan-transcon-leasing-DECC,INE0S7C01019
DELTI,Delta Autocorp Ltd,DELTIC,stock,/stocks/delta-autocorp-DELTI,INE0XRN01019
DBE,Deepak Builders & Engineers India Ltd,DBEIL,stock,/stocks/deepak-builders-and-engineers-india-DBE,INE0OPA01019
DANI,Danish Power Ltd,DANISH,stock,/stocks/danish-power-DANI,INE0YU901016
DIVYA,Divyadhan Recycling Industries Ltd,DIVYADHAN,stock,/stocks/divyadhan-recycling-industries-DIVYA,INE0QYI01019
DIF,Diffusion Engineers Ltd,DIFFNKG,stock,/stocks/diffusion-engineers-DIF,INE184O01015
DAVI,Davin Sons Retail LTd,DAVIN,stock,/stocks/davin-sons-retail-DAVI,INE0Q2L01013
DENTA,Denta Water and Infra Solutions Ltd,DENTA,stock,/stocks/denta-water-and-infra-solutions-DENTA,INE0R4L01018
AGARW,Dr. Agarwal's Health Care Ltd,AGARWALEYE,stock,/stocks/dr-agarwals-health-care-AGARW,INE943P01029
NEXT,DSP BSE Sensex Next 30 ETF,NEXT30ADD,etf,/etfs/dsp-bse-sensex-next-30-etf-NEXT,INF740KA1VE5
DIVIN,Divine Hira Jewellers Ltd,DIVINEHIRA,stock,/stocks/divine-hira-jewellers-DIVIN,INE0NA501011
DESC,Desco Infratech Ltd,DESCO,stock,/stocks/desco-infratech-DESC,INE0TGG01014
DCC,Dar Credit & Capital Ltd,DCCL,stock,/stocks/dar-credit-and-capital-DCC,INE04Q901010
DIGIT,Digitide Solutions Ltd,DIGITIDE,stock,/stocks/digitide-solutions-DIGIT,INE0U4701011
DEVX,Dev Accelerator Ltd,DEVX,stock,/stocks/dev-accelerator-DEVX,INE0VOV01021
DHIL,Dhillon Freight Carrier Ltd,DHILLON,stock,/stocks/dhillon-freight-carrier-DHIL,INE0SPJ01011
DSM,DSM Fresh Foods Ltd,ZAPPFRESH,stock,/stocks/dsm-fresh-foods-DSM,INE0SUM01015
FLEX,DSP Nifty500 Flexicap Quality 30 ETF,FLEXIADD,etf,/etfs/dsp-nifty500-flexicap-quality-30-etf-FLEX,INF740KA1WU9
MSCIA,DSP MSCI India ETF,MSCIADD,etf,/etfs/dsp-msci-india-etf-MSCIA,INF740KA1WV7
MIDCA,DSP Nifty Midcap 150 ETF,MIDCAPADD,etf,/etfs/dsp-nifty-midcap-150-etf-MIDCA,INF740KA1WW5
SMALA,DSP Nifty Smallcap 250 ETF,SMALLADD,etf,/etfs/dsp-nifty-smallcap-250-etf-SMALA,INF740KA1WX3
DAC,Dachepalli Publishers Ltd,DACHEPALLI,stock,/stocks/dachepalli-publishers-DAC,INE1F9M01018
DHARR,Dhara Rail Projects Ltd,DHARARAIL,stock,/stocks/dhara-rail-projects-DHARR,INE2HJL01019
EGO,Edelweiss Gold ETF,EGOLD,etf,/etfs/edelweiss-gold-etf-EGO,INF754K01SE6
ESI,Edelweiss Silver ETF,ESILVER,etf,/etfs/edelweiss-silver-etf-ESI,INF754K01SF3
EMUL,Edelweiss Nifty500 Multicap Momentum Quality50 ETF,EMULTIMQ,etf,/etfs/edelweiss-nifty500-multicap-momentum-qual-50-etf-EMUL,INF754K01TF1
ECA,Edelweiss BSE Capital Markets & Insurance ETF,ECAPINSURE,etf,/etfs/edelweiss-bse-capital-markets-and-insurance-etf-ECA,INF754K01TX4
EBA,Edelweiss Nifty Bank ETF,EBANKNIFTY,etf,/etfs/edelweiss-nifty-bank-etf-EBA,INF754K01TE4
ELM,Edelweiss Nifty LargeMidcap 250 ETF,ELM250,etf,/etfs/edelweiss-nifty-largemidcap-250-etf-ELM,INF754K01VV4
ELIQ,Edelweiss Nifty 1D Rate Liquid ETF,ELIQUID,etf,/etfs/edelweiss-nifty-1d-rate-liquid-etf-ELIQ,INF754K01VW2
ENI,Edelweiss Nifty 50 ETF,ENIFTY,etf,/etfs/edelweiss-nifty-50-etf-ENI,INF754K01VX0
ESE,Edelweiss BSE Sensex ETF,ESENSEX,etf,/etfs/edelweiss-bse-sensex-etf-ESE,INF754K01VY8
EIDP,E I D-Parry (India) Ltd,EIDPARRY,stock,/stocks/eid-parry-india-EIDP,INE126A01031
ESSL,EPL Ltd,EPL,stock,/stocks/epl-ESSL,INE255A01020
EDEL,Edelweiss Financial Services Ltd,EDELWEISS,stock,/stocks/edelweiss-financial-services-EDEL,INE532F01054
ELST,Electrosteel Castings Ltd,ELECTCAST,stock,/stocks/electrosteel-castings-ELST,INE086A01029
EVRI,Everest Industries Ltd,EVERESTIND,stock,/stocks/everest-industries-EVRI,INE295A01018
EIHA,EIH Associated Hotels Ltd,EIHAHOTELS,stock,/stocks/eih-associated-hotels-EIHA,INE276C01014
EIHO,EIH Ltd,EIHOTEL,stock,/stocks/eih-EIHO,INE230A01023
ELCN,Elecon Engineering Company Ltd,ELECON,stock,/stocks/elecon-engineering-company-ELCN,INE205B01031
ELGT,ELGI Rubber Co Ltd,ELGIRUBCO,stock,/stocks/elgi-rubber-co-ELGT,INE819L01012
EMAM,Emami Ltd,EMAMILTD,stock,/stocks/emami-EMAM,INE548C01032
ENGI,Engineers India Ltd,ENGINERSIN,stock,/stocks/engineers-india-ENGI,INE510A01028
ENET,Elnet Technologies Ltd,ELNET,stock,/stocks/elnet-technologies-ENET,INE033C01019
ENDU,Endurance Technologies Ltd,ENDURANCE,stock,/stocks/endurance-technologies-cn-ENDU,INE913H01037
EURO,Eurotex Industries and Exports Ltd,EUROTEXIND,stock,/stocks/eurotex-industries-and-exports-EURO,INE022C01012
EXID,Exide Industries Ltd,EXIDEIND,stock,/stocks/exide-industries-EXID,INE302A01020
EAND,E-Land Apparel Ltd,ELAND,stock,/stocks/e-land-apparel-EAND,INE311H01018
EMMI,Emami Realty Ltd,EMAMIREAL,stock,/stocks/emami-realty-EMMI,INE778K01012
EXPL,Expleo Solutions Ltd,EXPLEOSOL,stock,/stocks/expleo-solutions-EXPL,INE201K01015
EMMB,Emmbi Industries Ltd,EMMBI,stock,/stocks/emmbi-industries-EMMB,INE753K01015
ESPL,Essar Shipping Ltd,ESSARSHPNG,stock,/stocks/essar-shipping-ESPL,INE122M01019
ERDY,Eveready Industries India Ltd,EVEREADY,stock,/stocks/eveready-industries-india-ERDY,INE128A01029
EXCE,Excel Realty N Infra Ltd,EXCEL,stock,/stocks/excel-realty-n-infra-EXCE,INE688J01023
ELTH,Electrotherm (India) Ltd,ELECTHERM,stock,/stocks/electrotherm-india-ELTH,INE822G01016
EDCO,Energy Development Company Ltd,ENERGYDEV,stock,/stocks/energy-development-company-EDCO,INE306C01019
ENIL,Entertainment Network (India) Ltd,ENIL,stock,/stocks/entertainment-network-india-ENIL,INE265F01028
EKCL,Everest Kanto Cylinder Ltd,EKC,stock,/stocks/everest-kanto-cylinder-EKCL,INE184H01027
ECLE,eClerx Services Limited,ECLERX,stock,/stocks/eclerx-services-ECLE,INE738I01010
ESAB,ESAB India Ltd,ESABINDIA,stock,/stocks/esab-india-ESAB,INE284A01012
ESIL,Eastern Silk Industries Ltd,EASTSILK,stock,/stocks/eastern-silk-industries-ESIL,INE962C01035
EICH,Eicher Motors Ltd,EICHERMOT,stock,/stocks/eicher-motors-EICH,INE066A01021
EURN,Euro India Fresh Foods Ltd,EIFFL,stock,/stocks/euro-india-fresh-foods-EURN,INE546V01010
EMKY,Emkay Taps and Cutting Tools Ltd,EMKAYTOOLS,stock,/stocks/emkay-taps-and-cutting-tools-EMKY,INE332S01011
ERIS,Eris Lifesciences Ltd,ERIS,stock,/stocks/eris-lifesciences-ERIS,INE406M01024
EDSO,Educomp Solutions Ltd,EDUCOMP,stock,/stocks/educomp-solutions-EDSO,INE216H01027
ESTR,Ester Industries Ltd,ESTER,stock,/stocks/ester-industries-ESTR,INE778B01029
EENE,E2E Networks Ltd,E2E,stock,/stocks/e2e-networks-EENE,INE255Z01019
EMBA,Embassy Office Parks REIT,EMBASSY,stock,/stocks/embassy-office-parks-reit-EMBA,INE041025011
EMKS,Emkay Global Financial Services Ltd,EMKAY,stock,/stocks/emkay-global-financial-services-EMKS,INE296H01011
ESCO,Escorts Kubota Ltd,ESCORTS,stock,/stocks/escorts-ESCO,INE042A01014
EIMC,Eimco Elecon (India) Ltd,EIMCOELECO,stock,/stocks/eimco-elecon-india-EIMC,INE158B01016
ELGE,Elgi Equipments Ltd,ELGIEQUIP,stock,/stocks/elgi-equipments-ELGE,INE285A01027
EMAP,Emami Paper Mills Ltd,EMAMIPAP,stock,/stocks/emami-paper-mills-EMAP,INE830C01026
EXCI,Excel Industries Ltd,EXCELINDUS,stock,/stocks/excel-industries-EXCI,INE369A01029
INRL,Embassy Developments Ltd,EMBDL,stock,/stocks/indiabulls-real-estate-INRL,INE069I01010
PROS,Equippp Social Impact Technologies Ltd,EQUIPPP,stock,/stocks/proseed-india-PROS,INE217G01035
EVA,Evans Electric Ltd,EVANS,stock,/stocks/evans-electric-EVA,INE06TD01010
EAS,East West Freight Carriers Ltd,EASTWEST,stock,/stocks/east-west-holdings-EAS,INE595R01023
EME,Emerald Finance Ltd,EMERALD,stock,/stocks/emerald-leasing-finance-and-investment-co-EME,INE030Q01015
NID,Eiko Lifesciences Ltd,EIKO,stock,/stocks/narendra-investments-delhi-NID,INE666Q01016
ESC,Escorp Asset Management Ltd,ESCORP,stock,/stocks/escorp-asset-management-ESC,INE953W01016
INF,Energy Infrastructure Trust,ENERGYINF,stock,/stocks/india-infrastructure-trust-INF,INE05KD23015
ELI,Elitecon International Ltd,ELITECON,stock,/stocks/elitecon-international-ELI,INE669R01026
ENC,Encash Entertainment Ltd,ENCASH,stock,/stocks/encash-entertainment-ENC,INE552Q01018
ECS,Ecs Biztech Ltd,ECS,stock,/stocks/ecs-biztech-ECS,INE925Q01024
ENK,Enkei Wheels (India) Ltd,ENKEIWHEL,stock,/stocks/enkei-wheels-india-ENK,INE130L01014
EASUN,Easun Capital Markets Ltd,EASUN,stock,/stocks/easun-capital-markets-EASUN,INE771C01014
ETI,Econo Trade (India) Ltd,ETIL,stock,/stocks/econo-trade-india-ETI,INE937K01014
ELA,Elango Industries Ltd,ELANGO,stock,/stocks/elango-industries-ELA,INE594D01018
SURI,Equilateral Enterprises Ltd,EQUILATERA,stock,/stocks/equilateral-enterprises-SURI,INE060N01019
WEL,Espire Hospitality Ltd,ESPIRE,stock,/stocks/wellesley-corporation-WEL,INE176O01011
EMP,Empower India Ltd,EMPOWER,stock,/stocks/empower-india-EMP,INE507F01023
SAGAR,Epuja Spiritech Ltd,EPUJA,stock,/stocks/sagar-productions-SAGAR,INE807D01030
ESH,Esha Media Research Ltd,ESHAMEDIA,stock,/stocks/esha-media-research-ESH,INE328F01016
ESA,Esaar (India) Ltd,ESARIND,stock,/stocks/esaar-india-ESA,INE404L01039
KLK,Edvenswa Enterprises Ltd,EDVENSWA,stock,/stocks/klk-electrical-KLK,INE125G01014
VAG,Emrock Corporation Ltd,VAGHANI,stock,/stocks/vaghani-techno-build-VAG,INE554H01021
ENB,Enbee Trade and Finance Ltd,ENBETRD,stock,/stocks/enbee-trade-and-finance-ENB,INE993I01029
NOVAP,Encode Packaging India Ltd,ENCODE,stock,/stocks/nova-publications-india-NOVAP,INE900O01014
ARYAV,Ecofinity Atomix Ltd,ARYAVAN,stock,/stocks/aryavan-enterprise-ARYAV,INE360S01012
ELE,Elegant Marbles and Grani Industries Ltd,ELEMARB,stock,/stocks/elegant-marbles-and-grani-industries-ELE,INE095B01010
ECOP,Ecoplast Ltd,ECOPLAST,stock,/stocks/ecoplast-ECOP,INE423D01010
EMME,Emmessar Biotech and Nutrition Ltd,EMMESSA,stock,/stocks/emmessar-biotech-and-nutrition-EMME,INE634B01016
EASTR,Eastern Treads Ltd,EASTRED,stock,/stocks/eastern-treads-EASTR,INE500D01015
EMER,Emerald Leisures Ltd,EMERALL,stock,/stocks/emerald-leisures-EMER,INE044N01021
EKA,Ekam Leasing and Finance Co Ltd,EKAMLEA,stock,/stocks/ekam-leasing-and-finance-co-EKA,INE906L01025
ELIX,Elixir Capital Ltd,ELIXIR,stock,/stocks/elixir-capital-ELIX,INE785D01012
PARA,Ekansh Concepts Ltd,EKANSH,stock,/stocks/paramone-concepts-PARA,INE005E01013
EASTB,East Buildtech Ltd,EASTBUILD,stock,/stocks/east-buildtech-EASTB,INE706N01017
TAV,Eforu Entertainment Ltd,TAVERNIER,stock,/stocks/tavernier-resources-TAV,INE355H01015
EXPO,Expo Engineering and Projects Ltd,EXPOEAPL,stock,/stocks/expo-gas-containers-EXPO,INE561D01025
EURE,Eureka Industries Ltd,EUREKAI,stock,/stocks/eureka-industries-EURE,INE958A01011
ENT,Enterprise International Ltd,ENTRINT,stock,/stocks/enterprise-international-ENT,INE439G01019
EXP,Explicit Finance Ltd,EXPLICITFIN,stock,/stocks/explicit-finance-EXP,INE335G01019
ECOR,Eco Recycling Ltd,ECORECO,stock,/stocks/eco-recycling-ECOR,INE316A01038
WEI,Easy Fincorp Ltd,EASYFIN,stock,/stocks/easy-fincorp-WEI,INE407F01018
EUROL,Euro-Leder Fashion Ltd,EUROLED,stock,/stocks/euro-leder-fashion-EUROL,INE940E01011
ERP,Erp Soft Systems Ltd,ERPSOFT,stock,/stocks/erp-soft-systems-ERP,INE308B01017
ELEF,Elegant Floriculture & Agrotech (India) Ltd,ELEFLOR,stock,/stocks/elegant-floriculture-and-agrotech-india-ELEF,INE152E01013
JRE,Eraaya Lifespaces Ltd,EBIX,stock,/stocks/justride-enterprises-JRE,INE432F01032
EPS,Epsom Properties Ltd,EPSOMPRO,stock,/stocks/epsom-properties-EPS,INE601F01016
SHARD,Eco Hotels and Resorts Ltd,ECOHOTELS,stock,/stocks/sharad-fibres-and-yarn-processors-SHARD,INE638N01012
EVER,Everlon Financials Ltd,EVERFIN,stock,/stocks/everlon-synthetics-EVER,INE339D01034
KIRLO,Envair Electrodyne Ltd,ENVAIREL,stock,/stocks/envair-electrodyne-KIRLO,INE601C01013
KAV,Evexia Lifecare Ltd,EVEXIA,stock,/stocks/kavit-industries-KAV,INE313M01030
EPI,EPIC Energy Ltd,EPIC,stock,/stocks/epic-energy-EPI,INE932F01015
PRECI,East India Drums and Barrels Manufacturing Ltd,EASTINDIA,stock,/stocks/precision-containeurs-PRECI,INE191C01023
WESTE,Ecoboard Industries Ltd,ECOBOAR,stock,/stocks/ecoboard-industries-WESTE,INE866A01016
ELF,E L Forge Ltd,ELFORGE,stock,/stocks/el-forge-ELF,INE158F01017
EVE,Everest Organics Ltd,EVERESTO,stock,/stocks/everest-organics-EVE,INE334C01029
ELD,Eldeco Housing and Industries Ltd,ELDEHSG,stock,/stocks/eldeco-housing-and-industries-ELD,INE668G01021
AMAN,EFC (I) Ltd,EFCIL,stock,/stocks/amani-trading-and-exports-AMAN,INE886D01026
SRIO,Emergent Industrial Solutions Ltd,EMERGENT,stock,/stocks/emergent-energy-and-services-SRIO,INE668L01013
ZSW,E & E Enterprises Ltd,EENTER,stock,/stocks/swastik-safe-deposit-and-investments-ZSW,INE094R01019
PUNI,Eyantra Ventures Ltd,EY,stock,/stocks/punit-commercials-PUNI,INE750G01019
ELC,Elcid Investments Ltd,ELCIDIN,stock,/stocks/elcid-investments-ELC,INE927X01018
EST,Eastcoast Steel Ltd,ECSTSTL,stock,/stocks/eastcoast-steel-EST,INE315F01013
DRB,ELANTAS Beck India Ltd,ELANTAS,stock,/stocks/elantas-beck-india-DRB,INE280B01018
EMA,EMA India Ltd,EMAINDIA,stock,/stocks/ema-india-EMA,INE279D01016
EMPI,Empire Industries Ltd,EMPIND,stock,/stocks/empire-industries-EMPI,INE515H01014
EQU,Equitas Small Finance Bank Ltd,EQUITASBNK,stock,/stocks/equitas-small-finance-bank-EQU,INE063P01018
ELP,Elpro International Ltd,ELPROINTL,stock,/stocks/elpro-international-ELP,INE579B01039
ZOM,Eternal Ltd,ETERNAL,stock,/stocks/zomato-ZOM,INE758T01015
EXX,Exxaro Tiles Ltd,EXXARO,stock,/stocks/exxaro-tiles-EXX,INE0GFE01026
MFM,Epigral Ltd,EPIGRAL,stock,/stocks/meghmani-finechem-MFM,INE071N01016
EASE,Easy Trip Planners Ltd,EASEMYTRIP,stock,/stocks/easy-trip-planners-EASE,INE07O001026
EKI,EKI Energy Services Ltd,EKI,stock,/stocks/eki-energy-services-EKI,INE0CPR01018
EUROB,Euro Panel Products Ltd,EUROBOND,stock,/stocks/euro-panel-products-EUROB,INE505V01016
EKE,Ekennis Software Service Ltd,EKENNIS,stock,/stocks/ekennis-software-service-EKE,INE0KCM01010
EUREK,Eureka Forbes Ltd,EUREKAFORB,stock,/stocks/eureka-forbes-EUREK,INE0KCE01017
EIG,Eighty Jewellers Ltd,EIGHTY,stock,/stocks/eighty-jewellers-EIG,INE0KSN01014
EART,Earthstahl & Alloys Ltd,EARTH,stock,/stocks/earthstahl-and-alloys-EART,INE0O4V01010
EXH,Exhicon Events Media Solutions Ltd,EXHICON,stock,/stocks/exhicon-events-media-solutions-EXH,INE0O8901016
ESF,Essen Speciality Films Ltd,ESFL,stock,/stocks/essen-speciality-films-ESF,INE0ITO01014
EMI,Electronics Mart India Ltd,EMIL,stock,/stocks/electronics-mart-india-EMI,INE02YR01019
ETH,Ethos Ltd,ETHOSLTD,stock,/stocks/ethos-ETH,INE04TZ01018
ELIN,Elin Electronics Ltd,ELIN,stock,/stocks/elin-electronics-ELIN,INE050401020
EPB,EP Biocomposites Ltd,EPBIO,stock,/stocks/ep-biocomposites-EPB,INE0D2I01014
EMU,eMudhra Ltd,EMUDHRA,stock,/stocks/emudhra-EMU,INE01QM01018
EVO,EVOQ Remedies Ltd,EVOQ,stock,/stocks/evoq-remedies-EVO,INE0JVD01011
EMS,EMS Ltd,EMSLIMITED,stock,/stocks/ems-EMS,INE0OV601013
EFA,E Factor Experiences Ltd,EFACTOR,stock,/stocks/e-factor-experiences-EFA,INE0KFF01017
EPA,Epack Durable Ltd,EPACK,stock,/stocks/epack-durable-EPA,INE0G5901015
ENTE,Entero Healthcare Solutions Ltd,ENTERO,stock,/stocks/entero-healthcare-solutions-ENTE,INE010601016
ESQ,Esquire Money Guarantees Ltd,ESQRMON,stock,/stocks/esquire-money-guarantees-ESQ,INE0HMN01013
EXI,Exicom Tele-Systems Ltd,EXICOM,stock,/stocks/exicom-tele-systems-EXI,INE777F01014
EMC,Emcure Pharmaceuticals Ltd,EMCURE,stock,/stocks/emcure-pharmaceuticals-EMC,INE168P01015
ENSE,Enser Communications Ltd,ENSER,stock,/stocks/enser-communications-ENSE,INE0R9I01021
ESP,Esprit Stones Ltd,ESPRIT,stock,/stocks/esprit-stones-ESP,INE0SBP01018
EUP,Euphoria Infotech (India) Ltd,EUPHORIAIT,stock,/stocks/euphoria-infotech-india-EUP,INE0PYT01018
EFO,Electro Force (India) Ltd,EFORCE,stock,/stocks/electro-force-india-EFO,INE0Q1W01012
EMMIL,Energy-Mission Machineries (India) Ltd,EMMIL,stock,/stocks/energy-mission-machineries-india-EMMIL,INE0S1L01013
ENF,Enfuse Solutions Ltd,ENFUSE,stock,/stocks/enfuse-solutions-ENF,INE0S3X01014
ESCON,Esconet Technologies Ltd,ESCONET,stock,/stocks/esconet-technologies-ESCON,INE0RQZ01017
ESAF,ESAF Small Finance Bank Limited,ESAFSFB,stock,/stocks/esaf-small-finance-bank-ESAF,INE818W01011
EFFW,EFFWA Infra & Research Ltd,EFFWA,stock,/stocks/effwa-infra-and-research-EFFW,INE0U9101019
EMMF,Emmforce Autotech Ltd,EMMFORCE,stock,/stocks/emmforce-autotech-EMMF,INE0SDC01012
ECOS,ECOS (India) Mobility & Hospitality Ltd,ECOSMOBLTY,stock,/stocks/ecos-india-mobility-and-hospitality-ECOS,INE06HJ01020
ENV,Envirotech Systems Ltd,ENVIRO,stock,/stocks/envirotech-systems-ENV,INE0SUH01015
EIE,Enviro Infra Engineers Ltd,EIEL,stock,/stocks/enviro-infra-engineers-EIE,INE0LLY01014
EXCEL,Excellent Wires and Packaging Ltd,EXCELLENT,stock,/stocks/excellent-wires-and-packaging-EXCEL,INE0Y4801011
ETM,Emerald Tyre Manufacturers Ltd,ETML,stock,/stocks/emerald-tyre-manufacturers-ETM,INE0RHD01013
EMAI,EMA Partners India Ltd,EMAPARTNER,stock,/stocks/ema-partners-india-EMAI,INE0ZOL01023
ELG,Eleganz Interiors Ltd,ELGNZ,stock,/stocks/eleganz-interiors-ELG,INE0R9101015
ELLE,Ellenbarrie Industrial Gases Ltd,ELLEN,stock,/stocks/ellenbarrie-industrial-gases-ELLE,INE236E01022
EEP,Eppeltone Engineers Ltd,EEPL,stock,/stocks/eppeltone-engineers-EEP,INE11HF01010
ETL,Emkay Tools Ltd,ETL,stock,/stocks/emkay-tools-ETL,INE0PXC01024
ESSE,Essex Marine Ltd,ESSEX,stock,/stocks/essex-marine-ESSE,INE1IBY01019
EUROP,Euro Pratik Sales Ltd,EUROPRATIK,stock,/stocks/euro-pratik-sales-EUROP,INE198501012
ECOL,Ecoline Exim Ltd,ECOLINE,stock,/stocks/ecoline-exim-ECOL,INE0VBS01016
EPAC,EPack Prefab Technologies Ltd,EPACKPEB,stock,/stocks/epack-prefab-technologies-EPAC,INE0MLS01022
EARK,earKART Ltd,EARKART,stock,/stocks/earkart-EARK,INE1A8F01035
ECOPP,Eco Hotels and Resorts Ltd Partly Paidup,ECOPP,stock,/stocks/eco-hotels-and-resorts-partly-paidup-ECOPP,IN9638N01010
EMMV,Emmvee Photovoltaic Power Ltd,EMMVEE,stock,/stocks/emmvee-photovoltaic-power-EMMV,INE1C6T01020
EXCES,Excelsoft Technologies Ltd,EXCELSOFT,stock,/stocks/excelsoft-technologies-EXCES,INE606N01019
EXA,Exato Technologies Ltd,EXATO,stock,/stocks/exato-technologies-EXA,INE1E4401010
ENCOM,Encompass Design India Ltd,ENCOMPAS,stock,/stocks/encompass-design-india-ENCOM,INE433T01015
EXIM,Exim Routes Ltd,EXIMROUTES,stock,/stocks/exim-routes-EXIM,INE19I001020
EPW,EPW India Ltd,EPWINDIA,stock,/stocks/epw-india-EPW,INE1KEC01023
EER,ETOE Transportation Infrastructure Ltd,E2ERAIL,stock,/stocks/e-to-e-transportation-infrastructure-EER,INE1CEJ01017
FOHE,Fortis Healthcare Ltd,FORTIS,stock,/stocks/fortis-healthcare-FOHE,INE061F01013
FURdv,Future Enterprises Ltd,FELDVR,stock,/stocks/future-enterprises---dvr-FURdv,IN9623B01058
FCSS,FCS Software Solutions Ltd,FCSSOFT,stock,/stocks/fcs-software-solutions-FCSS,INE512B01022
FORC,Force Motors Ltd,FORCEMOT,stock,/stocks/force-motors-FORC,INE451A01017
FTRE,Future Consumer Ltd,FCONSUMER,stock,/stocks/future-consumer-FTRE,INE220J01025
FOCS,Focus Lighting and Fixtures Ltd,FOCUS,stock,/stocks/focus-lighting-and-fixtures-FOCS,INE593W01028
FURE,Future Enterprises Ltd,FEL,stock,/stocks/future-enterprises-FURE,INE623B01027
FUTE,Future Supply Chain Solutions Ltd,FSC,stock,/stocks/future-supply-chain-solutions-FUTE,INE935Q01015
FSCO,Foseco India Ltd,FOSECOIND,stock,/stocks/foseco-india-FSCO,INE519A01011
FLFL,Future Lifestyle Fashions Ltd,FLFL,stock,/stocks/future-lifestyle-fashions-FLFL,INE452O01016
FMNL,Future Market Networks Ltd,FMNL,stock,/stocks/future-market-networks-FMNL,INE360L01017
FINE,Fineotex Chemical Ltd,FCL,stock,/stocks/fineotex-chemical-FINE,INE045J01034
FDC,F D C Ltd,FDC,stock,/stocks/f-d-c-FDC,INE258B01022
FINO,Fine Organic Industries Ltd,FINEORG,stock,/stocks/fine-organic-industries-FINO,INE686Y01026
FEDM,Federal-Mogul Goetze (India) Ltd,FMGOETZE,stock,/stocks/federal-mogul-goetze-india-FEDM,INE529A01010
FELX,Felix Industries Ltd,FELIX,stock,/stocks/felix-industries-FELX,INE901X01013
FLEI,Flexituff Ventures International Ltd,FLEXITUFF,stock,/stocks/flexituff-ventures-international-FLEI,INE060J01017
FISO,Firstsource Solutions Ltd,FSL,stock,/stocks/firstsource-solutions-FISO,INE684F01012
FCTL,Fertilisers And Chemicals Travancore Ltd,FACT,stock,/stocks/fertilisers-and-chemicals-travancore-FCTL,INE188A01015
FIIN,Fiem Industries Ltd,FIEMIND,stock,/stocks/fiem-industries-FIIN,INE737H01014
FLTX,Filatex India Ltd,FILATEX,stock,/stocks/filatex-india-FLTX,INE816B01035
FED,Federal Bank Ltd,FEDERALBNK,stock,/stocks/federal-bank-FED,INE171A01029
FNXC,Finolex Cables Ltd,FINCABLES,stock,/stocks/finolex-cables-FNXC,INE235A01022
FINX,Finolex Industries Ltd,FINPIPE,stock,/stocks/finolex-industries-FINX,INE183A01024
FIVC,Five Core Electronics Ltd,FIVECORE,stock,/stocks/five-core-electronics-FIVC,INE574Z01013
TIN,Fratelli Vineyards Ltd,FRATELLI,stock,/stocks/tinna-trade-TIN,INE401Z01019
FRAN,Franklin Industries Ltd,FRANKLININD,stock,/stocks/franklin-industries-FRAN,INE789R01022
FIL,Filtra Consultants and Engineers Ltd,FILTRA,stock,/stocks/filtra-consultants-and-engineers-FIL,INE541R01019
FRA,Franklin Leasing and Finance Ltd,FRANKLIN,stock,/stocks/franklin-leasing-and-finance-FRA,INE399S01010
FRU,Fruition venture Ltd,FRUTION,stock,/stocks/fruition-venture-FRU,INE836C01015
FRAS,Fraser and Co Ltd,FRASER,stock,/stocks/fraser-and-company-FRAS,INE184Q01010
FUT,Futuristic Solutions Ltd,FUTSOL,stock,/stocks/futuristic-solutions-FUT,INE241F01011
FACO,Facor Alloys Ltd,FACORALL,stock,/stocks/facor-alloys-FACO,INE828G01013
FER,Fervent Synergies Ltd,FERVENTSYN,stock,/stocks/fervent-synergies-FER,INE258M01011
THG,Fourth Generation Information Systems Ltd,4THGEN,stock,/stocks/fourth-generation-information-systems-THG,INE739B01039
FIR,First Fintec Ltd,FIRSTFIN,stock,/stocks/firstobject-technologies-FIR,INE683B01047
FME,F Mec International Financial Services Ltd,FMEC,stock,/stocks/f-mec-international-financial-services-FME,INE108T01013
FILM,Filmcity Media Ltd,FILME,stock,/stocks/filmcity-media-FILM,INE600B01033
FILT,Filtron Engineers Ltd,FILTRON,stock,/stocks/filtron-engineers-FILT,INE589N01017
FRO,Frontline corporation Ltd,FRONTCORP,stock,/stocks/frontline-corporation-FRO,INE092D01013
FRON,Frontline Financial Services Ltd,FRONTFN,stock,/stocks/frontline-financial-services-FRON,INE776R01011
ZVI,Flomic Global Logistics Ltd,FLOMIC,stock,/stocks/vinaditya-trading-company-ZVI,INE952M01019
IMC,Fedders Holding Ltd,FEDDERSHOL,stock,/stocks/im-capitals-IMC,INE417D01020
FLOR,Flora Corporation Ltd,FLORACORP,stock,/stocks/flora-corporation-FLOR,INE318U01016
FIS,Fischer Medical Ventures Ltd,FISCHER,stock,/stocks/fischer-chemic-FIS,INE771F01041
FFP,Foundry Fuel Products Ltd,FFPL,stock,/stocks/foundry-fuel-products-FFP,INE617C01027
FRE,Fredun Pharmaceuticals Ltd,FREDUN,stock,/stocks/fredun-pharmaceuticals-FRE,INE194R01017
FUND,Fundviser Capital (India) Ltd,FUNDVISER,stock,/stocks/fundviser-capital-india-FUND,INE365H01014
FRONS,Frontier Springs Ltd,FRONTSP,stock,/stocks/frontier-springs-FRONS,INE572D01014
FOR,Fortune International Ltd,FORINTL,stock,/stocks/fortune-international-FOR,INE501D01013
FAZE,Faze Three Ltd,FAZE3Q,stock,/stocks/faze-three-FAZE,INE963C01033
FLE,Flex Foods Ltd,FLEXFO,stock,/stocks/flex-foods-FLE,INE954B01018
SCAN,Family Care Hospitals Ltd,FAMILYCARE,stock,/stocks/scandent-imaging-SCAN,INE146N01016
FORTI,Fortis Malar Hospitals Ltd,FORTISMLR,stock,/stocks/fortis-malar-hospitals-FORTI,INE842B01015
FIN,Fine-Line Circuits Ltd,FINELINE,stock,/stocks/fine-line-circuits-FIN,INE087E01011
STCU,First Custodian Fund (India) Ltd,1STCUS,stock,/stocks/first-custodian-fundi-STCU,INE609B01018
FINK,Finkurve Financial Services Ltd,FINKURVE,stock,/stocks/finkurve-financial-services-FINK,INE734I01027
RAJAT,FYNX Capital Ltd,FYNX,stock,/stocks/rajath-finance-RAJAT,INE455H01013
FRONC,Frontier Capital Ltd,FRONTCAP,stock,/stocks/frontier-capital-FRONC,INE977E01013
FIB,Fiberweb (India) Ltd,FIBERWEB,stock,/stocks/fiberweb-india-FIB,INE296C01020
FLU,Fluidomat Ltd,FLUIDOM,stock,/stocks/fluidomat-FLU,INE459C01016
FUTU,Futuristic Securities Ltd,FUTURSEC,stock,/stocks/futuristic-securities-FUTU,INE425D01015
FORB,Forbes & Company Ltd,FORBESCO,stock,/stocks/forbes-and-company-FORB,INE518A01013
FGP,F G P Ltd,FGP,stock,/stocks/fgp-FGP,INE512A01016
FOO,Foods and Inns Ltd,FOODSIN,stock,/stocks/foods-and-inns-FOO,INE976E01023
FERM,Fermenta Biotech Ltd,FERMENTA,stock,/stocks/fermenta-biotech-FERM,INE225B01021
FILA,Filatex Fashions Ltd,FILATFASH,stock,/stocks/filatex-fashions-FILA,INE185E01021
FAI,Fairchem Organics Ltd,FAIRCHEMOR,stock,/stocks/fairchem-organics-FAI,INE0DNW01011
FOCU,Focus Business Solution Ltd,FOCUS,stock,/stocks/focus-business-solution-FOCU,INE0DXR01010
NYK,Fsn E-Commerce Ventures Ltd,NYKAA,stock,/stocks/fsn-e-commerce-ventures-NYK,INE388Y01029
FINOP,Fino Payments Bank Ltd,FINOPB,stock,/stocks/fino-payments-bank-FINOP,INE02NC01014
FABI,Fabino Enterprises Ltd,FABINO,stock,/stocks/fabino-life-sciences-FABI,INE0DRT01018
FOCE,Foce India Ltd,FOCE,stock,/stocks/foce-india-FOCE,INE0I7D01019
FID,Fidel Softech Ltd,FIDEL,stock,/stocks/fidel-softech-FID,INE0LQQ01019
FIVES,Five-Star Business Finance Ltd,FIVESTAR,stock,/stocks/five-star-business-finance-FIVES,INE128S01021
FUS,Fusion Finance Ltd,FUSION,stock,/stocks/fusion-micro-finance-FUS,INE139R01012
FON,Fone4 Communications(India) Ltd,FONE4,stock,/stocks/fone4-communications-india-FON,INE0L3H01014
FROG,Frog Innovations Ltd,FROG,stock,/stocks/frog-cellsat-FROG,INE385O01018
FAA,Faalcon Concepts Ltd,FAALCON,stock,/stocks/faalcon-concepts-FAA,INE0Q9W01015
FTL,Finelistings Technologies Ltd,FTL,stock,/stocks/finelistings-technologies-FTL,INE0QOQ01013
FEDF,Fedbank Financial Services Ltd,FEDFINA,stock,/stocks/fedbank-financial-services-FEDF,INE007N01010
FLAI,Flair Writing Industries Ltd,FLAIR,stock,/stocks/flair-writing-industries-FLAI,INE00Y201027
FONE,Fonebox Retail Ltd,FONEBOX,stock,/stocks/fonebox-retail-FONE,INE0Q4701019
TOTE,Forbes Precision Tools and Machine Parts Ltd,TOTEM,stock,/stocks/forbes-precision-tools-and-machine-parts-TOTE,INE0TT901016
FAL,Falcon Technoprojects India Ltd,FALCONTECH,stock,/stocks/falcon-technoprojects-india-FAL,INE0PQK01013
FORCA,Forcas Studio Ltd,FORCAS,stock,/stocks/forcas-studio-FORCA,INE0U2501017
FRES,Freshara Agro Exports Ltd,FRESHARA,stock,/stocks/freshara-agro-exports-FRES,INE0SFW01015
FORG,Forge Auto International Ltd,FORGEAUTO,stock,/stocks/forge-auto-international-FORG,INE0YKW01013
FABC,Fabtech Technologies Cleanrooms Ltd,FABCLEAN,stock,/stocks/fabtech-technologies-cleanrooms-FABC,INE0HSD01011
FUSI,Fusion Finance Ltd Partly Paidup,FUSIONPP,stock,/stocks/fusion-finance-partly-paidup-FUSI,IN9139R01028
FLY,FlySBS Aviation Ltd,FLYSBS,stock,/stocks/flysbs-aviation-FLY,INE0VCK01011
FABT,Fabtech Technologies Ltd,FABTECH,stock,/stocks/fabtech-technologies-FABT,INE0HF201011
FINB,Finbud Financial Services Ltd,FINBUD,stock,/stocks/finbud-financial-services-FINB,INE0EDU01014
UTLS,Fujiyama Power Systems Ltd,UTLSOLAR,stock,/stocks/fujiyama-power-systems-UTLS,INE12UR01024
FWS,Flywings Simulator Training Centre Ltd,FWSTC,stock,/stocks/flywings-simulator-training-centre-FWS,INE0SQZ01015
GROW,Groww Nifty EV & New Age Automotive ETF,GROWWEV,etf,/etfs/groww-nifty-ev-and-new-age-automotive-etf-GROW,INF666M01IH2
GROWW,Groww Nifty 1D Rate Liquid ETF,GROWWLIQID,etf,/etfs/groww-nifty-1d-rate-liquid-etf-GROWW,INF666M01IP5
GROWG,Groww Gold ETF,GROWWGOLD,etf,/etfs/groww-gold-etf-GROWG,INF666M01IW1
GROWD,Groww Nifty India Defence ETF,GROWWDEFNC,etf,/etfs/groww-nifty-india-defence-etf-GROWD,INF666M01IO8
GROWR,Groww Nifty India Railways PSU ETF,GROWWRAIL,etf,/etfs/groww-nifty-india-railways-psu-etf-GROWR,INF666M01JJ6
GROWN,Groww Nifty 200 ETF,GROWWN200,etf,/etfs/groww-nifty-200-etf-GROWN,INF666M01JV1
GROWM,Groww Nifty 500 Momentum 50 ETF,GROWWMOM50,etf,/etfs/groww-nifty-500-momentum-50-etf-GROWM,INF666M01KJ4
GROWS,Groww Silver ETF,GROWWSLVR,etf,/etfs/groww-silver-etf-GROWS,INF666M01LA1
GROWL,Groww Nifty 500 Low Volatility 50 ETF,GROWWLOVOL,etf,/etfs/groww-nifty-500-low-volatility-50-etf-GROWL,INF666M01LB9
GROWE,Groww Nifty India Internet ETF,GROWWNET,etf,/etfs/groww-nifty-india-internet-etf-GROWE,INF666M01LI4
GROWI,Groww Nifty 50 ETF,GROWWNIFTY,etf,/etfs/groww-nifty-50-etf-GROWI,INF666M01LL8
GROWP,Groww BSE Power ETF,GROWWPOWER,etf,/etfs/groww-bse-power-etf-GROWP,INF666M01LM6
GROWX,Groww Nifty Next 50 ETF,GROWWNXT50,etf,/etfs/groww-nifty-next-50-etf-GROWX,INF666M01LZ8
GROWT,Groww Nifty Realty ETF,GROWWRLTY,etf,/etfs/groww-nifty-realty-etf-GROWT,INF666M01MN2
GROWC,Groww Nifty Smallcap 250 ETF,GROWWSC250,etf,/etfs/groww-nifty-smallcap-250-etf-GROWC,INF666M01MO0
GROMW,Groww Nifty Midcap 150 ETF,GROWWMC150,etf,/etfs/groww-nifty-midcap-150-etf-GROMW,INF666M01MV5
GROWA,Groww Nifty Capital Markets ETF,GROWWCAPM,etf,/etfs/groww-nifty-capital-markets-etf-GROWA,INF666M01MM4
GROEW,Groww Nifty Metal ETF,GROWWMETAL,etf,/etfs/groww-nifty-metal-etf-GROEW,INF666M01NI0
GANS,Ganesha Ecosphere Ltd,GANECOS,stock,/stocks/ganesha-ecosphere-GANS,INE845D01014
GUJL,Gujarat Fluorochemicals Ltd,FLUOROCHEM,stock,/stocks/gujarat-fluorochemicals-GUJL,INE09N301011
GAIL,Gail (India) Ltd,GAIL,stock,/stocks/gail-india-GAIL,INE129A01019
GALM,Gallantt Ispat Ltd,GALLANTT,stock,/stocks/gallantt-metal-GALM,INE297H01019
GDTB,Gandhi Special Tubes Ltd,GANDHITUBE,stock,/stocks/gandhi-special-tubes-GDTB,INE524B01027
FOUT,GVP Infotech Ltd,GVPTECH,stock,/stocks/fourth-dimension-solutions-FOUT,INE382T01030
GHFC,Ganesh Housing Ltd,GANESHHOU,stock,/stocks/ganesh-housing-corp-GHFC,INE460C01014
GABR,Gabriel India Ltd,GABRIEL,stock,/stocks/gabriel-india-GABR,INE524A01029
GAME,Gujarat Ambuja Exports Ltd,GAEL,stock,/stocks/gujarat-ambuja-exports-GAME,INE036B01030
GALX,Galaxy Surfactants Ltd,GALAXYSURF,stock,/stocks/galaxy-surfactants-GALX,INE600K01018
GEEK,Geekay Wires Ltd,GEEKAYWIRE,stock,/stocks/geekay-wires-GEEK,INE669X01032
GESC,Great Eastern Shipping Company Ltd,GESHIP,stock,/stocks/great-eastern-shipping-company-GESC,INE017A01032
GLOX,Globe Enterprises (India) Ltd,GLOBE,stock,/stocks/globe-textiles-india-GLOX,INE581X01021
GANG,Gangotri Textiles Ltd,GANGOTRI,stock,/stocks/gangotri-textiles-GANG,INE670B01028
GETD,GE Vernova T&D India Ltd,GVT&D,stock,/stocks/ge-tandd-india-GETD,INE200A01026
GYAT,Gayatri Highways Ltd,GAYAHWS,stock,/stocks/gayatri-highways-GYAT,INE287Z01012
GNGE,Ganges Securities Ltd,GANGESSECU,stock,/stocks/ganges-securities-GNGE,INE335W01016
GANF,Ganga Forging Ltd,GANGAFORGE,stock,/stocks/ganga-forging-GANF,INE691Z01023
GEOJ,Geojit Financial Services Ltd,GEOJITFSL,stock,/stocks/geojit-financial-services-GEOJ,INE007B01023
GKWL,GKW Ltd,GKWLIMITED,stock,/stocks/gkw-GKWL,INE528A01020
GLOR,Globe International Carriers Ltd,GICL,stock,/stocks/globe-international-carriers-GLOR,INE947T01022
GECE,GeeCee Ventures Ltd,GEECEE,stock,/stocks/geecee-ventures-GECE,INE916G01016
GEOE,Genus Power Infrastructures Ltd,GENUSPOWER,stock,/stocks/genus-power-infrastructures-GEOE,INE955D01029
GIAR,Gillanders Arbuthnot & Co Ltd,GILLANDERS,stock,/stocks/gillanders-arbuthnot-and-co-GIAR,INE047B01011
GNNI,Ginni Filaments Ltd,GINNIFILA,stock,/stocks/ginni-filaments-GNNI,INE424C01010
GJIP,Gujarat Industries Power Company Ltd,GIPCL,stock,/stocks/gujarat-industries-power-company-GJIP,INE162A01010
GOKU,Gokul Refoils and Solvent Ltd,GOKUL,stock,/stocks/gokul-refoils-and-solvent-GOKU,INE020J01029
GOKG,Gokul Agro Resources Ltd,GOKULAGRO,stock,/stocks/gokul-agro-resources-GOKG,INE314T01033
GRAN,Granules India Ltd,GRANULES,stock,/stocks/granules-india-GRAN,INE101D01020
GRVL,Greaves Cotton Ltd,GREAVESCOT,stock,/stocks/greaves-cotton-GRVL,INE224A01026
GREX,Gretex Industries Ltd,GRETEX,stock,/stocks/gretex-industries-GREX,INE985P01012
GDPI,Godawari Power and Ispat Ltd,GPIL,stock,/stocks/godawari-power-and-ispat-GDPI,INE177H01039
GREP,Greenpanel Industries Ltd,GREENPANEL,stock,/stocks/greenpanel-industries-GREP,INE08ZM01014
GRNN,Grindwell Norton Ltd,GRINDWELL,stock,/stocks/grindwell-norton-GRNN,INE536A01023
GUFI,Gufic Biosciences Ltd,GUFICBIO,stock,/stocks/gufic-biosciences-GUFI,INE742B01025
GENA,General Insurance Corporation of India,GICRE,stock,/stocks/general-insurance-corporation-of-india-GENA,INE481Y01014
GLOS,Globus Spirits Ltd,GLOBUSSPR,stock,/stocks/globus-spirits-GLOS,INE615I01010
GOLI,Goldiam International Ltd,GOLDIAM,stock,/stocks/goldiam-international-GOLI,INE025B01025
GLST,Goodluck India Ltd,GOODLUCK,stock,/stocks/goodluck-india-GLST,INE127I01024
GMBR,G M Breweries Ltd,GMBREW,stock,/stocks/g-m-breweries-GMBR,INE075D01018
GNAA,GNA Axles Ltd,GNA,stock,/stocks/gna-axles-GNAA,INE934S01014
GOCP,Godrej Consumer Products Ltd,GODREJCP,stock,/stocks/godrej-consumer-products-GOCP,INE102D01028
GPPL,Gujarat Pipavav Port Ltd,GPPL,stock,/stocks/gujarat-pipavav-port-GPPL,INE517F01014
GSFC,Gujarat State Fertilizers & Chemicals Ltd,GSFC,stock,/stocks/gujarat-state-fertilizers-and-chemicals-GSFC,INE026A01025
GTL,GTL Ltd,GTL,stock,/stocks/gtl-GTL,INE043A01012
GLSH,Global Offshore Services Ltd,GLOBOFFS,stock,/stocks/global-offshore-services-GLSH,INE446C01013
GMMP,GMM Pfaudler Ltd,GMMPFAUDLR,stock,/stocks/gmm-pfaudler-GMMP,INE541A01023
GEEN,Greenlam Industries Ltd,GREENLAM,stock,/stocks/greenlam-industries-GEEN,INE544R01021
GGAS,Gujarat Gas Ltd,GUJGASLTD,stock,/stocks/gujarat-gas-GGAS,INE844O01030
GVKP,GVK Power & Infrastructure Ltd,GVKPIL,stock,/stocks/gvk-power-and-infrastructure-GVKP,INE251H01024
GOKL,Gokaldas Exports Ltd,GOKEX,stock,/stocks/gokaldas-exports-GOKL,INE887G01027
GRSE,Garden Reach Shipbuilders & Engineers Ltd,GRSE,stock,/stocks/garden-reach-shipbuilders-and-engineers-GRSE,INE382Z01011
GODE,Godrej Agrovet Ltd,GODREJAGRO,stock,/stocks/godrej-agrovet-GODE,INE850D01014
GDST,Goldstar Power Ltd,GOLDSTAR,stock,/stocks/goldstar-power-GDST,INE405Y01021
GRAI,Gravita India Ltd,GRAVITA,stock,/stocks/gravita-india-GRAI,INE024L01027
GJRI,Gujarat Raffia Industries Ltd,GUJRAFFIA,stock,/stocks/gujarat-raffia-industries-GJRI,INE610B01024
GAPR,Gayatri Projects Ltd,GAYAPROJ,stock,/stocks/gayatri-projects-GAPR,INE336H01023
GENS,Genesys International Corporation Ltd,GENESYS,stock,/stocks/genesys-international-corporation-GENS,INE727B01026
GOAC,Goa Carbon Ltd,GOACARBON,stock,/stocks/goa-carbon-GOAC,INE426D01013
GOEN,Goenka Diamond & Jewels Ltd,GOENKA,stock,/stocks/goenka-diamond-and-jewels-GOEN,INE516K01024
GRPI,GRP Ltd,GRPLTD,stock,/stocks/grp-GRPI,INE137I01015
GRWL,Garware Technical Fibres Ltd,GARFIBRES,stock,/stocks/garware-technical-fibres-GRWL,INE276A01018
GHCH,GHCL Ltd,GHCL,stock,/stocks/ghcl-GHCH,INE539A01019
GICH,GIC Housing Finance Ltd,GICHSGFIN,stock,/stocks/gic-housing-finance-GICH,INE289B01019
GIRI,Giriraj Civil Developers Ltd,GIRIRAJ,stock,/stocks/giriraj-civil-developers-GIRI,INE614Z01017
GIRN,GIR Natureview Resorts Ltd,GIRRESORTS,stock,/stocks/gir-natureview-resorts-GIRN,INE316N01015
GLSE,Gujarat Lease Financing Ltd,GLFL,stock,/stocks/gujarat-lease-financing-GLSE,INE540A01017
GDFR,Godfrey Phillips India Ltd,GODFRYPHLP,stock,/stocks/godfrey-phillips-india-GDFR,INE260B01028
GPTI,GPT Infraprojects Ltd,GPTINFRA,stock,/stocks/gpt-infraprojects-GPTI,INE390G01014
GRPL,Greenply Industries Ltd,GREENPLY,stock,/stocks/greenply-industries-GRPL,INE461C01038
GTNT,GTN Textiles Ltd,GTNTEX,stock,/stocks/gtn-textiles-GTNT,INE302H01017
GTPH,GTPL Hathway Ltd,GTPL,stock,/stocks/gtpl-hathway-GTPH,INE869I01013
GEPO,Ge Power India Ltd,GVPIL,stock,/stocks/ge-power-india-GEPO,INE878A01011
GFLL,GFL Ltd,GFLLIMITED,stock,/stocks/gfl-GFLL,INE538A01037
GRPH,Graphite India Ltd,GRAPHITE,stock,/stocks/graphite-india-GRPH,INE371A01025
THEG,Grob Tea Co Ltd,GROBTEA,stock,/stocks/grob-tea-co-THEG,INE646C01018
GTLI,GTL Infrastructure Ltd,GTLINFRA,stock,/stocks/gtl-infrastructure-GTLI,INE221H01019
GILE,Gillette India Ltd,GILLETTE,stock,/stocks/gillette-india-GILE,INE322A01010
GLEN,Glenmark Pharmaceuticals Ltd,GLENMARK,stock,/stocks/glenmark-pharmaceuticals-GLEN,INE935A01035
GALK,Gujarat Alkalies And Chemicals Ltd,GUJALKALI,stock,/stocks/gujarat-alkalies-and-chemicals-GALK,INE186A01019
GLVE,Global Vectra Helicorp Ltd,GLOBALVECT,stock,/stocks/global-vectra-helicorp-GLVE,INE792H01019
GSPT,Gujarat State Petronet Ltd,GSPL,stock,/stocks/gujarat-state-petronet-GSPT,INE246F01010
GTN,GTN Industries Ltd,GTNINDS,stock,/stocks/gtn-industries-GTN,INE537A01013
GJAI,Gujarat Apollo Industries Ltd,GUJAPOLLO,stock,/stocks/gujarat-apollo-industries-GJAI,INE826C01016
GOLU,Gulf Oil Lubricants India Ltd,GULFOILLUB,stock,/stocks/gulf-oil-lubricants-india-GOLU,INE635Q01029
GPPE,GP Petroleums Ltd,GULFPETRO,stock,/stocks/gp-petroleums-GPPE,INE586G01017
GMRI,GMR Airports Ltd,GMRAIRPORT,stock,/stocks/gmr-infrastructure-GMRI,INE776C01039
GOCL,Gocl Corporation Ltd,GOCLCORP,stock,/stocks/gocl-corp-GOCL,INE077F01035
GODI,Godrej Industries Ltd,GODREJIND,stock,/stocks/godrej-industries-GODI,INE233A01035
GODR,Godrej Properties Ltd,GODREJPROP,stock,/stocks/godrej-properties-GODR,INE484J01027
GRAS,Grasim Industries Ltd,GRASIM,stock,/stocks/grasim-industries-GRAS,INE047A01021
GLAX,GlaxoSmithKline Pharmaceuticals Ltd,GLAXO,stock,/stocks/glaxosmithkline-pharmaceuticals-GLAX,INE159A01016
GLOL,Global Education Ltd,GLOBAL,stock,/stocks/global-education-GLOL,INE291W01037
GMDC,Gujarat Mineral Development Corporation Ltd,GMDCLTD,stock,/stocks/gujarat-mineral-development-corporation-GMDC,INE131A01031
GULS,Gulshan Polyols Ltd,GULPOLY,stock,/stocks/gulshan-polyols-GULS,INE255D01024
GEUS,Genus Paper & Boards Ltd,GENUSPAPER,stock,/stocks/genus-paper-and-boards-GEUS,INE949P01018
GRND,Grand Foundry Ltd,GFSTEELS,stock,/stocks/grand-foundry-GRND,INE534A01028
GNFC,Gujarat Narmada Valley Fertilizers & Chemicals Ltd,GNFC,stock,/stocks/gujarat-narmada-valley-fertilizers-and-chemicals-GNFC,INE113A01013
GLDN,Golden Tobacco Ltd,GOLDENTOBC,stock,/stocks/golden-tobacco-GLDN,INE973A01010
GSSI,GSS Infotech Ltd,GSS,stock,/stocks/gss-infotech-GSSI,INE871H01011
KEET,G-Tec Jainx Education Ltd,GTECJAINX,stock,/stocks/keerti-knowledge-and-skills-KEET,INE586X01012
STAM,GACM Technologies Ltd,GATECH,stock,/stocks/stampede-capital-STAM,INE224E01028
STAMdv,GACM Technologies Ltd-DVR,GATECHDVR,stock,/stocks/stampede-capital---dvr-STAMdv,INE224E01036
SONH,Goldkart Jewels Ltd,GOLDKART,stock,/stocks/sona-hi-sona-jewellers-gujarat-SONH,INE06MH01016
GEN,Gensol Engineering Ltd,GENSOL,stock,/stocks/gensol-engineering-GEN,INE06H201014
GLE,Glaam Up Jwel Ltd,GLEAM,stock,/stocks/gleam-fabmat-GLE,INE03CM01014
SVP,Ganesha Ecoverse Ltd,GANVERSE,stock,/stocks/svp-housing-SVP,INE369Q01017
GEL,Gautam Exim Ltd,GEL,stock,/stocks/gautam-exim-GEL,INE721X01015
GHU,Ghushine Fintrrade Ocean Ltd,GHUSHINE,stock,/stocks/ghushine-fintrrade-ocean-GHU,INE009U01011
GAR,Garment Mantra Lifestyle Ltd,GARMNTMNTR,stock,/stocks/garment-mantra-lifestyle-GAR,INE653S01028
VMV,Growington Ventures India Ltd,GROWINGTON,stock,/stocks/vmv-holidays-VMV,INE451S01027
GGL,Gautam Gems Ltd,GGL,stock,/stocks/gautam-gems-GGL,INE063Z01017
GST,Globalspace Technologies Ltd,GSTL,stock,/stocks/globalspace-technologies-GST,INE632W01016
GEE,Geetanjali Credit and Capital Ltd,GEETANJ,stock,/stocks/geetanjali-credit-and-capital-GEE,INE263R01010
GKP,G K P Printing & Packaging Ltd,GKP,stock,/stocks/g-k-p-printing-and-packaging-GKP,INE05QJ01015
VIS,Gamco Ltd,GAMCO,stock,/stocks/visco-trade-associates-VIS,INE890S01026
GAL,Galactico Corporate Services Ltd,GALACTICO,stock,/stocks/galactico-corporate-services-GAL,INE906Y01028
ADV,Goyal Aluminiums Ltd,GOYALALUM,stock,/stocks/advitiya-trade-india-ADV,INE705X01026
GGE,G G Engineering Ltd,GGENG,stock,/stocks/g-g-engineering-GGE,INE694X01030
GUJ,Gujarat Hy Spin Ltd,GUJHYSPIN,stock,/stocks/gujarat-hy-spin-GUJ,INE578V01013
GIA,Gian Life Care Ltd,GIANLIFE,stock,/stocks/gian-lifecare-GIA,INE063601012
GOB,Goblin India Ltd,GOBLIN,stock,/stocks/goblin-india-GOB,INE492Z01018
GIT,Gita Renewable Energy Ltd,GITARENEW,stock,/stocks/gita-renewable-energy-GIT,INE776O01018
GSL,Gracious Software Ltd,GSL,stock,/stocks/gracious-software-GSL,INE757P01015
GOL,Golden Crest Education & Services Ltd,GOLDENCREST,stock,/stocks/golden-crest-education-and-services-GOL,INE222U01010
GVB,Genomic Valley Biotech Ltd,GVBL,stock,/stocks/genomic-valley-biotech-GVB,INE574D01010
GCMS,GCM Securities Ltd,GCMSECU,stock,/stocks/gcm-securities-GCMS,INE168O01026
GGP,Gala Global Products Ltd,GGPL,stock,/stocks/gala-global-products-GGP,INE480S01026
GCM,GCM Capital Advisors Ltd,GCMCAPI,stock,/stocks/gcm-capital-advisors-GCM,INE191P01017
GCMC,GCM Commodity & Derivatives Ltd,GCMCOMM,stock,/stocks/gcm-commodity-and-derivatives-GCMC,INE200P01016
GENU,Genus Prime Infra Ltd,GENUSPRIME,stock,/stocks/genus-prime-infra-GENU,INE256D01014
GTE,G-Tech Info-Training Ltd,GTEIT,stock,/stocks/g-tech-info-training-GTE,INE634D01038
GCK,Galaxy Cloud Kitchens Ltd,GCKL,stock,/stocks/galaxy-cloud-kitchens-GCK,INE403B01016
GRO,Grovy India Ltd,GROVY,stock,/stocks/grovy-india-GRO,INE343C01012
GAY,Gayatri Sugars Ltd,GAYATRI,stock,/stocks/gayatri-sugars-GAY,INE622E01023
GARB,Garbi Finvest Ltd,GARBIFIN,stock,/stocks/garbi-finvest-GARB,INE721C01019
GOKA,Gokak Textiles Ltd,GOKAKTEX,stock,/stocks/gokak-textiles-GOKA,INE642I01014
TEL,Groarc Industries India Ltd,GROARC,stock,/stocks/telesys-info-infra-i-TEL,INE042B01012
GRA,Grandma Trading and Agencies Ltd,GRANDMA,stock,/stocks/grandma-trading-and-agencies-GRA,INE927M01029
GLO,Gloster Ltd,GLOSTERLTD,stock,/stocks/gloster-GLO,INE350Z01018
BFF,Grameva Ltd,GRAMEVA,stock,/stocks/bangalore-fort-farms-BFF,INE578R01011
GALA,Galaxy Agrico Exports Ltd,GALAGEX,stock,/stocks/galaxy-agrico-exports-GALA,INE803L01016
GLC,Globe Multi Ventures Ltd,GLCL,stock,/stocks/globe-commercials-GLC,INE804Q01013
GRAV,Gravity (India) Ltd,GRAVITY,stock,/stocks/gravity-india-GRAV,INE995A01013
GIN,Gini Silk Mills Ltd,GINISILK,stock,/stocks/gini-silk-mills-GIN,INE548B01018
GKC,G K Consultants Ltd,GKCONS,stock,/stocks/g-k-consultants-GKC,INE131D01019
GENN,Gennex Laboratories Ltd,GENNEX,stock,/stocks/gennex-laboratories-GENN,INE509C01026
GOG,Gogia Capital Growth Ltd,GOGIACAPGL,stock,/stocks/gogia-capital-services-GOG,INE832C01014
GANGA,Ganga Pharmaceuticals Ltd,GANGAPHARM,stock,/stocks/ganga-pharmaceuticals-GANGA,INE615T01017
GRM,GRM Overseas Ltd,GRMOVER,stock,/stocks/grm-overseas-GRM,INE192H01020
GIL,Gilada Finance and Investments Ltd,GILADAFINS,stock,/stocks/gilada-finance-and-investments-GIL,INE918C01029
GKB,GKB Ophthalmics Ltd,GKB,stock,/stocks/gkb-ophthalmics-GKB,INE265D01015
GBF,Goenka Business & Finance Ltd,GBFL,stock,/stocks/goenka-business-and-finance-GBF,INE997C01015
HITEC,Gujarat Winding Systems Ltd,GUJWIND,stock,/stocks/hi-tech-winding-systems-HITEC,INE173V01013
GENC,Generic Engineering Construction and Projects Ltd,GENCON,stock,/stocks/generic-engineering-construction-and-projects-GENC,INE854S01022
GAN,Ganga Papers India Ltd,GANGAPA,stock,/stocks/ganga-papers-india-GAN,INE278O01015
GUJS,Gujarat State Financial Corp,GUJSTATFIN,stock,/stocks/gujarat-state-financial-corporation-GUJS,INE944A01011
GTV,GTV Engineering Ltd,GTV,stock,/stocks/gtv-engineering-GTV,INE910R01024
GENP,Genpharmasec Ltd,GENPHARMA,stock,/stocks/generic-pharmasec-GENP,INE861N01036
GOLC,Golden Carpets Ltd,GOLCA,stock,/stocks/golden-carpets-GOLC,INE595D01015
GALL,Gallops Enterprise Ltd,GALLOPENT,stock,/stocks/gallops-enterprise-GALL,INE755J01012
GOLDG,Golden Legand Leasing and Finance Ltd,GOLDLEG,stock,/stocks/golden-legand-leasing-and-finance-GOLDG,INE088E01019
GOP,Gopal Iron and Steels Company (Gujarat) Ltd,GOPAIST,stock,/stocks/gopal-iron-and-steels-cogujarat-GOP,INE641H01018
GRE,Greencrest Financial Services Ltd,GREENCREST,stock,/stocks/greencrest-financial-services-GRE,INE414C01045
GOR,Gorani Industries Ltd,GORANIN,stock,/stocks/gorani-industries-GOR,INE792J01015
GALAD,Galada Finance Ltd,GALADAFIN,stock,/stocks/galada-finance-GALAD,INE243E01010
SIND,GHV Infra Projects Ltd,GHVINFRA,stock,/stocks/sindu-valley-technologies-SIND,INE809Q01020
GGA,G. G. Automotive Gears Ltd,GGAUTO,stock,/stocks/g-g-automotive-gears-GGA,INE493B01017
GOLE,Golechha Global Finance Ltd,GOLECHA,stock,/stocks/golechha-global-finance-GOLE,INE427D01011
GARNE,Garnet Construction Ltd,GARNET,stock,/stocks/garnet-construction-GARNE,INE797D01017
GARN,Garnet International Ltd,GARNETINT,stock,/stocks/garnet-international-GARN,INE590B01010
GLA,Glance Finance Ltd,GLANCE,stock,/stocks/glance-finance-GLA,INE580D01017
GEM,Gemstone Investments Ltd,GEMSI,stock,/stocks/gemstone-investments-GEM,INE503D01027
GAJ,Gajanan Securities Services Ltd,GAJANANSEC,stock,/stocks/gajanan-securities-services-GAJ,INE868G01019
GAGA,Gagan Gases Ltd,GAGAN,stock,/stocks/gagan-gases-GAGA,INE076D01016
GOY,Goyal Associates Ltd,GOYALASS,stock,/stocks/goyal-associates-GOY,INE912B01032
GSB,GSB Finance Ltd,GSBFIN,stock,/stocks/gsb-finance-GSB,INE777C01011
GARW,Garware Synthetics Ltd,GARWSYN,stock,/stocks/garware-synthetics-GARW,INE340D01016
GARG,Garg Furnace Ltd,GARGFUR,stock,/stocks/garg-furnace-GARG,INE194E01015
GUJCO,Gujarat Cotex Ltd,GUJCOTEX,stock,/stocks/gujarat-cotex-GUJCO,INE004C01028
GAYA,Gayatri BioOrganics Ltd,GAYATRIBI,stock,/stocks/gayatri-bioorganics-GAYA,INE052E01015
GEMS,Gem Spinners India Ltd,GEMSPIN,stock,/stocks/gem-spinners-india-GEMS,INE165F01020
GOT,Gothi Plascon (India) Ltd,GOTHIPL,stock,/stocks/gothi-plascon-india-GOT,INE538G01018
ZGA,Gaekwar Mills Ltd,ZGAEKWAR,stock,/stocks/gaekwar-mills-ZGA,INE837X01027
GDL,G D L Leasing and Finance Ltd,GDLLEAS,stock,/stocks/gdl-leasing-and-finance-GDL,INE545E01018
GOW,Gowra Leasing and Finance Ltd,GOWRALE,stock,/stocks/gowra-leasing-and-finance-GOW,INE225G01012
CINER,GTT Data Solutions Ltd,GTTDATA,stock,/stocks/cinerad-communications-CINER,INE959B01017
GSLS,GSL Securities Ltd,GSLSEC,stock,/stocks/gsl-securities-GSLS,INE721D01017
GUJCE,Gujrat Credit Corporation Ltd,GUJCRED,stock,/stocks/gujarat-credit-corporation-GUJCE,INE034B01019
GUJCR,Gujarat Craft Industries Ltd,GUJCRAFT,stock,/stocks/gujarat-craft-industries-GUJCR,INE372D01019
GUJIN,Gujarat Intrux Ltd,GUJINTRX,stock,/stocks/gujarat-intrux-GUJIN,INE877E01015
GLOBA,Global Capital Markets Ltd,GLOBALCA,stock,/stocks/global-capital-markets-GLOBA,INE062C01042
GLI,Glittek Granites Ltd,GLITTEKG,stock,/stocks/glittek-granites-GLI,INE741B01027
GUJT,Gujarat Terce Laboratories Ltd,GUJTERC,stock,/stocks/gujarat-terce-laboratories-GUJT,INE499G01013
GYA,Gyan Developers and Builders Ltd,GYANDEV,stock,/stocks/gyan-developers-and-builders-GYA,INE487G01018
GALXB,Galaxy Bearings Ltd,GALXBRG,stock,/stocks/galaxy-bearings-GALXB,INE020S01012
GUJCN,Gujarat Containers Ltd,GUJCONT,stock,/stocks/gujarat-containers-GUJCN,INE276I01011
GENES,Genesis IBRC India Ltd,GENESIS,stock,/stocks/genesis-ibrc-india-GENES,INE194N01016
GNR,Gujarat Natural Resources Ltd,GNRL,stock,/stocks/gujarat-natural-resources-GNR,INE207H01018
GOD,Godavari Drugs Ltd,GODAVARI,stock,/stocks/godavari-drugs-GOD,INE362C01012
GLOBU,Globus Power Generation Ltd,GLOBUSCON,stock,/stocks/globus-power-generation-GLOBU,INE064L01015
PIF,Grand Oak Canyons Distillery Ltd,GRANDOAK,stock,/stocks/pacheli-industrial-finance-PIF,INE926B01016
GRAT,Gratex Industries Ltd,GRATEXI,stock,/stocks/gratex-industries-GRAT,INE915E01013
GOLK,Golkunda Diamonds and Jewellery Ltd,GOLKUNDIA,stock,/stocks/golkunda-diamonds-and-jewellery-GOLK,INE798D01015
GUJA,Gujarat Poly Electronics Ltd,GUJARATPOLY,stock,/stocks/gujarat-poly-electronics-GUJA,INE541F01022
GALP,Galada Power & Telecommunication Ltd,GALADA,stock,/stocks/galada-power-and-telecommunication-GALP,INE255C01018
GUJIJ,Gujarat Inject Kerala Ltd,GUJINJEC,stock,/stocks/gujarat-inject-kerala-GUJIJ,INE659F01014
GOLKO,Golkonda Aluminium Extrusions Ltd,GOLKONDA,stock,/stocks/golkonda-aluminium-extrusions-GOLKO,INE327C01031
GUJTL,Gujarat Toolroom Ltd,GUJTLRM,stock,/stocks/gujarat-toolroom-GUJTL,INE145J01032
GVF,GV Films Ltd,GVFILM,stock,/stocks/g-v-films-GVF,INE395B01048
INTEL,Gourmet Gateway India Ltd,GOURMET,stock,/stocks/intellivate-capital-ventures-INTEL,INE512D01028
ZGO,Gold Rock Investments Ltd,ZGOLDINV,stock,/stocks/gold-rock-investments-ZGO,INE598F01014
GSA,G.S. Auto International Ltd,GSAUTO,stock,/stocks/g-s-auto-international-GSA,INE736H01024
GEG,GEE Ltd,GEE,stock,/stocks/gee-GEG,INE064H01021
GGD,GG Dandeker Machine Works Ltd,GGDPROP,stock,/stocks/g-g-dandekar-machine-works-GGD,INE631D01026
GANO,Ganon Products Ltd,GANONPRO,stock,/stocks/ganon-products-GANO,INE162L01017
GANES,Ganesh Benzoplast Ltd,GANESHBE,stock,/stocks/ganesh-benzoplast-GANES,INE388A01029
GUJH,Gujarat Hotels Ltd,GUJHOTE,stock,/stocks/gujarat-hotels-GUJH,INE621C01011
GRAU,Grauer And Weil (India) Ltd,GRAUWEIL,stock,/stocks/grauer-and-weil-india-GRAU,INE266D01021
GARWA,Garware Marine Industries Ltd,GARWAMAR,stock,/stocks/garware-marine-industries-GARWA,INE925D01014
GMP,G M Polyplast Ltd,GMPL,stock,/stocks/g-m-polyplast-GMP,INE0E2801015
GLAN,Gland Pharma Ltd,GLAND,stock,/stocks/gland-pharma-GLAN,INE068V01023
GUJPE,Gujarat Petrosynthese Ltd,GUJPETR,stock,/stocks/gujarat-petrosynthese-GUJPE,INE636P01011
GOOD,Goodricke Group Ltd,GOODRICKE,stock,/stocks/goodricke-group-GOOD,INE300A01016
GARWR,Garware Hi-Tech Films Ltd,GRWRHITECH,stock,/stocks/garware-polyester-GARWR,INE291A01017
GRAVI,Graviss Hospitality Ltd,GRAVISSHO,stock,/stocks/graviss-hospitality-GRAVI,INE214F01026
GOODY,Goodyear India Ltd,GOODYEAR,stock,/stocks/goodyear-india-GOODY,INE533A01012
GUJTH,Gujarat Themis Biosyn Ltd,GUJTHEM,stock,/stocks/gujarat-themis-biosyn-GUJTH,INE942C01045
GRI,G R Infraprojects Ltd,GRINFRA,stock,/stocks/g-r-infraprojects-GRI,INE201P01022
GCS,Gretex Corporate Services Ltd,GCSL,stock,/stocks/gretex-corporate-services-GCS,INE199P01028
GOC,Go Fashion (India) Ltd,GOCOLORS,stock,/stocks/go-fashion-india-GOC,INE0BJS01011
GET,Getalong Enterprise Ltd,GETALONG,stock,/stocks/getalong-enterprise-GET,INE0H1201020
GAT,Gateway Distriparks Ltd,GATEWAY,stock,/stocks/gateway-distriparks-GAT,INE079J01017
GHC,GHCL Textiles Ltd,GHCLTEXTIL,stock,/stocks/ghcl-textiles-GHC,INE0PA801013
GOE,Goel Food Products Ltd,GOEL,stock,/stocks/goel-food-products-GOE,INE0K6L01010
GLH,Global Longlife Hospital and Research Ltd,GLHRL,stock,/stocks/global-longlife-hospital-and-research-GLH,INE0J2K01014
GRCL,Gayatri Rubbers and Chemicals Ltd,GRCL,stock,/stocks/gayatri-rubbers-and-chemicals-GRCL,INE0LVM01018
GSTL,Globesecure Technologies Ltd,GSTL,stock,/stocks/globesecure-technologies-GSTL,INE00WS01056
GSLSU,Global Surfaces Ltd,GSLSU,stock,/stocks/global-surfaces-GSLSU,INE0JSX01015
MEDA,Global Health Ltd,MEDANTA,stock,/stocks/global-health-MEDA,INE474Q01031
GMR,GMR Power and Urban Infra Ltd,GMRP&UI,stock,/stocks/gmr-power-and-urban-infra-GMR,INE0CU601026
GLOBL,Global Pet Industries Ltd,GLOBALPET,stock,/stocks/global-pet-industries-GLOBL,INE0PS501019
GREE,Greenchef Appliances Ltd,GREENCHEF,stock,/stocks/greenchef-appliances-GREE,INE0O7P01015
GOYA,Goyal Salt Ltd,GOYALSALT,stock,/stocks/goyal-salt-GOYA,INE0QFE01017
GAND,Gandhar Oil Refinery (INDIA) Ltd,GANDHAR,stock,/stocks/gandhar-oil-refinery-india-GAND,INE717W01049
GVL,Greenhitech Ventures Ltd,GVL,stock,/stocks/greenhitech-ventures-GVL,INE0S0701019
GPT,GPT Healthcare Ltd,GPTHEALTH,stock,/stocks/gpt-healthcare-GPT,INE486R01017
GODIG,Go Digit General Insurance Ltd,GODIGIT,stock,/stocks/go-digit-general-insurance-GODIG,INE03JT01014
GPS,Gabriel Pet Straps Ltd,GPSL,stock,/stocks/gabriel-pet-straps-GPS,INE0QZF01012
BIRD,Grill Splendour Services Ltd,BIRDYS,stock,/stocks/grill-splendour-services-BIRD,INE0PC901019
GSM,GSM Foils Ltd,GSMFOILS,stock,/stocks/gsm-foils-GSM,INE0SQY01018
GOPAL,Gopal Snacks Ltd,GOPAL,stock,/stocks/gopal-snacks-GOPAL,INE0L9R01028
GEME,GEM Enviro Management Ltd,GEMENVIRO,stock,/stocks/gem-enviro-management-GEME,INE0RUJ01013
GRAP,Graphisads Ltd,GRAPHISAD,stock,/stocks/graphisads-GRAP,INE0POU01017
GCO,Gconnect Logitech and Supply Chain Ltd,GCONNECT,stock,/stocks/gconnect-logitech-and-supply-chain-GCO,INE0QHY01011
GGB,Ganesh Green Bharat Ltd,GGBL,stock,/stocks/ganesh-green-bharat-GGB,INE0R8C01018
GPE,GP Eco Solutions India Ltd,GPECO,stock,/stocks/gp-eco-solutions-india-GPE,INE0S7E01015
GALAP,Gala Precision Engineering Ltd,GALAPREC,stock,/stocks/gala-precision-engineering-GALAP,INE0RE001014
GLOBE,Globale Tessile Ltd,GLOBALE,stock,/stocks/globale-tessile-GLOBE,INE0URU01010
GODA,Godavari Biorefineries Ltd,GODAVARIB,stock,/stocks/godavari-biorefineries-GODA,INE497S01012
GANEH,Ganesh Infraworld Ltd,GANESHIN,stock,/stocks/ganesh-infraworld-GANEH,INE0TVT01024
GARU,Garuda Construction and Engineering Ltd,GARUDA,stock,/stocks/garuda-construction-and-engineering-GARU,INE0JVO01026
GAJA,Gajanand International Ltd,GAJANAND,stock,/stocks/gajanand-international-GAJA,INE0QTE01018
GBLO,GB Logistics Commerce Ltd,GBLOGISTIC,stock,/stocks/gb-logistics-commerce-GBLO,INE0RWU01016
GCH,Grand Continent Hotels Ltd,GCHOTELS,stock,/stocks/grand-continent-hotels-GCH,INE12E301017
GANGB,GANGA Bath Fittings Ltd,GANGABATH,stock,/stocks/ganga-bath-fittings-GANGB,INE0ZI101018
GLOBC,Globe Civil Projects Ltd,GLOBECIVIL,stock,/stocks/globe-civil-projects-GLOBC,INE0V3U01015
GLEG,GLEN Industries Ltd,GLEN,stock,/stocks/glen-industries-GLEG,INE0UMC01019
EBG,GNG Electronics Ltd,EBGNG,stock,/stocks/gng-electronics-EBG,INE18JU01028
GVP,GVP Infotech Ltd Partly Paidup,GVPTECHPP,stock,/stocks/gvp-infotech-partly-paidup-GVP,IN9382T01012
GEMA,Gem Aromatics Ltd,GEMAROMA,stock,/stocks/gem-aromatics-GEMA,INE06XZ01023
GLOBT,Globtier Infotech Ltd,GLOBTIER,stock,/stocks/globtier-infotech-GLOBT,INE12P601017
GOEL,Goel Construction Company Ltd,GOELCONS,stock,/stocks/goel-construction-company-GOEL,INE0ZOM01013
GMG,Galaxy Medicare Ltd,GML,stock,/stocks/galaxy-medicare-GMG,INE09A801015
GANEC,Ganesh Consumer Products Ltd,GANESHCP,stock,/stocks/ganesh-consumer-products-GANEC,INE652V01016
GKE,GK Energy Ltd,GKENERGY,stock,/stocks/gk-energy-GKE,INE1AG301022
GUR,Gurunanak Agriculture India Ltd,GURUNANAK,stock,/stocks/gurunanak-agriculture-india-GUR,INE1CCX01012
GPA,Gujarat Peanut and Agri Products Ltd,GPAPL,stock,/stocks/gujarat-peanut-and-agri-products-GPA,INE0SIK01014
GLOT,Glottis Ltd,GLOTTIS,stock,/stocks/glottis-GLOT,INE0TQE01026
GREEN,Greenleaf Envirotech Ltd,GREENLEAF,stock,/stocks/greenleaf-envirotech-GREEN,INE0PLX01017
TRADE,Game Changers Texfab Ltd,TRADEUNO,stock,/stocks/game-changers-texfab-TRADE,INE1GUJ01014
GALLA,Gallard Steel Ltd,GALLARD,stock,/stocks/gallard-steel-GALLA,INE0BUQ01012
GLOBO,Global Ocean Logistics India Ltd,GLOBALLOG,stock,/stocks/global-ocean-logistics-india-GLOBO,INE1ITY01011
GKS,Gujarat Kidney and Super Speciality Ltd,GKSL,stock,/stocks/gujarat-kidney-and-super-speciality-GKS,INE0V0W01025
HEAC,Healthcare Global Enterprises Ltd,HCG,stock,/stocks/healthcare-global-enterprises-HEAC,INE075I01017
HAPP,Happiest Minds Technologies Ltd,HAPPSTMNDS,stock,/stocks/happiest-minds-technologies-HAPP,INE419U01012
HIAE,Hindustan Aeronautics Ltd,HAL,stock,/stocks/hindustan-aeronautics-HIAE,INE066F01020
HDBK,HDFC Bank Ltd,HDFCBANK,stock,/stocks/hdfc-bank-HDBK,INE040A01034
HVEL,Havells India Ltd,HAVELLS,stock,/stocks/havells-india-HVEL,INE176B01034
HDFB,HDFC Nifty Banking ETF,HDFCNIFBAN,etf,/etfs/hdfc-banking-etf-HDFB,INF179KC1HY0
HBSH,HB Stockholdings Ltd,HBSL,stock,/stocks/hb-stockholdings-HBSH,INE550B01022
HAWY,Hathway Cable and Datacom Ltd,HATHWAY,stock,/stocks/hathway-cable-and-datacom-HAWY,INE982F01036
HCNS,Hindustan Construction Company Ltd,HCC,stock,/stocks/hindustan-construction-company-HCNS,INE549A01026
HCLT,HCL Technologies Ltd,HCLTECH,stock,/stocks/hcl-technologies-HCLT,INE860A01027
HDFA,HDFC Asset Management Company Ltd,HDFCAMC,stock,/stocks/hdfc-asset-management-company-HDFA,INE127D01025
HCLI,HCL Infosystems Ltd,HCL-INSYS,stock,/stocks/hcl-infosystems-HCLI,INE236A01020
HRMA,Harrisons Malayalam Ltd,HARRMALAYA,stock,/stocks/harrisons-malayalam-HRMA,INE544A01019
HBLS,HBL Engineering Ltd,HBLENGINE,stock,/stocks/hbl-power-systems-HBLS,INE292B01021
HAPL,Hatsun Agro Product Ltd,HATSUN,stock,/stocks/hatsun-agro-product-HAPL,INE473B01035
HDGO,HDFC Gold ETF,HDFCGOLD,etf,/etfs/hdfc-gold-etf-HDGO,INF179KC1981
HEFI,Heritage Foods Ltd,HERITGFOOD,stock,/stocks/heritage-foods-HEFI,INE978A01027
HECF,HEC Infra Projects Ltd,HECPROJECT,stock,/stocks/hec-infra-projects-HECF,INE558R01013
HEGL,HEG Ltd,HEG,stock,/stocks/heg-HEGL,INE545A01024
HDFL,HDFC Life Insurance Company Ltd,HDFCLIFE,stock,/stocks/hdfc-life-insurance-company-HDFL,INE795G01014
HOVS,HandsOn Global Management (HGM) Ltd,HGM,stock,/stocks/hov-services-HOVS,INE596H01014
HERC,Hercules Investments Ltd,HERCULES,stock,/stocks/hercules-hoists-HERC,INE688E01024
HEXT,Hexaware Technologies Ltd,HEXT,stock,/stocks/hexaware-technologies-HEXT,INE093A01041
HCPR,Hindustan Copper Ltd,HINDCOPPER,stock,/stocks/hindustan-copper-HCPR,INE531E01026
HMSD,Himatsingka Seide Ltd,HIMATSEIDE,stock,/stocks/himatsingka-seide-HMSD,INE049A01027
HEID,Heidelbergcement India Ltd,HEIDELBERG,stock,/stocks/heidelbergcement-india-HEID,INE578A01017
HEXA,Hexa Tradex Ltd,HEXATRADEX,stock,/stocks/hexa-tradex-HEXA,INE750M01017
HDIL,Housing Development and Infrastructure Ltd,HDIL,stock,/stocks/housing-development-and-infrastructure-HDIL,INE191I01012
HEST,Hester Biosciences Ltd,HESTERBIO,stock,/stocks/hester-biosciences-HEST,INE782E01017
HFRD,Hindustan Composites Ltd,HINDCOMPOS,stock,/stocks/hindustan-composites-HFRD,INE310C01029
HILT,Hilton Metal Forging Ltd,HILTON,stock,/stocks/hilton-metal-forging-HILT,INE788H01017
HMTR,Hindustan Motors Ltd,HINDMOTORS,stock,/stocks/hindustan-motors-HMTR,INE253A01025
HONE,Honeywell Automation India Ltd,HONAUT,stock,/stocks/honeywell-automation-india-HONE,INE671A01010
HGSL,Hinduja Global Solutions Ltd,HGS,stock,/stocks/hinduja-global-solutions-HGSL,INE170I01016
HLL,Hindustan Unilever Ltd,HINDUNILVR,stock,/stocks/hindustan-unilever-HLL,INE030A01027
HRCT,Hind Rectifiers Ltd,HIRECT,stock,/stocks/hind-rectifiers-HRCT,INE835D01023
HOCL,Hindustan Organic Chemicals Ltd,HOCL,stock,/stocks/hindustan-organic-chemicals-HOCL,INE048A01011
HTML,HT Media Ltd,HTMEDIA,stock,/stocks/ht-media-HTML,INE501G01024
HLVL,HLV Ltd,HLVLTD,stock,/stocks/hlv-HLVL,INE102A01024
HINP,Hindprakash Industries Ltd,HPIL,stock,/stocks/hindprakash-industries-HINP,INE05X901010
HISR,Hisar Metal Industries Ltd,HISARMETAL,stock,/stocks/hisar-metal-industries-HISR,INE598C01011
HOND,Honda India Power Products Ltd,HONDAPOWER,stock,/stocks/honda-india-power-products-HOND,INE634A01018
HIDN,Hindcon Chemicals Ltd,HINDCON,stock,/stocks/hindcon-chemicals-HIDN,INE642Y01029
HINS,Hindustan Media Ventures Ltd,HMVL,stock,/stocks/hindustan-media-ventures-HINS,INE871K01015
HPLE,HPL Electric & Power Ltd,HPL,stock,/stocks/hpl-electric-and-power-HPLE,INE495S01016
HUBT,Hubtown Ltd,HUBTOWN,stock,/stocks/hubtown-HUBT,INE703H01016
HDFN,HDFC Nifty 50 ETF,HDFCNIFTY,etf,/etfs/hdfc-nifty-50-etf-HDFN,INF179KC1965
HDSE,HDFC BSE Sensex ETF,HDFCSENSEX,etf,/etfs/hdfc-sensex-30-etf-HDSE,INF179KC1HX2
HFCL,HFCL Ltd,HFCL,stock,/stocks/hfcl-HFCL,INE548A01028
HTGR,Hi-Tech Gears Ltd,HITECHGEAR,stock,/stocks/hi-tech-gears-HTGR,INE127B01011
HROM,Hero MotoCorp Ltd,HEROMOTOCO,stock,/stocks/hero-motocorp-HROM,INE158A01026
HIKA,Hikal Ltd,HIKAL,stock,/stocks/hikal-HIKA,INE475B01022
HALC,Hindalco Industries Ltd,HINDALCO,stock,/stocks/hindalco-industries-HALC,INE038A01020
HITC,Hi-Tech Pipes Ltd,HITECH,stock,/stocks/hi-tech-pipes-HITC,INE106T01025
HMTL,HMT Ltd,HMT,stock,/stocks/hmt-HMTL,INE262A01018
HFDS,Hindustan Foods Ltd,HNDFDS,stock,/stocks/hindustan-foods-HFDS,INE254N01026
HOEX,Hindustan Oil Exploration Company Ltd,HINDOILEXP,stock,/stocks/hindustan-oil-exploration-company-HOEX,INE345A01011
HPCL,Hindustan Petroleum Corp Ltd,HINDPETRO,stock,/stocks/hindustan-petroleum-corp-HPCL,INE094A01015
HGIN,HG Infra Engineering Ltd,HGINFRA,stock,/stocks/hg-infra-engineering-part-ix-HGIN,INE926X01010
HITE,Hitech Corporation Ltd,HITECHCORP,stock,/stocks/hitech-corporation-HITE,INE120D01012
HUDC,Housing and Urban Development Corporation Ltd,HUDCO,stock,/stocks/housing-and-urban-development-corporation-HUDC,INE031A01017
HZNC,Hindustan Zinc Ltd,HINDZINC,stock,/stocks/hindustan-zinc-HZNC,INE267A01025
HIMD,Himadri Speciality Chemical Ltd,HSCL,stock,/stocks/himadri-speciality-chemical-HIMD,INE019C01026
MFCL,Hybrid Financial Services Ltd,HYBRIDFIN,stock,/stocks/hybrid-financial-services-MFCL,INE965B01022
HUHT,Huhtamaki India Ltd,HUHTAMAKI,stock,/stocks/huhtamaki-india-HUHT,INE275B01026
ABBW,Hitachi Energy India Ltd,POWERINDIA,stock,/stocks/abb-power-products-and-systems-india-ABBW,INE07Y701011
SMSL,Haleos Labs Ltd,HALEOSLABS,stock,/stocks/sms-lifesciences-india-SMSL,INE320X01016
SOMN,Hindware Home Innovation Ltd,HINDWAREAP,stock,/stocks/somany-home-innovation-SOMN,INE05AN01011
TEMA,Heads UP Ventures Ltd,HEADSUP,stock,/stocks/mandhana-retail-ventures-TEMA,INE759V01019
HAR,Hardwyn India Ltd,HARDWYN,stock,/stocks/hardwyn-india-HAR,INE626Z01029
HBE,Humming Bird Education Ltd,HBEL,stock,/stocks/humming-bird-education-HBE,INE02PC01027
HAN,Hanman Fit Ltd,HANMAN,stock,/stocks/hanman-fit-HAN,INE982Q01017
HCK,HCKK Ventures Ltd,HCKKVENTURE,stock,/stocks/hckk-ventures-HCK,INE345Q01017
HAS,Has Lifestyle Ltd,HASJUICE,stock,/stocks/has-lifestyle-HAS,INE888Q01016
HIL,Hiliks Technologies Ltd,HILIKS,stock,/stocks/hiliks-technologies-HIL,INE966Q01010
HARI,Harish Textile Engineers Ltd,HARISH,stock,/stocks/harish-textile-engineers-HARI,INE01K301012
HBES,HB Estate Developers Ltd,HBESD,stock,/stocks/hb-estate-developers-HBES,INE640B01021
PHO,HBG Hotels Ltd,PHOENIXTN,stock,/stocks/phoenix-township-PHO,INE977M01024
HEL,Helpage Finlease Ltd,HELPAGE,stock,/stocks/helpage-finlease-HEL,INE738P01015
HARIA,Haria Apparels Ltd,HARIAAPL,stock,/stocks/haria-apparels-HARIA,INE493N01012
HCL,Hind Commerce Ltd,HCLTD,stock,/stocks/hind-commerce-HCL,INE691J01019
HAL,Halder Venture Ltd,HALDER,stock,/stocks/halder-venture-HAL,INE115S01010
HARY,Haryana Capfin Ltd,HARYNACAP,stock,/stocks/haryana-capfin-HARY,INE928H01019
HYP,Hypersoft Technologies Ltd,HYPERSOFT,stock,/stocks/hypersoft-technologies-HYP,INE039D01014
HAZ,Hazoor Multi Projects Ltd,HAZOOR,stock,/stocks/hazoor-multi-projects-HAZ,INE550F01049
HBP,HB Portfolio Ltd,HBPOR,stock,/stocks/hb-portfolio-HBP,INE638B01025
HIN,Hind Aluminium Industries Ltd,HINDALUMI,stock,/stocks/hind-aluminium-industries-HIN,INE227B01019
HIND,Hindustan Bio Sciences Ltd,HINDBIO,stock,/stocks/hindustan-bio-sciences-HIND,INE597C01021
HIK,Hi-Klass Trading and Investment Ltd,HIKLASS,stock,/stocks/hi-klass-trading-and-investment-HIK,INE302R01024
ZHI,Hindustan Housing Company Ltd,ZHINDHSG,stock,/stocks/hindustan-housing-company-ZHI,INE083O01019
HIT,Hittco Tools Ltd,HITTCO,stock,/stocks/hittco-tools-HIT,INE863C01019
HUI,Hindusthan Urban Infrastructure Ltd,HUIL,stock,/stocks/hindusthan-urban-infrastructure-HUI,INE799B01017
HOT,H S India Ltd,HOTLSILV,stock,/stocks/h-s-india-HOT,INE731B01010
HIR,Hira Automobiles Ltd,HIRAUTO,stock,/stocks/hira-automobile-HIR,INE258Z01013
HINDA,Hindustan Appliances Ltd,HINDAPL,stock,/stocks/hindustan-appliances-HINDA,INE02XD01011
HARIG,Hari Govind International Ltd,HARIGOV,stock,/stocks/hari-govind-international-HARIG,INE167F01018
HITK,Hit Kit Global Solutions Ltd,HITKITGLO,stock,/stocks/hit-kit-global-solutions-HITK,INE309B01023
HEAL,Healthy Investments Ltd,HEALINV,stock,/stocks/healthy-investments-HEAL,INE160N01017
MIR,Harshil Agrotech Ltd,HARSHILAGR,stock,/stocks/mirch-technologies-india-MIR,INE098E01026
HINDU,Hindustan Agrigentics Ltd,HINDUST,stock,/stocks/hindustan-agrigenetics-HINDU,INE092301014
HAST,Hasti Finance Ltd,HASTIFIN,stock,/stocks/hasti-finance-HAST,INE671D01014
GOPA,HCP Plastene Bulkpack Ltd,HPBL,stock,/stocks/gopala-polyplast-GOPA,INE136C01044
HINDD,Hindustan Adhesives Ltd,HINDADH,stock,/stocks/hindustan-adhesives-HINDD,INE074C01013
HARIE,Haria Exports Ltd,HARIAEXPO,stock,/stocks/haria-exports-HARIE,INE772B01014
HAW,Hawa Engineers Ltd,HAWAENG,stock,/stocks/hawa-engineers-HAW,INE230I01018
HEM,Hemang Resources Ltd,HEMANG,stock,/stocks/hemang-resources-HEM,INE930A01010
HEMO,Hemo Organic Ltd,HEMORGANIC,stock,/stocks/hemo-organic-HEMO,INE422G01015
HLE,HLE Glascoat Ltd,HLEGLAS,stock,/stocks/hle-glascoat-HLE,INE461D01028
HIPO,Hipolin Ltd,HIPOLIN,stock,/stocks/hipolin-HIPO,INE963A01011
HINDT,Hindustan Tin Works Ltd,HINDTIN,stock,/stocks/hindustan-tin-works-HINDT,INE428D01019
RPI,Hampton Sky Realty Ltd,HAMPTON,stock,/stocks/ritesh-properties-and-industries-RPI,INE299D01022
HEE,Heera Ispat Ltd,HEERAISP,stock,/stocks/heera-ispat-HEE,INE025D01013
HIS,Hisar Spinning Mills Ltd,HISARSP,stock,/stocks/hisar-spinning-mills-HIS,INE689E01014
HINDM,Hindoostan Mills Ltd,HINDMILL,stock,/stocks/hindoostan-mills-HINDM,INE832D01020
HRY,Hariyana Ship Breakers Ltd,HRYNSHP,stock,/stocks/hariyana-ship-breakers-HRY,INE400G01011
HRM,Harmony Capital Services Ltd,HRMNYCP,stock,/stocks/harmony-capital-services-HRM,INE264N01017
HFI,Himalaya Food International Ltd,HFIL,stock,/stocks/himalaya-food-international-HFI,INE552B01010
HOW,Howard Hotels Ltd,HOWARHO,stock,/stocks/howard-hotels-HOW,INE931B01016
HALD,Haldyn Glass Ltd,HALDYNGL,stock,/stocks/haldyn-glass-HALD,INE506D01020
HARM,Hariyana Ventures Ltd,HVL,stock,/stocks/hariyana-metals-HARM,INE219D01012
HPCO,H P Cotton Textile Mills Ltd,HPCOTTON,stock,/stocks/h-p-cotton-textile-mills-HPCO,INE950C01014
TRITN,Homre Ltd,TRITON,stock,/stocks/triton-corp-TRITN,INE982C01033
HAT,Hathway Bhawani Cabletel and Datacom Ltd,HATHWAYB,stock,/stocks/hathway-bhawani-cabletel-and-datacom-HAT,INE525B01016
HIGH,High Energy Batteries (India) Ltd,HIGHENE,stock,/stocks/high-energy-batteries-india-HIGH,INE783E01023
HARIC,Harig Crankshafts Ltd,HARCR,stock,/stocks/harig-crankshafts-HARIC,INE905C01034
ZHIN,Hindusthan Udyog Ltd,ZHINUDYP,stock,/stocks/hindusthan-udyog-ZHIN,INE582K01018
HINF,Hindustan Fluoro Carbons Ltd,HINFLUR,stock,/stocks/hindustan-fluoro-carbons-HINF,INE806J01013
HARD,Hardcastle and Waud Manufacturing Co Ltd,HARDCAS,stock,/stocks/hardcastle-and-waud-mfg-co-HARD,INE722D01015
HARL,Haryana Leather Chemicals Ltd,HARLETH,stock,/stocks/haryana-leather-chemicals-HARL,INE681F01018
HBL,HB Leasing and Finance Co Ltd,HBLEAS,stock,/stocks/hb-leasing-and-finance-co-HBL,INE549B01016
HIMT,HIM Teknoforge Ltd,HIMTEK,stock,/stocks/him-teknoforge-HIMT,INE705G01021
HAWK,Hawkins Cookers Ltd,HAWKINCOOK,stock,/stocks/hawkins-cooker-HAWK,INE979B01015
HINDH,Hindustan Hardy Ltd,HINDHARD,stock,/stocks/hindustan-hardy-HINDH,INE724D01011
HEMI,Hemisphere Properties India Ltd,HEMIPROP,stock,/stocks/hemisphere-properties-india-HEMI,INE0AJG01018
HER,Heranba Industries Ltd,HERANBA,stock,/stocks/heranba-industries-HER,INE694N01015
HOM,Home First Finance Company India Ltd,HOMEFIRST,stock,/stocks/home-first-finance-company-india-HOM,INE481N01025
HPA,Hp Adhesives Ltd,HPAL,stock,/stocks/hp-adhesives-HPA,INE0GSL01024
HARIO,Hariom Pipe Industries Ltd,HARIOMPIPE,stock,/stocks/hariom-pipe-industries-HARIO,INE00EV01017
HDFCN,HDFC Nifty NEXT 50 ETF,HDFCNEXT50,etf,/etfs/hdfc-nifty-next-50-etf-HDFCN,INF179KC1HS2
HARS,Harsha Engineers International Ltd,HARSHA,stock,/stocks/harsha-engineers-international-HARS,INE0JUS01029
HDFCG,HDFC Nifty Growth Sectors 15 ETF,HDFCGROWTH,etf,/etfs/hdfc-nifty-growth-sectors-15-etf-HDFCG,INF179KC1DJ0
HDFCB,HDFC BSE 500 ETF,HDFCBSE500,etf,/etfs/hdfc-s-and-p-bse-500-etf-HDFCB,INF179KC1EZ4
HDF,HDFC Nifty 100 ETF,HDFCNIF100,etf,/etfs/hdfc-nifty-100-etf-HDF,INF179KC1HR4
HDFCQ,HDFC Nifty100 Quality 30 ETF,HDFCQUAL,etf,/etfs/hdfc-nifty-100-quality-30-etf-HDFCQ,INF179KC1DL6
HDFCS,HDFC Silver ETF,HDFCSILVER,etf,/etfs/hdfc-silver-etf-HDFCS,INF179KC1DI2
HDFCM,HDFC Nifty200 Momentum 30 ETF,HDFCMOMENT,etf,/etfs/hdfc-nifty-200-momentum-30-etf-HDFCM,INF179KC1HV6
HEALH,Healthy Life Agritec Ltd,HEALTHYLIFE,stock,/stocks/healthy-life-agritec-HEALH,INE0L3501015
HDFCI,HDFC Nifty IT ETF,HDFCNIFIT,etf,/etfs/hdfc-nifty-it-etf-HDFCI,INF179KC1IA8
HDFCD,HDFC NIFTY Midcap 150 ETF,HDFCMID150,etf,/etfs/hdfc-nifty-midcap-150-etf-HDFCD,INF179KC1HT0
HDFCP,HDFC Nifty Private Bank ETF,HDFCPVTBAN,etf,/etfs/hdfc-nifty-bank-etf-HDFCP,INF179KC1HZ7
HOME,Homesfy Realty Ltd,HOMESFY,stock,/stocks/homesfy-realty-HOME,INE0N7F01017
HDFCV,HDFC Nifty50 Value 20 ETF,HDFCVALUE,etf,/etfs/hdfc-nifty-50-value-20-etf-HDFCV,INF179KC1DK8
HOL,Holmarc Opto-Mechatronics Ltd,HOLMARC,stock,/stocks/holmarc-opto-mechatronics-HOL,INE0LXA01019
HDFCH,HDFC NIFTY Smallcap 250 ETF,HDFCSML250,etf,/etfs/hdfc-nifty-small-cap-250-etf-HDFCH,INF179KC1FB2
HSI,Hemant Surgical Industries Ltd,HSIL,stock,/stocks/hemant-surgical-industries-HSI,INE0GYI01028
HDFCL,HDFC Nifty100 Low Volatility 30 ETF,HDFCLOWVOL,etf,/etfs/hdfc-nifty-100-low-volatility-30-etf-HDFCL,INF179KC1HU8
HMA,HMA Agro Industries Ltd,HMAAGRO,stock,/stocks/hma-agro-industries-HMA,INE0ECP01024
HIGR,Hi-Green Carbon Ltd,HIGREEN,stock,/stocks/hi-green-carbon-HIGR,INE0PIC01017
HDFCU,HDFC Nifty 1D Rate Liquid ETF - Growth,HDFCLIQUID,etf,/etfs/hdfc-nifty-1d-rate-liquid-etf-HDFCU,INF179KC1JG3
HON,Honasa Consumer Ltd,HONASA,stock,/stocks/honasa-consumer-HON,INE0J5401028
HAP,Happy Forgings Ltd,HAPPYFORGE,stock,/stocks/happy-forgings-HAP,INE330T01021
HDFCK,HDFC NIFTY PSU BANK ETF,HDFCPSUBK,etf,/etfs/hdfc-nifty-psu-bank-etf-HDFCK,INF179KC1HW4
HARSH,Harshdeep Hortico Ltd,HARSHDEEP,stock,/stocks/harshdeep-hortico-HARSH,INE0OLZ01015
HRH,Hrh Next Services Ltd,HRHNEXT,stock,/stocks/hrh-next-services-HRH,INE0R3501012
HOA,HOAC Foods India Ltd,HOACFOODS,stock,/stocks/hoac-foods-india-HOA,INE0S6S01017
ZHE,Hem Holdings and Trading Ltd,ZHEMHOLD,stock,/stocks/hem-holdings-and-trading-ZHE,INE721U01011
HARA,Haryana Financial Corp,HARAFIN,stock,/stocks/haryana-financial-corporation-HARA,INE737G01016
HVA,HVAX Technologies Ltd,HVAX,stock,/stocks/hvax-technologies-HVA,INE0TO501019
HAM,Hamps Bio Ltd,HAMPS,stock,/stocks/hamps-bio-HAM,INE0QBD01018
HYU,Hyundai Motor India Ltd,HYUNDAI,stock,/stocks/hyundai-motor-india-HYU,INE0V6F01027
HILL,Hilltone Software and Gases Ltd,HILLTONE,stock,/stocks/hilltone-software-and-gases-HILL,INE168C01013
HME,H. M. Electro Mech Ltd,HMEML,stock,/stocks/hm-electro-mech-HME,INE0DZD01015
HPT,HP Telecom India Ltd,HPTL,stock,/stocks/hp-telecom-india-HPT,INE0VA601019
HDB,HDB Financial Services Ltd,HDBFS,stock,/stocks/hdb-financial-services-HDB,INE756I01012
WHITE,Happy Square Outsourcing Services Ltd,WHITEFORCE,stock,/stocks/happy-square-outsourcing-services-WHITE,INE0TLP01015
HILI,Highway Infrastructure Ltd,HILINFRA,stock,/stocks/highway-infrastructure-HILI,INE00RL01028
HELL,Helloji Holidays Ltd,HELLOJI,stock,/stocks/helloji-holidays-HELL,INE1FJE01010
HRS,HRS Aluglaze Ltd,HRS,stock,/stocks/hrs-aluglaze-HRS,INE1E1V01017
ADNK,Incredible Industries Ltd,INCREDIBLE,stock,/stocks/adhunik-industries-ADNK,INE452L01012
DPSC,India Power Corporation Ltd,DPSCLTD,stock,/stocks/india-power-corporation-DPSC,INE360C01024
ICIR,ICICI Prudential Life Insurance Company Ltd,ICICIPRULI,stock,/stocks/icici-prudential-life-insurance-company-ICIR,INE726G01019
INDI,Industrial Investment Trust Ltd,IITL,stock,/stocks/industrial-investment-trust-INDI,INE886A01014
ITSL,Indo Thai Securities Ltd,INDOTHAI,stock,/stocks/indo-thai-securities-ITSL,INE337M01021
IMCL,Indraprastha Medical Corporation Ltd,INDRAMEDCO,stock,/stocks/indraprastha-medical-corporation-IMCL,INE681B01017
IOC,Indian Oil Corporation Ltd,IOC,stock,/stocks/indian-oil-corporation-IOC,INE242A01010
IRBN,IRB InvIT Fund,IRBINVIT,stock,/stocks/irb-invit-fund-IRBN,INE183W23014
INSO,Intrasoft Technologies Ltd,ISFT,stock,/stocks/intrasoft-technologies-INSO,INE566K01011
ITC,ITC Ltd,ITC,stock,/stocks/itc-ITC,INE154A01025
ICDS,ICDS Ltd,ICDSLTD,stock,/stocks/icds-ICDS,INE613B01010
IDFB,IDFC First Bank Ltd,IDFCFIRSTB,stock,/stocks/idfc-first-bank-IDFB,INE092T01019
IIAN,Indian Energy Exchange Ltd,IEX,stock,/stocks/indian-energy-exchange-IIAN,INE022Q01020
INMR,Indiamart Intermesh Ltd,INDIAMART,stock,/stocks/indiamart-intermesh-INMR,INE933S01016
INTT,Indo Tech Transformers Ltd,INDOTECH,stock,/stocks/indo-tech-transformers-INTT,INE332H01014
INWI,Indowind Energy Ltd,INDOWIND,stock,/stocks/indowind-energy-INWI,INE227G01018
ITDC,India Tourism Development Corp Ltd,ITDC,stock,/stocks/india-tourism-development-corp-ITDC,INE353K01014
ICIU,ICICI Prudential BSE Midcap Select ETF,MIDSELIETF,etf,/etfs/icici-prudential-sensex-midcap-select-etf-ICIU,INF109KC10W0
INAC,IndoStar Capital Finance Ltd,INDOSTAR,stock,/stocks/indostar-capital-finance-INAC,INE896L01010
ICEM,Ice Make Refrigeration Ltd,ICEMAKE,stock,/stocks/ice-make-refrigeration-ICEM,INE520Y01019
ICIV,ICICI Prudential Nifty Private Bank ETF,PVTBANIETF,etf,/etfs/icici-prudential-nifty-bank-etf-ICIV,INF109KC18U7
ICIC,ICICI Prudential Nifty 100 ETF,NIF100IETF,etf,/etfs/icici-prudential-nifty-100-etf-ICIC,INF109KC16V9
ICNI,ICICI Prudential Nifty 50 ETF,NIFTYIETF,etf,/etfs/icici-prudential-nifty-50-etf-ICNI,INF109K012R6
ICII,ICICI Prudential BSE Sensex ETF,SENSEXIETF,etf,/etfs/icici-prudential-sensex-30-etf-ICII,INF346A01034
ICRA,ICRA Ltd,ICRA,stock,/stocks/icra-ICRA,INE725G01011
INNF,Interise Trust,INTERISE,stock,/stocks/indinfravit-trust-INNF,INE790Z23019
IMPP,IMP Powers Ltd,INDLMETER,stock,/stocks/imp-powers-IMPP,INE065B01013
INNA,Innovative Tyres & Tubes Ltd,ITTL,stock,/stocks/innovative-tyres-and-tubes-INNA,INE070Y01023
INGA,Integra Essentia Ltd,ESSENTIA,stock,/stocks/integra-garments-and-textiles-INGA,INE418N01035
IGTR,IndiGrid Infrastructure Trust,INDIGRID,stock,/stocks/india-grid-trust-IGTR,INE219X23014
IGSL,Inventure Growth & Securities Ltd,INVENTURE,stock,/stocks/inventure-growth-and-securities-IGSL,INE878H01024
INVO,Invesco India Nifty 50 ETF,IVZINNIFTY,etf,/etfs/invesco-india-nifty-50-etf-INVO,INF205K01DA9
IICP,ICICI Prudential Nifty Midcap 150 ETF,MIDCAPIETF,etf,/etfs/icici-prudential-nifty-midcap-150-etf-IICP,INF109KC11W8
IFCI,IFCI Ltd,IFCI,stock,/stocks/ifci-IFCI,INE039A01010
IMFA,Indian Metals and Ferro Alloys Ltd,IMFA,stock,/stocks/indian-metals-and-ferro-alloys-IMFA,INE919H01018
IMBS,Indbank Merchant Banking Services Ltd,INDBANK,stock,/stocks/indbank-merchant-banking-services-IMBS,INE841B01017
INRM,Indoco Remedies Ltd,INDOCO,stock,/stocks/indoco-remedies-INRM,INE873D01024
IOLC,IOL Chemicals and Pharmaceuticals Ltd,IOLCP,stock,/stocks/iol-chemicals-and-pharmaceuticals-IOLC,INE485C01029
IPCA,IPCA Laboratories Ltd,IPCALAB,stock,/stocks/ipca-laboratories-IPCA,INE571A01038
ICIH,ICICI Pru Nifty Alpha Low- Volatility 30 ETF,ALPL30IETF,etf,/etfs/icici-prudential-alpha-low-vol-30-etf-ICIH,INF109KC17V7
ICIL,ICICI Lombard General Insurance Company Ltd,ICICIGI,stock,/stocks/icici-lombard-general-insurance-company-ICIL,INE765G01017
IICI,ICICI Prudential Nifty 100 Low Vol 30 ETF,LOWVOLIETF,etf,/etfs/icici-prudential-nifty-100-low-vol-30-etf-IICI,INF109KC19U5
IDBI,IDBI Bank Ltd,IDBI,stock,/stocks/idbi-bank-IDBI,INE008A01015
IFBI,IFB Industries Ltd,IFBIND,stock,/stocks/ifb-industries-IFBI,INE559A01017
IDIC,Indian Card Clothing Company Ltd,INDIANCARD,stock,/stocks/indian-card-clothing-company-IDIC,INE061A01014
INDL,Indosolar Ltd,WAAREEINDO,stock,/stocks/indosolar-INDL,INE866K01023
INBK,Indusind Bank Ltd,INDUSINDBK,stock,/stocks/indusind-bank-INBK,INE095A01012
IFIB,Infibeam Avenues Ltd,INFIBEAM,stock,/stocks/infibeam-avenues-IFIB,INE483S01020
ICIA,ICICI Prudential Nifty Bank ETF,BANKIETF,etf,/etfs/icici-prudential-nifty-bank-etf-ICIA,INF109KC15I8
BHRI,Indus Towers Ltd,INDUSTOWER,stock,/stocks/bharti-infratel-BHRI,INE121J01017
IRCN,Ircon International Ltd,IRCON,stock,/stocks/ircon-international-IRCN,INE962Y01021
IVPL,IVP Ltd,IVP,stock,/stocks/ivp-IVPL,INE043C01018
ICIP,ICICI Prudential BSE Liquid Rate ETF - IDCW,LIQUIDIETF,etf,/etfs/icici-prudential-liquid-etf-ICIP,INF109KC1KT9
IGAM,Igarashi Motors India Ltd,IGARASHI,stock,/stocks/igarashi-motors-india-IGAM,INE188B01013
IIFS,IIFL Capital Services Ltd,IIFLCAPS,stock,/stocks/iifl-securities-IIFS,INE489L01022
ILFT,IL&FS Transportation Networks Ltd,IL&FSTRANS,stock,/stocks/ilandfs-transportation-networks-ILFT,INE975G01012
INIR,Indian Railway Catering and Tourism Corporation Ltd,IRCTC,stock,/stocks/indian-railway-catering-and-tourism-corporation-INIR,INE335Y01020
IIFL,IIFL Finance Ltd,IIFL,stock,/stocks/iifl-finance-IIFL,INE530B01024
IMFT,Impex Ferro Tech Ltd,IMPEXFERRO,stock,/stocks/impex-ferro-tech-IMFT,INE691G01015
INEL,India Nippon Electricals Ltd,INDNIPPON,stock,/stocks/india-nippon-electricals-INEL,INE092B01025
ISIL,Insecticides (India) Ltd,INSECTICID,stock,/stocks/insecticides-india-ISIL,INE070I01018
IOBK,Indian Overseas Bank,IOB,stock,/stocks/indian-overseas-bank-IOBK,INE565A01014
ITEL,ITI Ltd,ITI,stock,/stocks/iti-ITEL,INE248A01017
IMPA,India Motor Parts & Accessories Ltd,IMPAL,stock,/stocks/india-motor-parts-and-accessories-IMPA,INE547E01014
INBA,Indian Bank,INDIANB,stock,/stocks/indian-bank-INBA,INE562A01011
ITFL,Indian Terrain Fashions Ltd,INDTERRAIN,stock,/stocks/indian-terrain-fashions-ITFL,INE611L01021
INFY,Infosys Ltd,INFY,stock,/stocks/infosys-INFY,INE009A01021
INWN,Inox Wind Ltd,INOXWIND,stock,/stocks/inox-wind-INWN,INE066P01011
ICSP,ICICI Prudential BSE 500 ETF,BSE500IETF,etf,/etfs/icici-prudential-bse-500-etf-ICSP,INF109KC1V59
IICR,ICICI Prudential Nifty IT ETF,ITIETF,etf,/etfs/icici-prudential-it-etf-IICR,INF109KC16I6
ICNT,Indo Count Industries Ltd,ICIL,stock,/stocks/indo-count-industries-ICNT,INE483B01026
IFGL,IFGL Refractories Ltd,IFGLEXPOR,stock,/stocks/ifgl-refractories-IFGL,INE133Y01011
ILFE,IL&FS Engineering and Construction Company Ltd,IL&FSENGG,stock,/stocks/ilandfs-engineering-and-construction-company-ILFE,INE369I01014
ISLB,IND Swift Laboratories Ltd,INDSWFTLAB,stock,/stocks/ind-swift-laboratories-ISLB,INE915B01019
INEE,Intellect Design Arena Ltd,INTELLECT,stock,/stocks/intellect-design-arena-INEE,INE306R01017
IZMO,Izmo Ltd,IZMO,stock,/stocks/izmo-IZMO,INE848A01014
IPEG,ICICI Prudential Gold ETF,GOLDIETF,etf,/etfs/icici-prudential-gold-etf-IPEG,INF109KC1NT3
ICIT,ICICI Prudential Nifty Next 50 ETF,NEXT50IETF,etf,/etfs/icici-prudential-nifty-next-50-etf-ICIT,INF109KC1NS5
IGAS,Indraprastha Gas Ltd,IGL,stock,/stocks/indraprastha-gas-IGAS,INE203G01027
IHTL,Indian Hotels Company Ltd,INDHOTEL,stock,/stocks/indian-hotels-company-IHTL,INE053A01029
IHME,Indian Hume Pipe Company Ltd,INDIANHUME,stock,/stocks/indian-hume-pipe-company-IHME,INE323C01030
IRSY,Indo Rama Synthetics (India) Ltd,INDORAMA,stock,/stocks/indo-rama-synthetics-india-IRSY,INE156A01020
IFOB,Infobeans Technologies Ltd,INFOBEAN,stock,/stocks/infobeans-technologies-IFOB,INE344S01016
INFO,Infomedia Press Ltd,INFOMEDIA,stock,/stocks/infomedia-press-INFO,INE669A01022
ILFS,IL&FS Investment Managers Ltd,IVC,stock,/stocks/il-and-fs-investment-managers-ILFS,INE050B01023
IFBA,IFB Agro Industries Ltd,IFBAGRO,stock,/stocks/ifb-agro-industries-IFBA,INE076C01018
ICMN,India Cements Ltd,INDIACEM,stock,/stocks/india-cements-ICMN,INE383A01012
INGL,Interglobe Aviation Ltd,INDIGO,stock,/stocks/interglobe-aviation-INGL,INE646L01027
INGR,Ingersoll-Rand (India) Ltd,INGERRAND,stock,/stocks/ingersoll-rand-india-INGR,INE177A01018
ICBK,ICICI Bank Ltd,ICICIBANK,stock,/stocks/icici-bank-ICBK,INE090A01021
ICIN,ICICI Prudential Nifty50 Value 20 ETF,NV20IETF,etf,/etfs/icici-prudential-nv20-etf-ICIN,INF109KC11V0
IMAW,Imagicaaworld Entertainment Ltd,IMAGICAA,stock,/stocks/imagicaaworld-entertainment-IMAW,INE172N01012
IGLY,India Glycols Ltd,INDIAGLYCO,stock,/stocks/india-glycols-IGLY,INE560A01023
INVS,Invesco India Gold Exchange Traded Fund,IVZINGOLD,etf,/etfs/invesco-india-gold-etf-INVS,INF205K01361
IIAB,Indiabulls Ltd,IBULLSLTD,stock,/stocks/indiabulls-integrated-services-IIAB,INE126M01010
IGPT,I G Petrochemicals Ltd,IGPL,stock,/stocks/i-g-petrochemicals-IGPT,INE204A01010
INTB,Innovana Thinklabs Ltd,INNOVANA,stock,/stocks/innovana-thinklabs-INTB,INE403Y01018
INSP,Inspirisys Solutions Ltd,INSPIRISYS,stock,/stocks/inspirisys-solutions-INSP,INE020G01017
INTN,Intense Technologies Ltd,INTENTECH,stock,/stocks/intense-technologies-INTN,INE781A01025
IRBI,IRB Infrastructure Developers Ltd,IRB,stock,/stocks/irb-infrastructure-developers-IRBI,INE821I01022
IRIC,Iris Clothings Ltd,IRISDOREME,stock,/stocks/iris-clothings-IRIC,INE01GN01025
IKEM,Indokem Ltd,INDOKEM,stock,/stocks/indokem-IKEM,INE716F01012
INNL,Indo National Ltd,NIPPOBATRY,stock,/stocks/indo-national-INNL,INE567A01028
INED,Info Edge (India) Ltd,NAUKRI,stock,/stocks/info-edge-india-INED,INE663F01032
TNVE,Investment Trust of India Ltd,THEINVEST,stock,/stocks/investment-trust-of-india-TNVE,INE924D01017
INFL,Inflame Appliances Ltd,INFLAME,stock,/stocks/inflame-appliances-INFL,INE464Z01017
IRI,IRIS RegTech Solutions Ltd,IRIS,stock,/stocks/iris-business-services-IRI,INE864K01010
INN,Innovative Ideals and Services (India) Ltd,INNOVATIVE,stock,/stocks/innovative-ideals-and-services-india-INN,INE492Y01011
IND,Indo Us Bio-Tech Ltd,INDOUS,stock,/stocks/indo-us-bio-tech-IND,INE250Z01010
IFL,IFL Enterprises Ltd,IFL,stock,/stocks/ifl-enterprises-IFL,INE714U01024
IGC,IGC Industries Ltd,IGCIL,stock,/stocks/igc-industries-IGC,INE099S01016
INNO,Innovators Facade Systems Ltd,INNOVATORS,stock,/stocks/innovators-facade-systems-INNO,INE870Z01015
INFR,Infronics Systems Ltd,INFRONICS,stock,/stocks/infronics-systems-INFR,INE463B01036
INO,Innovassynth Technologies (India) Ltd,INOVSYNTH,stock,/stocks/innovassynth-investments-INO,INE690J01011
IFI,India Finsec Ltd,IFINSEC,stock,/stocks/india-finsec-IFI,INE474O01010
INDR,Ind Renewable Energy Ltd,INDRENEW,stock,/stocks/ind-renewable-energy-INDR,INE138O01029
INDIC,Inditrade Capital Ltd,INDICAP,stock,/stocks/inditrade-capital-INDIC,INE347H01012
INTEG,Integrated Hitech Ltd,INTEGHIT,stock,/stocks/integrated-hitech-INTEG,INE934A01012
IWP,Indian Wood Products Co Ltd,IWP,stock,/stocks/indian-wood-products-company-IWP,INE586E01020
INNOC,Innocorp Ltd,INNOCORP,stock,/stocks/innocorp-INNOC,INE214B01017
GOV,Ikoma Technologies Ltd,IKOMA,stock,/stocks/good-value-irrigation-GOV,INE164D01010
INDE,Indergiri Finance Ltd,INDERGR,stock,/stocks/indergiri-finance-INDE,INE628F01019
IFIN,Interactive Financial Services Ltd,IFINSER,stock,/stocks/interactive-financial-services-IFIN,INE064T01018
INDOC,Indo-City Infotech Ltd,INDOCITY,stock,/stocks/indo-city-infotech-INDOC,INE456B01014
IIT,IITL Projects Ltd,IITLPROJ,stock,/stocks/iitl-projects-IIT,INE786E01018
INTC,Integra Capital Ltd,INTCAPL,stock,/stocks/integra-capital-management-INTC,INE366H01012
INTER,Interworld Digital Ltd,INTERDIGI,stock,/stocks/interworld-digital-INTER,INE177D01020
INDU,Indus Finance Ltd,INDUSFINL,stock,/stocks/indus-finance-INDU,INE935D01013
INDC,Inducto Steels Ltd,INDCTST,stock,/stocks/inducto-steel-INDC,INE146H01018
IIS,Ishaan Infrastructures and Shelters Ltd,IISL,stock,/stocks/ishaan-infrastructure-and-shelters-IIS,INE818R01011
INA,Inani Securities Ltd,INANISEC,stock,/stocks/inani-securities-INA,INE224C01014
INC,Incon Engineers Ltd,INCON,stock,/stocks/incon-engineers-INC,INE507D01010
ICI,Indo Cotspin Ltd,ICL,stock,/stocks/indo-cotspin-ICI,INE407P01017
INTL,International Conveyors Ltd,INTLCONV,stock,/stocks/international-conveyors-INTL,INE575C01027
ISL,Isl Consulting Ltd,ISLCONSUL,stock,/stocks/isl-consulting-ISL,INE569B01022
INDIF,Indian Infotech and Software Ltd,INDINFO,stock,/stocks/indian-infotech-and-software-INDIF,INE300B01022
INDIA,Indianivesh Ltd,INDIANVSH,stock,/stocks/indianivesh-INDIA,INE131H01028
ICS,Integrated Capital Services Ltd,ICSL,stock,/stocks/integrated-capital-services-ICS,INE682B01023
SOFTB,IDream Film Infrastructure Company Ltd,SOFTBPO,stock,/stocks/idream-film-infrastructure-company-SOFTB,INE459E01012
INAN,Inani Marbles and Industries Ltd,INANI,stock,/stocks/inani-marbles-and-industries-INAN,INE635D01027
INDOM,Indo Amines Ltd,INDOAMIN,stock,/stocks/indo-amines-INDOM,INE760F01028
CONTA,Indus Aluminium Recyclers Ltd,CONTAINER,stock,/stocks/containerway-international-CONTA,INE319U01022
INR,India Radiators Ltd,INRADIA,stock,/stocks/india-radiators-INR,INE461Y01016
IEC,IEC Education Ltd,IECEDU,stock,/stocks/iec-education-IEC,INE172B01017
ISH,Ishan Dyes and Chemicals Ltd,ISHANCH,stock,/stocks/ishan-dyes-and-chemicals-ISH,INE561M01018
IST,iStreet Network Ltd,ISTRNETWK,stock,/stocks/istreet-network-IST,INE532B01020
IBI,IB Infotech Enterprises Ltd,IBINFO,stock,/stocks/ib-infotech-enterprises-IBI,INE678B01021
IYK,Iykot Hitech Toolroom,IYKOTHITE,stock,/stocks/iykot-hitech-toolroom-IYK,INE079L01013
SUD,IIRM Holdings India Ltd,IIRM,stock,/stocks/sudev-industries-SUD,INE670C01026
INDX,IEL Ltd,INDXTRA,stock,/stocks/iel-INDX,INE056E01024
INTEC,Integrated Industries Ltd,IIL,stock,/stocks/integrated-technologies-INTEC,INE882B01037
INTET,Integrated Thermoplastics Ltd,INTETHR,stock,/stocks/integrated-thermoplastics-INTET,INE038N01015
INDRN,Indrayani Biotech Ltd,INDRANIB,stock,/stocks/indrayani-biotech-INDRN,INE007C01021
INDIH,India Home Loan Ltd,INDIAHOME,stock,/stocks/india-home-loans-INDIH,INE274E01015
INL,Inland Printers Ltd,INLANPR,stock,/stocks/inland-printers-INL,INE055O01033
INDOE,Indo Euro Indchem Ltd,INDOEURO,stock,/stocks/indo-euro-indchem-INDOE,INE319N01019
ISF,ISF Ltd,ISFL,stock,/stocks/isf-ISF,INE973B01026
INDOR,Indo Credit Capital Ltd,INDOCRED,stock,/stocks/indo-credit-capital-INDOR,INE147D01015
ISHI,Ishita Drugs and Industries Ltd,ISHITADR,stock,/stocks/ishita-drugs-and-industries-ISHI,INE806D01016
INTR,Inter Globe Finance Ltd,INTRGLB,stock,/stocks/inter-globe-finance-INTR,INE661M01016
INDS,Indsil Hydro Power and Manganese Ltd,INDSILHYD,stock,/stocks/indsil-hydro-power-and-manganese-INDS,INE867D01018
OSWAL,Indian Sucrose Ltd,INDSUCR,stock,/stocks/indian-sucrose-OSWAL,INE557C01017
INTED,Integrated Proteins Ltd,INTEGFD,stock,/stocks/integrated-proteins-INTED,INE177M01013
INCA,Incap Ltd,INCAP,stock,/stocks/incap-INCA,INE437C01012
INTEA,Intec Capital Ltd,INTECCAP,stock,/stocks/intec-capital-INTEA,INE017E01018
INTS,Interstate Oil Carrier Ltd,INTSTOIL,stock,/stocks/inter-state-oil-carrier-INTS,INE003B01014
ITL,ITL Industries Ltd,ITL,stock,/stocks/itl-industries-ITL,INE478D01014
INDCE,India Cements Capital Ltd,INDCEMCAP,stock,/stocks/india-cements-capital-INDCE,INE429D01017
INDOB,Indo Borax and Chemicals Ltd,INDOBORAX,stock,/stocks/indo-borax-and-chemicals-INDOB,INE803D01021
INNOV,Innovative Tech Pack Ltd,INNOVTEC,stock,/stocks/innovative-tech-pack-INNOV,INE965C01038
IPR,IP Rings Ltd,IPRINGLTD,stock,/stocks/ip-rings-IPR,INE558A01019
INTLT,International Travel House Ltd,ITHL,stock,/stocks/international-travel-house-INTLT,INE262B01016
ESCOR,Invigorated Business Consulting Ltd,INVIGO,stock,/stocks/escorts-finance-ESCOR,INE359A01012
INDT,Indian Toners & Developers Ltd,INDTONER,stock,/stocks/indian-toners-and-developers-INDT,INE826B01018
INDBN,Ind Bank Housing Ltd,INDBNK,stock,/stocks/ind-bank-housing-INDBN,INE969D01012
INDG,India Gelatine & Chemicals Ltd,INDGELA,stock,/stocks/india-gelatine-and-chemicals-INDG,INE342D01012
SARA,Isgec Heavy Engineering Ltd,ISGEC,stock,/stocks/isgec-heavy-engineering-SARA,INE858B01029
INDA,Ind Agiv Commerce Ltd,INDAGIV,stock,/stocks/ind-agiv-commerce-INDA,INE115E01010
IDI,Iconik Sports and Events Ltd,ICONIKSPEV,stock,/stocks/id-info-business-services-IDI,INE088P01015
UNIWS,Indoworth Holdings Ltd,UNIWSEC,stock,/stocks/indoworth-holdings-UNIWS,INE728J01019
ISI,India Homes Ltd,INDIAHOMES,stock,/stocks/india-steel-works-ISI,INE072A01029
INV,Investment & Precision Castings Ltd,INVPRECQ,stock,/stocks/investment-and-precision-castings-INV,INE155E01016
INDIR,Indian Acrylics Ltd,INDIANACRY,stock,/stocks/indian-acrylics-INDIR,INE862B01013
INDP,Industrial and Prudential Investment Co Ltd,INDPRUD,stock,/stocks/industrial-and-prudential-investment-company-INDP,INE620D01011
INLC,Indian Link Chain Manufactrers Ltd,INLCM,stock,/stocks/indian-link-chain-manufacturers-INLC,INE359D01024
IPO,I Power Solutions India Ltd,IPOWER,stock,/stocks/i-power-solutions-india-IPO,INE468F01010
ISHW,Ishwarshakti Holding & Traders Ltd,ISHWATR,stock,/stocks/ishwarshakti-holdings-and-traders-ISHW,INE073I01012
INDIL,India Lease Development Ltd,INDLEASE,stock,/stocks/india-lease-development-INDIL,INE333C01013
RUC,IMEC Services Ltd,IMEC,stock,/stocks/imec-services-RUC,INE611C01020
GREY,Ironwood Education Ltd,IRONWOOD,stock,/stocks/greycells-education-GREY,INE791H01011
ISTL,IST Ltd,ISTLTD,stock,/stocks/ist-ISTL,INE684B01029
INTEE,Integra Engineering India Ltd,INTEGRAEN,stock,/stocks/integra-engineering-india-INTEE,INE984B01023
IDM,International Data Management Ltd,IDM,stock,/stocks/international-data-management-IDM,INE649R01010
INFOR,Informed Technologies India Ltd,INFORTEC,stock,/stocks/informed-technologies-india-INFOR,INE123E01014
INDAG,Indag Rubber Ltd,INDAG,stock,/stocks/indag-rubber-INDAG,INE802D01023
INTLC,International Combustion (India) Ltd,INTLCOMBQ,stock,/stocks/international-combustion-india-INTLC,INE403C01014
ION,Ion Exchange (India) Ltd,IONEXCHANG,stock,/stocks/ion-exchange-india-ION,INE570A01022
IGL,Indo Gulf Industries Ltd,IGLFXPL-B,stock,/stocks/indo-gulf-industries-IGL,INE684U01011
INDIG,Indigo Paints Ltd,INDIGOPNTS,stock,/stocks/indigo-paints-INDIG,INE09VQ01012
ICICI,ICICI Prudential Nifty Healthcare ETF,HEALTHIETF,etf,/etfs/icici-prudential-healthcare-etf-ICICI,INF109KC1Q72
IRF,Indian Railway Finance Corp Ltd,IRFC,stock,/stocks/indian-railway-finance-corporation-IRF,INE053F01010
ICICF,ICICI Prudential Nifty FMCG ETF,FMCGIETF,etf,/etfs/icici-prudential-fmcg-etf-ICICF,INF109KC19V3
IPL,India Pesticides Ltd,IPL,stock,/stocks/india-pesticides-IPL,INE0D6701023
ICICC,ICICI Prudential Nifty India Consumption ETF,CONSUMIETF,etf,/etfs/icici-prudential-consumption-etf-ICICC,INF109KC1V42
ICICA,ICICI Prudential Nifty Auto ETF,AUTOIETF,etf,/etfs/icici-prudential-nifty-auto-etf-ICICA,INF109KC10V2
ICICS,ICICI Prudential Silver ETF,SILVERIETF,etf,/etfs/icici-prudential-silver-etf-ICICS,INF109KC1Y56
INTES,Integra Switchgear Ltd,INTEGSW,stock,/stocks/integra-switchgear-INTES,INE0IPL01018
ICICM,ICICI Prudential Nifty 200 Momentum 30 ETF,MOM30IETF,etf,/etfs/icici-prudential-nifty-200-momentum-30-etf-ICICM,INF109KC17C7
PSU,ICICI Prudential Nifty PSU Bank ETF,PSUBNKIETF,etf,/etfs/icici-prudential-nifty-psu-bank-etf-PSU,INF109KC10S8
INNOK,Innokaiz India Ltd,INNOKAIZ,stock,/stocks/innokaiz-india-INNOK,INE0LDI01022
INOX,Inox Green Energy Services Ltd,INOXGREEN,stock,/stocks/inox-green-energy-services-INOX,INE510W01014
ICICG,ICICI Pru Nifty 5 yr Benchmark G-SEC ETF,GSEC5IETF,etf,/etfs/icici-prudential-5-year-g-sec-etf-ICICG,INF109KC14A8
IKI,IKIO Technologies Ltd,IKIO,stock,/stocks/ikio-lighting-IKI,INE0LOJ01019
ICICN,ICICI Prudential Nifty Infrastructure ETF,INFRAIETF,etf,/etfs/icici-prudential-nifty-infrastructure-etf-ICICN,INF109KC16E5
ICICO,ICICI Pru Nifty Commodities ETF,COMMOIETF,etf,/etfs/icici-prudential-nifty-commodities-etf-ICICO,INF109KC19O8
INDON,Indong Tea Company Ltd,INDONG,stock,/stocks/indong-tea-company-INDON,INE0KN201016
INI,Insolation Energy Ltd,INA,stock,/stocks/insolation-energy-INI,INE0LGX01024
ICIGI,ICICI Pru Nifty 10 yr Benchmark G-sec ETF,GSEC10IETF,etf,/etfs/icici-prudential-nifty-10-yr-benchmark-g-sec-etf-ICIGI,INF109KC18O0
ITCO,ITCONS e-Solutions Ltd,ITCONS,stock,/stocks/itcons-e-solutions-ITCO,INE0O6A01019
ISHA,Ishan International Ltd,ISHAN,stock,/stocks/ishan-international-ISHA,INE0LCW01025
IPS,Integrated Personnel Services Ltd,IPSL,stock,/stocks/integrated-personnel-services-IPS,INE02EE01019
ICIII,ICICI Pru Nifty Financial Services Ex-Bank ETF,FINIETF,etf,/etfs/icici-prudential-nifty-financial-serv-ex-bank-etf-ICIII,INF109KC17L8
ICICQ,ICICI Prudential Nifty 200 Quality 30 ETF,QUAL30IETF,etf,/etfs/icici-prudential-nifty-200-quality-30-etf-ICICQ,INF109KC18V5
INFIN,Infinium Pharmachem Ltd,INFINIUM,stock,/stocks/infinium-pharmachem-INFIN,INE0MRE01011
IDE,ideaForge Technology Ltd,IDEAFORGE,stock,/stocks/ideaforge-technology-IDE,INE349Y01013
INFOL,Infollion Research Services Ltd,INFOLLION,stock,/stocks/infollion-research-services-INFOL,INE0NNZ01013
IRB,IRB Infrastructure Trust,IRBIT,stock,/stocks/irb-infrastructure-trust-IRB,INE0C8K23012
IRM,Irm Energy Ltd,IRMENERGY,stock,/stocks/irm-energy-IRM,INE07U701015
INDIS,India Shelter Finance Corporation Ltd,INDIASHLTR,stock,/stocks/india-shelter-finance-corporation-INDIS,INE922K01024
ITA,Italian Edibles Ltd,ITALIANE,stock,/stocks/italian-edibles-ITA,INE0R7R01018
INNOP,Innova Captab Ltd,INNOVACAP,stock,/stocks/innova-captab-INNOP,INE0DUT01020
INM,Interiors & More Ltd,INM,stock,/stocks/interiors-and-more-INM,INE0OPC01015
IRE,Indian Renewable Energy Development Agency Ltd,IREDA,stock,/stocks/indian-renewable-energy-development-agency-IRE,INE202E01016
INSPI,Inspire Films Ltd,INSPIRE,stock,/stocks/inspire-films-INSPI,INE0NDX01019
INOXI,INOX India Ltd,INOXINDIA,stock,/stocks/inox-india-INOXI,INE616N01034
INDII,Indifra Ltd,INDIFRA,stock,/stocks/indifra-INDII,INE0PS301014
BHIN,Indus Infra Trust,INDUSINVIT,stock,/stocks/bharat-highways-invit-BHIN,INE0NHL23019
ISC,Intelligent Supply Chain Infrastructure Trust,ISCITRUST,stock,/stocks/intelligent-supply-chain-infrastructure-trust-ISC,INE0QSW23016
IBL,IBL Finance Ltd,IBLFL,stock,/stocks/ibl-finance-IBL,INE0O7401018
INDGN,Indegene Ltd,INDGN,stock,/stocks/indegene-INDGN,INE065X01017
IEM,Indian Emulsifiers Ltd,IEML,stock,/stocks/indian-emulsifiers-IEM,INE0RRU01016
METAL,ICICI Prudential Nifty Metal ETF,METALIETF,etf,/etfs/icici-prudential-nifty-metal-etf-METAL,INF109KC19W1
OIL,ICICI Prudential Nifty Oil & Gas ETF,OILIETF,etf,/etfs/icici-prudential-nifty-oil-and-gas-etf-OIL,INF109KC18W3
IDEA,Ideal Technoplast Industries Ltd,IDEALTECHO,stock,/stocks/ideal-technoplast-industries-IDEA,INE0T9I01011
IGI,International Gemmological Institute (India) Ltd,IGIL,stock,/stocks/international-gemmological-institute-india-IGI,INE0Q9301021
IDEN,Identical Brains Studios Ltd,IDENTICAL,stock,/stocks/identical-brains-studios-IDEN,INE0TD101011
IPH,Indian Phosphate Ltd,IPHL,stock,/stocks/indian-phosphate-IPH,INE0DHF01018
IKS,Inventurus Knowledge Solutions Ltd,IKS,stock,/stocks/inventurus-knowledge-solutions-IKS,INE115Q01022
INDOI,Indo Farm Equipment Ltd,INDOFARM,stock,/stocks/indo-farm-equipment-INDOI,INE622H01018
VALIE,ICICI Prudential Nifty200 Value 30 ETF,VAL30IETF,etf,/etfs/icici-prudential-nifty200-value-30-etf-VALIE,INF109KC16X5
INTEI,Interarch Building Solutions Ltd,INTERARCH,stock,/stocks/interarch-building-products-INTEI,INE00M901018
INDOL,Indobell Insulations Ltd,INDOBELL,stock,/stocks/indobell-insulations-INDOL,INE0FK501019
INNOM,Innomet Advanced Materials Ltd,INNOMET,stock,/stocks/innomet-advanced-materials-INNOM,INE0S1D01010
ITCH,ITC Hotels Ltd,ITCHOTELS,stock,/stocks/itc-hotels-ITCH,INE379A01028
BAJAI,Indef Manufacturing Ltd,BAJAJINDEF,stock,/stocks/indef-manufacturing-BAJAI,INE0O9T01021
CAS,ICICI Prudential BSE Liquid Rate ETF - Growth,CASHIETF,etf,/etfs/icici-prudential-bse-liquid-rate-etf---growth-CAS,INF109K1A021
IDENT,Identixweb Ltd,IDENTIXWEB,stock,/stocks/identixweb-IDENT,INE0PA401012
INFON,Infonative Solutions Ltd,INFONATIVE,stock,/stocks/infonative-solutions-INFON,INE12IB01015
EVIE,ICICI Prudential Nifty EV & New Age Automotive ETF,EVIETF,etf,/etfs/icici-prudential-nifty-ev-and-new-age-automotive-etf-EVIE,INF109K1A153
IWA,iWare Supplychain Services Ltd,IWARE,stock,/stocks/iware-supplychain-services-IWA,INE1AII01014
INTEY,Integrity Infrabuild Developers Ltd,INTEGRITY,stock,/stocks/integrity-infrabuild-developers-INTEY,INE0YSH01017
INFLU,Influx Healthtech Ltd,INFLUX,stock,/stocks/influx-healthtech-INFLU,INE0MYZ01012
ICO,Icon Facilitators Ltd,ICON,stock,/stocks/icon-facilitators-ICO,INE0Y0E01012
TOPI,ICICI Prudential Nifty Top 15 Equal Weight ETF,TOP15IETF,etf,/etfs/icici-prudential-nifty-top-15-equal-weight-etf-TOPI,INF109K1A344
IGCL,Indogulf Cropsciences Ltd,IGCL,stock,/stocks/indogulf-cropsciences-IGCL,INE05J901018
INDIQ,Indiqube Spaces Ltd,INDIQUBE,stock,/stocks/indiqube-spaces-INDIQ,INE06ST01018
ICOD,Icodex Publishing Solutions Ltd,ICODEX,stock,/stocks/icodex-publishing-solutions-ICOD,INE111601014
IVA,iValue Infosolutions Ltd,IVALUE,stock,/stocks/ivalue-infosolutions-IVA,INE056801025
INFII,Infinity Infoway Ltd,INFINITY,stock,/stocks/infinity-infoway-INFII,INE16XA01017
INVI,Invicta Diagnostic Ltd,INVICTA,stock,/stocks/invicta-diagnostic-INVI,INE0XJ501010
ICIAI,ICICI Prudential Asset Management Company Ltd,ICICIAMC,stock,/stocks/icici-prudential-asset-management-co-ICIAI,INE346A01027
CEBB,Jupiter Wagons Ltd,JWL,stock,/stocks/commercial-engineers-and-body-builders-co-CEBB,INE209L01016
JNSP,Jindal Steel Ltd,JINDALSTEL,stock,/stocks/jindal-steel-and-power-JNSP,INE749A01030
JIND,Jindal SAW Ltd,JINDALSAW,stock,/stocks/jindal-saw-JIND,INE324A01032
JAAO,Jayant Agro-Organics Ltd,JAYAGROGN,stock,/stocks/jayant-agro-organics-JAAO,INE785A01026
JETK,Jet Knitwears Ltd,JETKNIT,stock,/stocks/jet-knitwears-JETK,INE564T01017
JINP,Jindal Photo Ltd,JINDALPHOT,stock,/stocks/jindal-photo-JINP,INE796G01012
JAIR,Jain Irrigation Systems Ltd,JISLJALEQS,stock,/stocks/jain-irrigation-systems-JAIR,INE175A01038
JTEK,JTEKT India Ltd,JTEKTINDIA,stock,/stocks/jtekt-india-JTEK,INE643A01035
JALN,Jalan Transolutions (India) Ltd,JALAN,stock,/stocks/jalan-transolutions-india-JALN,INE349X01015
JITF,JITF Infralogistics Ltd,JITFINFRA,stock,/stocks/jitf-infralogistics-JITF,INE863T01013
JNSW,JSW Holdings Ltd,JSWHL,stock,/stocks/jsw-holdings-JNSW,INE824G01012
JPLY,Jindal Poly Films Ltd,JINDALPOLY,stock,/stocks/jindal-poly-films-JPLY,INE197D01010
JMSH,JM Financial Ltd,JMFINANCIL,stock,/stocks/jm-financial-JMSH,INE780C01023
JAIB,Jai Balaji Industries Ltd,JAIBALAJI,stock,/stocks/jai-balaji-industries-JAIB,INE091G01026
JAIC,Jai Corp Ltd,JAICORPLTD,stock,/stocks/jai-corp-JAIC,INE070D01027
JHSS,JHS Svendgaard Laboratories Ltd,JHS,stock,/stocks/jhs-svendgaard-laboratories-JHSS,INE544H01014
JKIP,J Kumar Infraprojects Ltd,JKIL,stock,/stocks/j-kumar-infraprojects-JKIP,INE576I01022
JULL,Jullundur Motor Agency (Delhi) Ltd,JMA,stock,/stocks/jullundur-motor-agency-delhi-JULL,INE412C01023
JAKH,Jakharia Fabric Ltd,JAKHARIA,stock,/stocks/jakharia-fabric-JAKH,INE00N401018
JSHE,Jash Engineering Ltd,JASH,stock,/stocks/jash-engineering-JSHE,INE039O01029
JKBK,Jammu and Kashmir Bank Ltd,J&KBANK,stock,/stocks/jammu-and-kashmir-bank-JKBK,INE168A01041
JMNA,Jamna Auto Industries Ltd,JAMNAAUTO,stock,/stocks/jamna-auto-industries-JMNA,INE039C01032
JINL,Jindal Poly Investment and Finance Company Ltd,JPOLYINVST,stock,/stocks/jindal-poly-investment-and-finance-company-JINL,INE147P01019
JSTL,JSW Steel Ltd,JSWSTEEL,stock,/stocks/jsw-steel-JSTL,INE019A01038
JAYN,Jayaswal Neco Industries Ltd,JAYNECOIND,stock,/stocks/jayaswal-neco-industries-JAYN,INE854B01010
JKLC,JK Lakshmi Cement Ltd,JKLAKSHMI,stock,/stocks/jk-lakshmi-cement-JKLC,INE786A01032
JIST,Jindal Stainless Ltd,JSL,stock,/stocks/jindal-stainless-JIST,INE220G01021
JSWE,JSW Energy Ltd,JSWENERGY,stock,/stocks/jsw-energy-JSWE,INE121E01018
JGSN,Jagsonpal Pharmaceuticals Ltd,JAGSNPHARM,stock,/stocks/jagson-pal-pharmaceuticals-JGSN,INE048B01035
JAIRdv,Jain Irrigation Systems Ltd,JISLDVREQS,stock,/stocks/jain-irrigation-systems---dvr-JAIRdv,IN9175A01010
JKCE,J K Cement Ltd,JKCEMENT,stock,/stocks/j-k-cement-JKCE,INE823G01014
JOCI,Jocil Ltd,JOCIL,stock,/stocks/jocil-JOCI,INE839G01010
JYBM,Jay Bharat Maruti Ltd,JAYBARMARU,stock,/stocks/jay-bharat-maruti-JYBM,INE571B01036
JYST,Jay Shree Tea and Industries Ltd,JAYSREETEA,stock,/stocks/jay-shree-tea-and-industries-JYST,INE364A01020
JBCH,J B Chemicals and Pharmaceuticals Ltd,JBCHEPHARM,stock,/stocks/j-b-chemicals-and-pharmaceuticals-JBCH,INE572A01036
JETR,Jet Freight Logistics Ltd,JETFREIGHT,stock,/stocks/jet-freight-logistics-JETR,INE982V01025
JNDR,Jindal Drilling and Industries Ltd,JINDRILL,stock,/stocks/jindal-drilling-and-industries-JNDR,INE742C01031
JKPA,JK Paper Ltd,JKPAPER,stock,/stocks/jk-paper-JKPA,INE789E01012
JAGP,Jagran Prakashan Ltd,JAGRAN,stock,/stocks/jagran-prakashan-JAGP,INE199G01027
JKIN,JK Tyre & Industries Ltd,JKTYRE,stock,/stocks/jk-tyre-and-industries-JKIN,INE573A01042
JAPR,Jaiprakash Power Ventures Ltd,JPPOWER,stock,/stocks/jaiprakash-power-ventures-JAPR,INE351F01018
JULS,Jubilant Pharmova Ltd,JUBLPHARMA,stock,/stocks/jubilant-life-sciences-JULS,INE700A01033
JBMA,JBM Auto Ltd,JBMA,stock,/stocks/jbm-auto-JBMA,INE927D01051
JICL,Jindal Cotex Ltd,JINDCOT,stock,/stocks/jindal-cotex-JICL,INE904J01016
JINW,Jindal Worldwide Ltd,JINDWORLD,stock,/stocks/jindal-worldwide-JINW,INE247D01039
JAIA,Jaiprakash Associates Ltd,JPASSOCIAT,stock,/stocks/jaiprakash-associates-JAIA,INE455F01025
JUBI,Jubilant Foodworks Ltd,JUBLFOOD,stock,/stocks/jubilant-foodworks-JUBI,INE797F01020
JUST,Just Dial Ltd,JUSTDIAL,stock,/stocks/just-dial-JUST,INE599M01018
JYOI,Jyothy Labs Ltd,JYOTHYLAB,stock,/stocks/jyothy-labs-JYOI,INE668F01031
JYTS,Jyoti Structures Ltd,JYOTISTRUC,stock,/stocks/jyoti-structures-JYTS,INE197A01024
JUMB,Jumbo Bag Ltd,JUMBO,stock,/stocks/jumbo-bag-JUMB,INE699D01015
JON,Jonjua Overseas Ltd,JONJUA,stock,/stocks/jonjua-overseas-JON,INE793Z01027
JFL,Jhandewalas Foods Ltd,JFL,stock,/stocks/jhandewalas-foods-JFL,INE841Y01019
JIG,Jigar Cables Ltd,JIGAR,stock,/stocks/jigar-cables-JIG,INE943X01015
JEL,Jyotirgamya Enterprises Ltd,JEL,stock,/stocks/jyotirgamya-enterprises-JEL,INE805R01018
MEL,JMJ Fintech Ltd,JMJFIN,stock,/stocks/meenakshi-enterprises-MEL,INE242Q01016
JSH,JLA Infraville Shoppers Ltd,JSHL,stock,/stocks/jla-infraville-shoppers-JSH,INE401Q01018
JAM,James Warren Tea Ltd,JAMESWARREN,stock,/stocks/james-warren-tea-JAM,INE718P01017
JETI,Jet Solar Ltd,JETINFRA,stock,/stocks/jet-infraventure-JETI,INE155R01018
SIL,Julien Agro Infratech Ltd,JULIEN,stock,/stocks/silverpoint-infratech-SIL,INE890N01027
JKA,JK Agri Genetics Ltd,JK AGRI,stock,/stocks/jk-agri-genetics-JKA,INE690O01011
JTL,JTL Industries Ltd,JTLIND,stock,/stocks/jtl-infra-JTL,INE391J01032
JOI,Jointeca Education Solutions Ltd,JOINTECAED,stock,/stocks/jointeca-education-solutions-JOI,INE131N01018
JUP,Jupiter Infomedia Ltd,JUPITERIN,stock,/stocks/jupiter-infomedia-JUP,INE524N01014
JAG,Jagjanani Textiles Ltd,JAGJANANI,stock,/stocks/jagjanani-textiles-JAG,INE702H01018
JAC,Jackson Investments Ltd,JACKSON,stock,/stocks/jackson-investments-JAC,INE508N01025
JST,Jeevan Scientific Technology Ltd,JSTL,stock,/stocks/jeevan-scientific-technology-JST,INE237B01018
ZJE,Jeet Machine Tools Ltd,ZJEETMAC,stock,/stocks/jeet-machine-tools-ZJE,INE987E01012
SUNS,Johnson Pharmacare Ltd,JOHNPHARMA,stock,/stocks/sun-and-shine-worldwide-SUNS,INE560F01022
JOIN,Joindre Capital Services Ltd,JOINDRE,stock,/stocks/joindre-capital-services-JOIN,INE024B01010
JAYI,Jayatma Industries Ltd,JAYIND,stock,/stocks/jayatma-industries-JAYI,INE250D01017
JAI,Jain Marmo Industries Ltd,JAINMARMO,stock,/stocks/jain-marmo-industries-JAI,INE780Q01015
KAS,June Industries Ltd,KASHYAP,stock,/stocks/kashyap-tele-medicines-KAS,INE108B01029
JAY,Jayshree Chemicals Ltd,JAYCH,stock,/stocks/jayshree-chemicals-JAY,INE693E01016
JSL,JSL Industries Ltd,JSLINDL,stock,/stocks/jsl-industries-JSL,INE581L01018
JHA,Jhaveri Credits and Capital Ltd,JHACC,stock,/stocks/jhaveri-credits-and-capital-JHA,INE865D01012
JYO,Jyot International Marketing Ltd,JYOTIN,stock,/stocks/jyot-international-marketing-JYO,INE043R01016
JEN,Jenburkt Pharmaceuticals Ltd,JENBURPH,stock,/stocks/jenburkt-pharmaceuticals-JEN,INE354A01013
JAS,Jasch Industries Ltd,JASCH,stock,/stocks/jasch-industries-JAS,INE711C01028
JYOTI,Jyoti Resins and Adhesives Ltd,JYOTIRES,stock,/stocks/jyoti-resins-and-adhesives-JYOTI,INE577D01013
JAIN,Jainex Aamcol Ltd,JAINEX,stock,/stocks/jainex-aamcol-JAIN,INE280F01019
JDO,Jaysynth Orgochem Ltd,JAYSYNTH,stock,/stocks/j-d-orgochem-JDO,INE263B01022
JPT,JPT Securities Ltd,JPTSEC,stock,/stocks/jpt-securities-JPT,INE630C01012
JAGA,Jagan Lamps Ltd,JAGANLAM,stock,/stocks/jagan-lamps-JAGA,INE144C01014
JLL,Jindal Leasefin Ltd,JLL,stock,/stocks/jindal-leasefin-JLL,INE919T01013
JAU,Jauss Polymers Ltd,JAUSPOL,stock,/stocks/jauss-polymers-JAU,INE593O01017
JAGS,Jagsonpal Services Ltd,JAGSONSER,stock,/stocks/jagsonpal-finance-and-leasing-JAGS,INE582C01015
JATT,Jattashankar Industries Ltd,JATTAINDUS,stock,/stocks/jattashankar-industries-JATT,INE722N01014
JAIH,Jaihind Synthetics Ltd,JAIHINDS,stock,/stocks/jaihind-synthetics-JAIH,INE156E01014
FLA,John Cockerill India Ltd,COCKERILL,stock,/stocks/john-cockerill-india-FLA,INE515A01019
JINDC,Jindal Capital Ltd,JINDCAP,stock,/stocks/jindal-capital-JINDC,INE356F01017
JAINC,Jainco Projects (India) Ltd,JAINCO,stock,/stocks/jainco-projects-india-JAINC,INE966C01010
JMG,JMG Corporation Ltd,JMGCORP,stock,/stocks/jmg-corporation-JMG,INE745F01011
JAYA,Jayatma Enterprises Ltd,JAYATMA,stock,/stocks/jayatma-enterprises-JAYA,INE246D01015
JUM,Jumbo Finance Ltd,JUMBFNL,stock,/stocks/jumbo-finance-JUM,INE122N01017
JJF,J J Finance Corporation Ltd,JJFINCOR,stock,/stocks/j-j-finance-corporation-JJF,INE584C01011
JAIM,Jai Mata Glass Ltd,JAIMATAG,stock,/stocks/jai-mata-glass-JAIM,INE250C01027
JMD,JMD Ventures Ltd,JMDVL,stock,/stocks/jmd-ventures-JMD,INE047E01031
JETKI,Jetking Infotrain Ltd,JETKINGQ,stock,/stocks/jetking-infotrain-JETKI,INE919C01019
JAYT,Jaybharat Textiles and Real Estate Ltd,JAYTEX,stock,/stocks/jaybharat-textiles-and-real-estate-JAYT,INE091E01039
JAMS,Jamshri Realty Ltd,JAMSHRI,stock,/stocks/jamshri-realty-JAMS,INE462D01034
JPTR,Jupiter Industries and Leasing Ltd,JPTRLES,stock,/stocks/jupiter-industries-and-leasing-JPTR,INE990E01016
JAYB,Jayabharat Credit Ltd,JAYBHCR,stock,/stocks/jayabharat-credit-JAYB,INE998D01011
JAIP,Jaipan Industries Ltd,JAIPAN,stock,/stocks/jaipan-industries-JAIP,INE058D01030
JOL,Jolly Plastic Inds Ltd,JOLYPLS,stock,/stocks/jolly-plastic-industries-JOL,INE289M01016
JAYU,Jay Ushin Ltd,JAYUSH,stock,/stocks/jay-ushin-JAYU,INE289D01015
JOS,Jost's Engineering Company Ltd,JOSTS,stock,/stocks/josts-engineering-company-JOS,INE636D01041
JINDH,Jindal Hotels Ltd,JINDHOT,stock,/stocks/jindal-hotels-JINDH,INE726D01016
JAGAJ,Jagatjit Industries Ltd,JAGAJITIND,stock,/stocks/jagatjit-industries-JAGAJ,INE574A01016
JKS,Jaykay Enterprises Ltd,JAYKAY,stock,/stocks/jaykay-enterprises-JKS,INE903A01025
JYOTJ,Jyoti Ltd,JYOTI,stock,/stocks/jyoti-JYOTJ,INE511D01012
JETM,Jetmall Spices and Masala Ltd,JETMALL,stock,/stocks/jetmall-spices-and-masala-JETM,INE0D9X01018
JUB,Jubilant Ingrevia Ltd,JUBLINGREA,stock,/stocks/jubilant-ingrevia-JUB,INE0BY001018
JAINA,Jainam Ferro Alloys (I) Ltd,JAINAM,stock,/stocks/jainam-ferro-alloys-i-JAINA,INE02KC01010
JFLL,JFL Life Sciences Ltd,JFLLIFE,stock,/stocks/jfl-life-sciences-JFLL,INE0LA901015
JSLL,Jeena Sikho Lifecare Ltd,JSLL,stock,/stocks/jeena-sikho-lifecare-JSLL,INE0J5801029
JAYAN,Jayant Infratech Ltd,JAYANT,stock,/stocks/jayant-infratech-JAYAN,INE0KR801019
KOR,Jay Jalaram Technologies Ltd,KORE,stock,/stocks/jay-jalaram-technologies-KOR,INE0J6801010
JAF,J A Finance Ltd,JAFINANCE,stock,/stocks/j-a-finance-JAF,INE825B01010
JIO,Jio Financial Services Ltd,JIOFIN,stock,/stocks/jio-financial-services-JIO,INE758E01017
JIW,Jiwanram Sheoduttrai Industries Ltd,JIWANRAM,stock,/stocks/jiwanram-sheoduttrai-industries-JIW,INE0N5H01017
JSF,Jana Small Finance Bank Ltd,JSFB,stock,/stocks/jana-small-finance-bank-JSF,INE953L01027
JYOTC,Jyoti CNC Automation Ltd,JYOTICNC,stock,/stocks/jyoti-cnc-automation-JYOTC,INE980O01024
JNK,JNK India Ltd,JNKINDIA,stock,/stocks/jnk-india-JNK,INE0OAF01028
JUN,Juniper Hotels Ltd,JUNIPER,stock,/stocks/juniper-hotels-JUN,INE696F01016
JLH,Jupiter Life Line Hospitals Ltd,JLHL,stock,/stocks/jupiter-life-line-hospitals-JLH,INE682M01012
JGC,JG Chemicals Ltd,JGCHEM,stock,/stocks/jgchemicals-JGC,INE0MB501011
JSW,JSW Infrastructure Ltd,JSWINFRA,stock,/stocks/jsw-infrastructure-JSW,INE880J01026
JGT,Jasch Gauging Technologies Ltd,JGTL,stock,/stocks/jasch-gauging-technologies-JGT,INE0QXV01014
JAYK,Jay Kailash Namkeen Ltd,JAYKAILASH,stock,/stocks/jay-kailash-namkeen-JAYK,INE0MSS01019
RETA,JHS Svendgaard Retail Ventures Ltd,RETAIL,stock,/stocks/jhs-svendgaard-retail-ventures-RETA,INE03DD01011
JAYBE,JAYBEE Laminations Ltd,JAYBEE,stock,/stocks/jay-bee-laminations-JAYBE,INE0SMY01017
JEY,Jeyyam Global Foods Ltd,JEYYAM,stock,/stocks/jeyyam-global-foods-JEY,INE0RXB01022
JUNG,Jungle Camps India Ltd,JUNGLECAMP,stock,/stocks/jungle-camps-india-JUNG,INE0WCH01015
JUBLC,Jubilant Agri and Consumer Products Ltd,JUBLCPL,stock,/stocks/jubilant-agri-and-consumer-products-JUBLC,INE03CC01015
JAINI,Jainik Power Cables Ltd,JAINIK,stock,/stocks/jainik-power-cables-JAINI,INE0XIL01012
JYOTG,Jyoti Global Plast Ltd,JYOTIGLOBL,stock,/stocks/jyoti-global-plast-JYOTG,INE1M3T01017
JSWC,JSW Cement Ltd,JSWCEMENT,stock,/stocks/jsw-cement-JSWC,INE718I01012
CITYS,Jay Ambe Supermarkets Ltd,CITYSQUARE,stock,/stocks/jay-ambe-supermarkets-CITYS,INE1DRH01011
JDC,JD Cables Ltd,JDCABLES,stock,/stocks/jd-cables-JDC,INE14VP01014
JAR,Jaro Institute Of Technology Management & Research Ltd,JARO,stock,/stocks/jaro-institute-of-technol-mgt-and-research-JAR,INE00YJ01010
JAINR,Jain Resource Recycling Ltd,JAINREC,stock,/stocks/jain-resource-recycling-JAINR,INE0YD401026
JUS,Justo Realfintech Ltd,JUSTO,stock,/stocks/justo-realfintech-JUS,INE0W5Q01017
JKI,Jinkushal Industries Ltd,JKIPL,stock,/stocks/jinkushal-industries-JKI,INE1FF001016
JAYES,Jayesh Logistics Ltd,JAYESH,stock,/stocks/jayesh-logistics-JAYES,INE1AE401014
KENI,Kennametal India Ltd,KENNAMET,stock,/stocks/kennametal-india-KENI,INE717A01029
KPIE,KPIT Technologies Ltd,KPITTECH,stock,/stocks/kpit-technologies-KPIE,INE04I401011
KRFI,Kirloskar Ferrous Industries Ltd,KIRLFER,stock,/stocks/kirloskar-ferrous-industries-KRFI,INE884B01025
KNRL,KNR Constructions Ltd,KNRCON,stock,/stocks/knr-constructions-KNRL,INE634I01029
KCPS,KCP Sugar and Industries Corp Ltd,KCPSUGIND,stock,/stocks/kcp-sugar-and-industries-corp-KCPS,INE790B01024
KDDL,KDDL Ltd,KDDL,stock,/stocks/kddl-KDDL,INE291D01011
KRTK,Kritika Wires Ltd,KRITIKA,stock,/stocks/kritika-wires-KRTK,INE00Z501029
KLSL,Kalyani Steels Ltd,KSL,stock,/stocks/kalyani-steels-KLSL,INE907A01026
KIRL,Kirloskar Industries Ltd,KIRLOSIND,stock,/stocks/kirloskar-industries-KIRL,INE250A01039
KOTM,Kotak Nifty Bank ETF,BANKNIFTY1,etf,/etfs/kotak-nifty-bank-etf-KOTM,INF174K01F59
KPRM,KPR Mill Ltd,KPRMILL,stock,/stocks/kpr-mill-KPRM,INE930H01031
KBRE,Kabra Extrusion Technik Ltd,KABRAEXTRU,stock,/stocks/kabra-extrusion-technik-KBRE,INE900B01029
KAPT,Kalpataru Projects International Ltd,KPIL,stock,/stocks/kalpataru-power-transmission-KAPT,INE220B01022
KANE,Kansai Nerolac Paints Ltd,KANSAINER,stock,/stocks/kansai-nerolac-paints-KANE,INE531A01024
KRBL,KRBL Ltd,KRBL,stock,/stocks/krbl-KRBL,INE001B01026
KAPS,Kapston Services Ltd,KAPSTON,stock,/stocks/kapston-facilities-management-KAPS,INE542Z01028
KARU,Karur Vysya Bank Ltd,KARURVYSYA,stock,/stocks/karur-vysya-bank-KARU,INE036D01028
KREL,Kirloskar Electric Company Ltd,KECL,stock,/stocks/kirloskar-electric-company-KREL,INE134B01017
KINA,Kingfa Science and Technology (India) Ltd,KINGFA,stock,/stocks/kingfa-science-and-technology-india-KINA,INE473D01015
KIRO,Kirloskar Oil Engines Ltd,KIRLOSENG,stock,/stocks/kirloskar-oil-engines-KIRO,INE146L01010
KTKM,Kotak Mahindra Bank Ltd,KOTAKBANK,stock,/stocks/kotak-mahindra-bank-KTKM,INE237A01028
KEYN,Keynote Financial Services Ltd,KEYFINSERV,stock,/stocks/keynote-financial-services-KEYN,INE681C01015
KITE,Kitex Garments Ltd,KITEX,stock,/stocks/kitex-garments-KITE,INE602G01020
KAJR,Kajaria Ceramics Ltd,KAJARIACER,stock,/stocks/kajaria-ceramics-KAJR,INE217B01036
KLYA,Kalyani Commercials Ltd,KALYANI,stock,/stocks/kalyani-commercials-KLYA,INE610E01010
KAUS,Kaushalya Infrastructure Development Corporation Ltd,KAUSHALYA,stock,/stocks/kaushalya-infrastructure-development-corporation-KAUS,INE234I01028
KRBR,Kirloskar Brothers Ltd,KIRLOSBROS,stock,/stocks/kirloskar-brothers-KRBR,INE732A01036
KPRO,Kothari Products Ltd,KOTHARIPRO,stock,/stocks/kothari-products-KPRO,INE823A01017
KREB,Krebs Biochemicals and Industries Ltd,KREBSBIO,stock,/stocks/krebs-biochemicals-and-industries-KREB,INE268B01013
KSBL,KSB Ltd,KSB,stock,/stocks/ksb-KSBL,INE999A01023
KVRI,Kaveri Seed Company Ltd,KSCL,stock,/stocks/kaveri-seed-company-KVRI,INE455I01029
KSHT,Kshitij Polyline Ltd,KSHITIJPOL,stock,/stocks/kshitij-polyline-KSHT,INE013801027
KKTY,Kakatiya Cement Sugar and Industries Ltd,KAKATCEM,stock,/stocks/kakatiya-cement-sugar-and-industries-KKTY,INE437B01014
KAYA,Kaya Ltd,KAYA,stock,/stocks/kaya-KAYA,INE587G01015
KSRM,Kesoram Industries Ltd,KESORAMIND,stock,/stocks/kesoram-industries-KSRM,INE087A01019
KHFM,KHFM Hospitality and Facility Management Services Ltd,KHFM,stock,/stocks/khfm-hospitality-and-facility-managementservices-KHFM,INE00UG01014
KIRI,Kiri Industries Ltd,KIRIINDUS,stock,/stocks/kiri-industries-KIRI,INE415I01015
KKVA,KKV Agro Powers Ltd,KKVAPOW,stock,/stocks/kkv-agro-powers-KKVA,INE239T01016
KONV,Kotak Nifty 50 Value 20 ETF,NV20,etf,/etfs/kotak-nv20-etf-KONV,INF174K01Z71
KBNK,Karnataka Bank Ltd,KTKBANK,stock,/stocks/karnataka-bank-KBNK,INE614B01018
KATL,Kavveri Defence & Wireless Technologies Ltd,KAVDEFENCE,stock,/stocks/kavveri-telecom-products-KATL,INE641C01019
KTSG,Kothari Sugars and Chemicals Ltd,KOTARISUG,stock,/stocks/kothari-sugars-and-chemicals-KTSG,INE419A01022
KAUN,Kuantum Papers Ltd,KUANTUM,stock,/stocks/kuantum-papers-KAUN,INE529I01021
KALF,Kalyani Forge Ltd,KALYANIFRG,stock,/stocks/kalyani-forge-KALF,INE314G01014
KRME,Karma Energy Ltd,KARMAENG,stock,/stocks/karma-energy-KRME,INE725L01011
KELL,Kellton Tech Solutions Ltd,KELLTONTEC,stock,/stocks/kellton-tech-solutions-KELL,INE164B01030
KMIL,Kernex Microsystems (India) Ltd,KERNEX,stock,/stocks/kernex-microsystems-india-KMIL,INE202H01019
KRPH,Krishana Phoschem Ltd,KRISHANA,stock,/stocks/krishana-phoschem-KRPH,INE506W01012
KANN,Kanani Industries Ltd,KANANIIND,stock,/stocks/kanani-industries-KANN,INE879E01037
KECL,KEC International Ltd,KEC,stock,/stocks/kec-international-KECL,INE389H01022
KALA,Kalyani Investment Company Ltd,KICL,stock,/stocks/kalyani-investment-company-KALA,INE029L01018
KIDI,Kilitch Drugs (India) Ltd,KILITCH,stock,/stocks/kilitch-drugs-india-KIDI,INE729D01010
KIOC,KIOCL Ltd,KIOCL,stock,/stocks/kiocl-KIOC,INE880L01014
KTPU,Kotak Nifty PSU Bank ETF,PSUBANK,etf,/etfs/kotak-nifty-psu-bank-etf-KTPU,INF373I01023
KPOC,Kothari Petrochemicals Ltd,KOTHARIPET,stock,/stocks/kothari-petrochemicals-KPOC,INE720A01015
KNRC,Kanoria Chemicals and Industries Ltd,KANORICHEM,stock,/stocks/kanoria-chemicals-and-industries-KNRC,INE138C01024
KCP,KCP Ltd,KCP,stock,/stocks/kcp-KCP,INE805C01028
KKCL,Kewal Kiran Clothing Ltd,KKCL,stock,/stocks/kewal-kiran-clothing-KKCL,INE401H01017
KOFO,Kohinoor Foods Ltd,KOHINOOR,stock,/stocks/kohinoor-foods-KOFO,INE080B01012
KOCL,Kokuyo Camlin Ltd,KOKUYOCMLN,stock,/stocks/kokuyo-camlin-KOCL,INE760A01029
MAVI,Krishna Filament Industries Ltd,KRIFILIND,stock,/stocks/mavi-industries-MAVI,INE073A01019
KESR,Kesar Terminals & Infrastructure Ltd,KTIL,stock,/stocks/kesar-terminals-and-infrastructure-KESR,INE096L01025
KAMT,Kamat Hotels (India) Ltd,KAMATHOTEL,stock,/stocks/kamat-hotels-india-KAMT,INE967C01018
KHAI,Khaitan (India) Ltd,KHAITANLTD,stock,/stocks/khaitan-india-KHAI,INE731C01018
KOLT,Kolte-Patil Developers Ltd,KOLTEPATIL,stock,/stocks/kolte-patil-developers-KOLT,INE094I01018
KSOL,Ksolves India Ltd,KSOLVES,stock,/stocks/ksolves-india-KSOL,INE0D6I01023
KSRE,Kesar Enterprises Ltd,KESARENT,stock,/stocks/kesar-enterprises-KSRE,INE133B01027
KHAD,Khadim India Ltd,KHADIM,stock,/stocks/khadim-india-KHAD,INE834I01025
KHSE,Khandwala Securities Ltd,KHANDSE,stock,/stocks/khandwala-securities-KHSE,INE060B01014
KMSU,K M Sugar Mills Ltd,KMSUGAR,stock,/stocks/k-m-sugar-mills-KMSU,INE157H01023
KTGF,Kotak Gold Etf,GOLD1,etf,/etfs/kotak-gold-etf-KTGF,INF174KA1HJ8
KOTK,Kotak Nifty 50 ETF,NIFTY1,etf,/etfs/kotak-nifty-50-etf-KOTK,INF174K014P6
KRID,Kridhan Infra Ltd,KRIDHANINF,stock,/stocks/kridhan-infra-KRID,INE524L01026
KAMI,Kamdhenu Ltd,KAMDHENU,stock,/stocks/kamdhenu-KAMI,INE390H01020
KEIN,KEI Industries Ltd,KEI,stock,/stocks/kei-industries-KEIN,INE878B01027
KPRN,Kopran Ltd,KOPRAN,stock,/stocks/kopran-KPRN,INE082A01010
KLIF,K-Lifestyle and Industries Ltd,KLIFESTYL,stock,/stocks/k-lifestyle-and-industries-KLIF,INE218A01028
KAN,Kanungo Financiers Ltd,KANUNGO,stock,/stocks/kanungo-financiers-KAN,INE453S01015
KDM,Khemani Distributors & Marketing Ltd,KDML,stock,/stocks/khemani-distributors-and-marketing-KDM,INE030U01025
KPI,KPI Green Energy Ltd,KPIGREEN,stock,/stocks/k-p-i-global-infrastructure-KPI,INE542W01025
KEN,Kenvi Jewels Ltd,KENVI,stock,/stocks/kenvi-jewels-KEN,INE923Y01023
KMSM,KMS Medisurgi Ltd,KMSMEDI,stock,/stocks/kms-medisurgi-KMSM,INE870V01014
KRA,Kranti Industries Ltd,KRANTI,stock,/stocks/kranti-industries-KRA,INE911T01010
KAP,Kapil Raj Finance Ltd,KAPILRAJ,stock,/stocks/kapil-raj-finance-KAP,INE332Q01023
KAL,Kalpa Commercial Ltd,KALPACOMME,stock,/stocks/kalpa-commercial-KAL,INE059Q01014
KAA,Kaarya Facilities & Services Ltd,KAARYAFSL,stock,/stocks/kaarya-facilities-and-services-KAA,INE282Y01016
KUB,Kuber Udyog Ltd,KUBERJI,stock,/stocks/kuber-udyog-KUB,INE594R01018
KPL,Kwality Pharmaceuticals Ltd,KPL,stock,/stocks/kwality-pharmaceuticals-KPL,INE552U01010
KPE,K.P. Energy Ltd,KPEL,stock,/stocks/kp-energy-KPE,INE127T01021
KAR,Karnavati Finance Ltd,KARNAVATI,stock,/stocks/karnavati-finance-KAR,INE554R01020
ANUB,Kaizen Agro Infrabuild Ltd,KAIZENAGRO,stock,/stocks/anubhav-infrastructure-ANUB,INE891N01017
KKI,Kanak Krishi Implements Ltd,KKIL,stock,/stocks/kanak-krishi-implements-KKI,INE013Q01011
KCS,Karnimata Cold Storage Ltd,KCSL,stock,/stocks/karnimata-cold-storage-KCS,INE576P01019
KIR,Kiran Vyapar Ltd,KIRANVYPAR,stock,/stocks/kiran-vyapar-KIR,INE555P01013
KTK,Kotak S&P BSE Sensex ETF,SENSEX1,etf,/etfs/kotak-sensex-30-etf-KTK,INF174KA1JD7
KIF,Kifs Financial Services Ltd,KIFS,stock,/stocks/kifs-financial-services-KIF,INE902D01013
KCL,Kabra Commercial Ltd,KCL,stock,/stocks/kabra-commercial-KCL,INE926E01010
KANC,Kanco Tea & Industries Ltd,KANCOTEA,stock,/stocks/kanco-tea-and-industries-KANC,INE398L01017
KRIT,Kriti Nutrients Ltd,KRITINUT,stock,/stocks/kriti-nutrients-KRIT,INE798K01010
AKA,Kalyan Capitals Ltd,KALYANCAP,stock,/stocks/akashdeep-metal-industries-AKA,INE149Q01021
KHO,Khoobsurat Ltd,KHOOBSURAT,stock,/stocks/khoobsurat-KHO,INE731G01027
PANK,Kairosoft AI Solutions Ltd,VOLKAI,stock,/stocks/pankaj-piyush-trade-and-investment-PANK,INE820M01018
KAM,Kama Holdings Ltd,KAMAHOLD,stock,/stocks/kama-holdings-KAM,INE411F01010
KJM,KJMC Corporate Advisors (India) Ltd,KJMCCORP,stock,/stocks/kjmc-corporate-advisors-india-KJM,INE602C01011
KAC,Kachchh Minerals Ltd,KACHCHH,stock,/stocks/kachchh-minerals-KAC,INE059E01010
KON,Konndor Industries Ltd,KONNDOR,stock,/stocks/konndor-industries-KON,INE971A01014
KCLI,Kcl Infra Projects Ltd,KCLINFRA,stock,/stocks/kcl-infra-projects-KCLI,INE469F01026
BIS,Karnawati Innovation Ltd,KARNAWATI,stock,/stocks/bisil-plast-BIS,INE214D01021
KUSU,Kusam Electrical Industries Ltd,KUSUMEL,stock,/stocks/kusam-electrical-industries-KUSU,INE175Q01018
KGP,KG Petrochem Ltd,KGPETRO,stock,/stocks/kg-petrochem-KGP,INE902G01016
KACL,Kaiser Corporation Ltd,KACL,stock,/stocks/kaiser-corporation-KACL,INE229G01022
KRIS,Krishna Capital and Securities Ltd,KRISHNACAP,stock,/stocks/krishna-capital-and-securities-KRIS,INE897B01019
KCD,KCD Industries India Ltd,KCDGROUP,stock,/stocks/kcd-industries-india-KCD,INE185U01035
KEK,Kotia Enterprises Ltd,KEL,stock,/stocks/kotia-enterprises-KEK,INE079C01012
KBS,KBS India Ltd,KBSINDIA,stock,/stocks/kbs-india-KBS,INE883D01023
ZKO,Kovalam Investment and Trading Co Ltd,ZKOVALIN,stock,/stocks/kovalam-investment-and-trading-co-ZKO,INE735U01011
AIN,Kanoria Energy & Infrastructure Ltd,KEIL,stock,/stocks/a-infrastructure-AIN,INE534E01020
KMF,KMF Builders and Developers Ltd,KMFBLDR,stock,/stocks/kmf-builders-and-developers-KMF,INE580H01026
KRISH,Krishna Ventures Ltd,KRISHNA,stock,/stocks/krishna-ventures-KRISH,INE537L01010
ZKHA,Khandelwal Extractions Ltd,ZKHANDEN,stock,/stocks/khandelwal-extractions-ZKHA,INE687W01010
KIRA,Kiran Print Pack Ltd,KIRANPR,stock,/stocks/kiran-print-pack-KIRA,INE516D01011
KID,Kiduja India Ltd,KIDUJA,stock,/stocks/kiduja-india-KID,INE845A01028
KANCH,Kanchi Karpooram Ltd,KANCHI,stock,/stocks/kanchi-karpooram-KANCH,INE081G01019
KIN,Kinetic Trust Ltd,KINETRU,stock,/stocks/kinetic-trust-KIN,INE674M01019
KAJ,K I C Metaliks Ltd,KAJARIR,stock,/stocks/kic-metaliks-KAJ,INE434C01027
AVO,KOBO Biotech Ltd,KOBO,stock,/stocks/avon-lifesciences-AVO,INE881A01015
KAB,Kabsons Industries Ltd,KABSON,stock,/stocks/kabsons-industries-KAB,INE645C01010
KRE,Kretto Syscon Ltd,KRETTOSYS,stock,/stocks/kretto-syscon-KRE,INE128R01023
KMC,KMC Speciality Hospitals (India) Ltd,KMCSHIL,stock,/stocks/kmc-speciality-hospitals-india-KMC,INE879K01018
KSE,KSE Ltd,KSE,stock,/stocks/kse-KSE,INE953E01022
KMG,KMG Milk Food Ltd,KMGMILK,stock,/stocks/kmg-milk-food-KMG,INE873N01015
VIRT,Kati Patang Lifestyle Ltd,KATIPATANG,stock,/stocks/virtualsoft-systems-VIRT,INE237C01016
KHY,Khyati Multimedia Entertainment Ltd,KHYATI,stock,/stocks/khyati-multimedia-entertainment-KHY,INE593B01030
KLG,KLG Capital Services Ltd,KLGCAP,stock,/stocks/klg-capital-services-KLG,INE929C01018
KKA,Kkalpana Industries (India) Ltd,KKALPANAIND,stock,/stocks/kkalpana-industries-india-KKA,INE301C01028
KRR,K&R Rail Engineering Ltd,KRRAIL,stock,/stocks/kandr-rail-engineering-KRR,INE078T01026
KRITI,Kriti Industries (India) Limited,KRITI,stock,/stocks/kriti-industries-india-KRITI,INE479D01038
KEM,Kemistar Corporation Ltd,KEMISTAR,stock,/stocks/kemistar-corporation-KEM,INE971L01029
KENF,Ken Financial Services Ltd,KENFIN,stock,/stocks/ken-financial-services-KENF,INE395E01018
KUM,Kumbhat Financial Services Ltd,KUMPFIN,stock,/stocks/kumbhat-financial-services-KUM,INE795E01019
KAY,Kay Power and Paper Ltd,KAYPOWR,stock,/stocks/kay-power-and-paper-KAY,INE961B01013
KIRAN,Kiran Syntex Ltd,KIRANSY-B,stock,/stocks/kiran-syntex-KIRAN,INE293D01017
KARTK,Kartik Investments Trust Ltd,KARTKIN,stock,/stocks/kartik-investments-trust-KARTK,INE524U01019
KUW,Kuwer Industries Ltd,KUWERIN,stock,/stocks/kuwer-industries-KUW,INE430F01010
KIM,Kimia Biosciences Ltd,KIMIABL,stock,/stocks/kimia-biosciences-KIM,INE285U01025
KGD,K G Denim Ltd,KGDENIM,stock,/stocks/k-g-denim-KGD,INE104A01012
KANSH,Kanishk Steel Industries Ltd,KANSHST,stock,/stocks/kanishk-steel-industries-KANSH,INE791E01018
KJMC,KJMC Financial Services Ltd,KJMCFIN,stock,/stocks/kjmc-financial-services-KJMC,INE533C01018
KREO,Kreon Finnancial Services Ltd,KREONFIN,stock,/stocks/kreon-finnancial-services-KREO,INE302C01018
MBP,Kalind Ltd,ARUNIS,stock,/stocks/m-b-parikh-finstock-MBP,INE377D01018
KALL,Kallam Textiles Ltd,KALLAM,stock,/stocks/kallam-textiles-KALL,INE629F01025
KIS,Kisan Mouldings Ltd,KISAN,stock,/stocks/kisan-mouldings-KIS,INE017C01012
KAMA,Kamadgiri Fashion Ltd,KAMADGIRI,stock,/stocks/kamadgiri-fashion-KAMA,INE535C01013
KER,Kerala Ayurveda Ltd,KERALAYUR,stock,/stocks/kerala-ayurveda-KER,INE817B01025
KING,Kings Infra Ventures Ltd,KINGSINFR,stock,/stocks/kings-infra-ventures-KING,INE050N01010
RICHI,Kisaan Parivar Industries Ltd,KISAAN,stock,/stocks/richirich-inventures-RICHI,INE102C01020
KFB,Kothari Fermentation and Biochem Ltd,KFBL,stock,/stocks/kothari-fermentation-and-biochem-KFB,INE991B01010
KZL,K Z Leasing and Finance Ltd,KZLFIN,stock,/stocks/k-z-leasing-and-finance-KZL,INE006C01015
SUZ,Kush Industries Ltd,KUSHIND,stock,/stocks/kush-industries-SUZ,INE979D01011
KABR,Kabra Drugs Ltd,KABRADG,stock,/stocks/kabra-drugs-KABR,INE323K01017
KKP,Kkalpana Plastick Ltd,KKPLASTICK,stock,/stocks/kkalpana-plastick-KKP,INE465K01016
KOV,Kovai Medical Center and Hospital Ltd,KOVAI,stock,/stocks/kovai-medical-center-and-hospital-KOV,INE177F01017
KAND,Kandagiri Spinning Millis Ltd,KANDAGIRI,stock,/stocks/kandagiri-spinning-mills-KAND,INE292D01019
KAK,Kakatiya Textiles Ltd,KAKTEX,stock,/stocks/kakatiya-textiles-KAK,INE092E01011
KUN,Kunststoffe Industries Ltd,KUNSTOFF,stock,/stocks/kunststoffe-industries-KUN,INE638D01021
KES,Kesar Petroproducts Ltd,KESARPE,stock,/stocks/kesar-petroproducts-KES,INE133C01033
RJK,Krishanveer Forge Ltd,KVFORGE,stock,/stocks/rajkumar-forge-RJK,INE013J01016
KED,Kedia Construction Co Ltd,KEDIACN,stock,/stocks/kedia-construction-company-KED,INE511J01027
KRY,Krypton Industries Ltd,KRYPTONQ,stock,/stocks/krypton-industries-KRY,INE951B01014
KONA,Konark Synthetic Ltd,KONARKSY,stock,/stocks/konark-synthetic-KONA,INE517D01019
KLR,Kovilpatti Lakshmi Roller Flour Mills Ltd,KLRFM,stock,/stocks/kovilpatti-lakshmi-roller-flour-mills-KLR,INE014E01015
KAMAN,Kamanwala Housing Construction Ltd,KAMANWALA,stock,/stocks/kamanwala-housing-construction-KAMAN,INE344D01018
KEE,Keerthi Industries Ltd,KEERTHI,stock,/stocks/keerthi-industries-KEE,INE145L01012
KHA,Khaitan Chemicals and Fertilizers Ltd,KHAICHEM,stock,/stocks/khaitan-chemicals-and-fertilizers-KHA,INE745B01028
KAJA,Kajal Synthetics and Silk Mills Ltd,KAJALSY,stock,/stocks/kajal-synthetics-and-silk-mills-KAJA,INE956V01011
KILBU,Kilburn Engineering Ltd,KLBRENG-B,stock,/stocks/kilburn-engineering-KILBU,INE338F01015
KAT,Katare Spinning Mills Ltd,KATRSPG,stock,/stocks/katare-spinning-mills-KAT,INE498G01015
KPT,KPT Industries Ltd,KPT,stock,/stocks/kpt-industries-KPT,INE731D01024
KEY,Key Corp Ltd,KEYCORP,stock,/stocks/key-corp-KEY,INE130F01016
KEMP,Kemp and Company Ltd,KEMP,stock,/stocks/kemp-and-co-KEMP,INE060E01018
KAIR,Kaira Can Co Ltd,KAIRA,stock,/stocks/kaira-can-company-KAIR,INE375D01012
KANP,Kanpur Plastipack Ltd,KANPRPLA,stock,/stocks/kanpur-plastipack-KANP,INE694E01014
KINE,Kinetic Engineering Ltd,KINETICENG,stock,/stocks/kinetic-engineering-KINE,INE266B01017
KAYC,Kaycee Industries Ltd,KAYCEEI,stock,/stocks/kaycee-industries-KAYC,INE813G01023
KGK,Kirloskar Pneumatic Company Ltd,KIRLPNU,stock,/stocks/kirloskar-pneumatic-company-KGK,INE811A01020
KELE,Keltech Energies Ltd,KELENRG,stock,/stocks/keltech-energies-KELE,INE881E01017
KOT,Kothari Industrial Corp Ltd,KOTIC,stock,/stocks/kothari-industrial-corporation-KOT,INE972A01020
KOTA,Kotak Nifty IT ETF,IT,etf,/etfs/kotak-it-etf-KOTA,INF174KA1GC5
KALYA,Kalyan Jewellers India Ltd,KALYANKJIL,stock,/stocks/kalyan-jewellers-india-KALYA,INE303R01014
KGE,Kuberan Global Edu Solutions Ltd,KGES,stock,/stocks/kuberan-global-edu-solutions-KGE,INE04CO01018
KIMS,Krishna Institute of Medical Sciences Ltd,KIMS,stock,/stocks/krishna-institute-of-medical-sciences-KIMS,INE967H01025
KME,Knowledge Marine & Engineering Works Ltd,KMEW,stock,/stocks/knowledge-marine-and-engineering-works-KME,INE0CJD01029
KRS,Krsnaa Diagnostics Ltd,KRSNAA,stock,/stocks/krsnaa-diagnostics-KRS,INE08LI01020
KOTY,Kotyark Industries Ltd,KOTYARK,stock,/stocks/kotyark-industries-KOTY,INE0J0B01017
KOTAK,Kotak Nifty Alpha 50 ETF,ALPHA,etf,/etfs/kotak-nifty-alpha-50-etf-KOTAK,INF174KA1IA5
KOTAM,Kotak Nifty Midcap 50 ETF,MIDCAP,etf,/etfs/kotak-midcap-50-etf-KOTAM,INF174KA1IB3
KOTAL,Kotak Nifty 100 Low Volatility 30 ETF,LOWVOL1,etf,/etfs/kotak-nifty-100-low-vol-30-etf-KOTAL,INF174KA1IY5
KRISN,Krishna Defence & Allied Industries Ltd,KRISHNADEF,stock,/stocks/krishna-defence-and-allied-industries-KRISN,INE0J5601015
KNA,KN Agri Resources Ltd,KNAGRI,stock,/stocks/kn-agri-resources-KNA,INE0KNW01016
KRISI,Krishival Foods Ltd,KRISHIVAL,stock,/stocks/empyrean-cashews-KRISI,INE0GGO01015
KCK,KCK Industries Ltd,KCK,stock,/stocks/kck-industries-KCK,INE0J1E01027
KESA,Kesar India Ltd,KESAR,stock,/stocks/kesar-india-KESA,INE0L1C01019
KANDA,Kandarp Digi Smart Bpo Ltd,KANDARP,stock,/stocks/kandarp-digi-smart-bpo-KANDA,INE0MOT01016
KRISC,Krishca Strapping Solutions Ltd,KRISHCA,stock,/stocks/krishca-strapping-solutions-KRISC,INE0NR701018
KOTAN,Kotak Nifty MNC ETF,MNC,etf,/etfs/kotak-nifty-mnc-etf-KOTAN,INF174KA1JF2
KFI,Kfin Technologies Ltd,KFINTECH,stock,/stocks/kfin-technologies-KFI,INE138Y01010
KAMO,Kamdhenu Ventures Ltd,KAMOPAINTS,stock,/stocks/kamdhenu-ventures-KAMO,INE0BTI01037
KDD,Kore Digital Ltd,KDL,stock,/stocks/kore-digital-KDD,INE0O4R01018
KOTAS,Kotak Silver ETF,SILVER1,etf,/etfs/kotak-silver-etf-KOTAS,INF174KA1KU9
RUST,Keystone Realtors Ltd,RUSTOMJEE,stock,/stocks/keystone-realtors-RUST,INE263M01029
KLL,Kundan Edifice Ltd,KEL,stock,/stocks/kundan-edifice-KLL,INE0OWX01025
KOTAC,Kotak Nifty India Consumption ETF,CONS,etf,/etfs/kotak-nifty-india-consumption-etf-KOTAC,INF174KA1JE5
KAYN,Kaynes Technology India Ltd,KAYNES,stock,/stocks/kaynes-technology-india-KAYN,INE918Z01012
KAKA,Kaka Industries Ltd,KAKA,stock,/stocks/kaka-industries-KAKA,INE0P3N01018
KONT,Kontor Space Ltd,KONTOR,stock,/stocks/kontor-space-KONT,INE0KZ301010
KOTAI,Kotak Nifty 1D Rate Liquid ETF,LIQUID1,etf,/etfs/kotak-nifty-1d-rate-liquid-etf-KOTAI,INF174KA1LV5
KHAZ,Khazanchi Jewellers Ltd,KHAZANCHI,stock,/stocks/khazanchi-jewellers-KHAZ,INE0OWC01011
KOD,Kody Technolab Ltd,KODYTECH,stock,/stocks/kody-technolab-KOD,INE0Q7P01013
KAH,Kahan Packaging Ltd,KAHAN,stock,/stocks/kahan-packaging-KAH,INE04T901017
KALYN,Kalyani Cast-Tech Ltd,KALYANI,stock,/stocks/kalyani-cast-tech-KALYN,INE0N6U01018
KKS,KK Shah Hospitals Limited,KKSHL,stock,/stocks/kk-shah-hospitals-KKS,INE0OH401016
KARN,Karnika Industries Ltd,KARNIKA,stock,/stocks/karnika-industries-KARN,INE0MGA01012
KTL,Kalahridhaan Trendz Ltd,KTL,stock,/stocks/kalahridhaan-trendz-KTL,INE02M801018
KPG,KP Green Engineering Ltd,KPGEL,stock,/stocks/kp-green-engineering-KPG,INE0QVH01025
KONS,Konstelec Engineers Ltd,KONSTELEC,stock,/stocks/konstelec-engineers-KONS,INE0QEI01011
KOU,Koura Fine Diamond Jewelry Ltd,KOURA,stock,/stocks/koura-fine-diamond-jewelry-KOU,INE0M8R01011
KCE,Kay Cee Energy & Infra Ltd,KCEIL,stock,/stocks/kay-cee-energy-and-infra-KCE,INE0RCG01017
KKL,Kaushalya Logistics Ltd,KLL,stock,/stocks/kaushalya-logistics-KKL,INE0Q2V01012
KINF,K2 Infragen Ltd,K2INFRA,stock,/stocks/k2-infragen-KINF,INE0DEZ01013
KRYS,Krystal Integrated Services Ltd,KRYSTAL,stock,/stocks/krystal-integrated-services-KRYS,INE0QN801017
KRON,Kronox Lab Sciences Ltd,KRONOX,stock,/stocks/kronox-lab-sciences-KRON,INE0ATZ01017
KIZ,Kizi Apparels Ltd,KIZI,stock,/stocks/kizi-apparels-KIZ,INE0RMR01013
KATA,Kataria Industries Ltd,KATARIA,stock,/stocks/kataria-industries-KATA,INE0SVY01018
KRN,KRN Heat Exchanger and Refrigeration Ltd,KRN,stock,/stocks/krn-heat-exchanger-and-refrigeration-KRN,INE0Q3J01015
KROS,Kross Ltd,KROSS,stock,/stocks/kross-KROS,INE0O6601022
KALAN,Kalana Ispat Ltd,KALANA,stock,/stocks/kalana-ispat-KALAN,INE0T0L01014
KGV,Khyati Global Ventures Ltd,KGVL,stock,/stocks/khyati-global-ventures-KGV,INE0S9501014
KKJ,Kabra Jewels Ltd,KKJEWELS,stock,/stocks/kabra-jewels-KKJ,INE0XOW01017
KNN,Ken Enterprises Ltd,KEN,stock,/stocks/ken-enterprises-KNN,INE15DO01012
MSCI,Kotak MSCI India ETF,MSCIINDIA,etf,/etfs/kotak-msci-india-etf-MSCI,INF174KA1VD2
NIFTY,Kotak Nifty 100 Equal Weight ETF,NIFTY100EW,etf,/etfs/kotak-nifty-100-equal-weight-etf-NIFTY,INF174KA1UW4
MII,Kotak Nifty Midcap 150 ETF,MID150,etf,/etfs/kotak-nifty-midcap-150-etf-MII,INF174KA1VW2
KENR,Kenrik Industries Ltd,KENRIK,stock,/stocks/kenrik-industries-KENR,INE0AOG01018
KALP,Kalpataru Ltd,KALPATARU,stock,/stocks/kalpataru-KALP,INE227J01012
QUAL,Kotak Nifty200 Quality 30 ETF,QUALITY30,etf,/etfs/kotak-nifty200-quality-30-etf-QUAL,INF174KA1WT6
KAYT,Kaytex Fabrics Ltd,KAYTEX,stock,/stocks/kaytex-fabrics-KAYT,INE13ZD01013
PATA,Kati Patang Life Style Ltd Partly Paidup,PATANGPP,stock,/stocks/kati-patang-life-style-partly-paidup-PATA,IN9237C01014
KRT,Knowledge Realty Trust,KRT,stock,/stocks/knowledge-realty-trust-KRT,INE1JAR25012
KARB,Karbonsteel Engineering Ltd,KARBON,stock,/stocks/karbonsteel-engineering-KARB,INE0V8A01016
KRU,Krupalu Metals Ltd,KRUPALU,stock,/stocks/krupalu-metals-KRU,INE0XZB01017
KVS,KVS Castings Ltd,KVSCASTING,stock,/stocks/kvs-castings-KVS,INE163701019
MOMET,Kotak Nifty 200 Momentum 30 ETF,MOMENTUM30,etf,/etfs/kotak-nifty-200-momentum-30-etf-MOMET,INF174KA1XS6
CHEMA,Kotak Nifty Chemicals ETF,CHEMICAL,etf,/etfs/kotak-nifty-chemicals-etf-CHEMA,INF174KA1XV0
KSR,KSR Footwear Ltd,KSR,stock,/stocks/ksr-footwear-KSR,INE1SPP01016
KKSI,K K Silk Mills Ltd,KKSILK,stock,/stocks/k-k-silk-mills-KKSI,INE0EOJ01014
KVT,K V Toys India Ltd,KVTOYS,stock,/stocks/k-v-toys-india-KVT,INE1IE301018
KSHI,KSH International Ltd,KSHINTL,stock,/stocks/ksh-international-KSHI,INE987S01020
IDBE,LIC MF Gold ETF,LICMFGOLD,etf,/etfs/idbi-gold-etf-IDBE,INF397L01554
LICO,LIC MF Nifty 50 ETF,LICNETFN50,etf,/etfs/lic-mf-nifty-50-etf-LICO,INF767K01OS7
LICN,LIC MF Nifty 8-13 yr G-Sec ETF,LICNETFGSC,etf,/etfs/lic-mf-g-sec-long-term-etf-LICN,INF767K01MV5
LICM,LIC MF BSE Sensex ETF,LICNETFSEN,etf,/etfs/lic-mf-sensex-30-etf-LICM,INF767K01OT5
LICU,LIC MF Nifty 100 ETF,LICNFNHGP,etf,/etfs/lic-mf-nifty-100-etf-LICU,INF767K01PC8
LICNM,LIC MF Nifty Midcap 100 ETF,LICNMID100,etf,/etfs/lic-mf-nifty-midcap-100-etf-LICNM,INF767K01RN1
LTOL,LT Foods Ltd,LTFOODS,stock,/stocks/lt-foods-LTOL,INE818H01020
LGBL,LGB Forge Ltd,LGBFORGE,stock,/stocks/lgb-forge-LGBL,INE201J01017
LUMA,Lumax Industries Ltd,LUMAXIND,stock,/stocks/lumax-industries-LUMA,INE162B01018
LUXI,Lux Industries Ltd,LUXIND,stock,/stocks/lux-industries-LUXI,INE150G01020
LYPS,Lypsa Gems & Jewellery Ltd,LYPSAGEMS,stock,/stocks/lypsa-gems-and-jewellery-LYPS,INE142K01011
LINC,Linc Ltd,LINC,stock,/stocks/linc-pen-and-plastics-LINC,INE802B01027
LAXM,Laxmi Cotspin Ltd,LAXMICOT,stock,/stocks/laxmi-cotspin-LAXM,INE801V01019
LOVA,Lovable Lingerie Ltd,LOVABLE,stock,/stocks/lovable-lingerie-LOVA,INE597L01014
LCCI,LCC Infotech Ltd,LCCINFOTEC,stock,/stocks/lcc-infotech-LCCI,INE938A01021
LFIC,Lakshmi Finance and Industrial Corp Ltd,LFIC,stock,/stocks/lakshmi-finance-and-industrial-corp-LFIC,INE850E01012
LINP,Lincoln Pharmaceuticals Ltd,LINCOLN,stock,/stocks/lincoln-pharmaceuticals-LINP,INE405C01035
LIND,Linde India Ltd,LINDEINDIA,stock,/stocks/linde-india-LIND,INE473A01011
LAND,Landmark Property Development Co Ltd,LPDC,stock,/stocks/landmark-property-development-co-LAND,INE197J01017
LKMC,LMW Ltd,LMW,stock,/stocks/lakshmi-machine-works-LKMC,INE269B01029
LUAT,Lumax AutoTechnologies Ltd,LUMAXTECH,stock,/stocks/lumax-autotechnologies-LUAT,INE872H01027
LAGN,Lagnam Spintex Ltd,LAGNAM,stock,/stocks/lagnam-spintex-LAGN,INE548Z01017
LAMB,Lambodhara Textiles Ltd,LAMBODHARA,stock,/stocks/lambodhara-textiles-LAMB,INE112F01022
LTEH,L&T Technology Services Ltd,LTTS,stock,/stocks/landt-technology-services-LTEH,INE010V01017
LOMA,Lokesh Machines Ltd,LOKESHMACH,stock,/stocks/lokesh-machines-LOMA,INE397H01017
LART,Larsen and Toubro Ltd,LT,stock,/stocks/larsen-and-toubro-LART,INE018A01030
LAUL,Laurus Labs Ltd,LAURUSLABS,stock,/stocks/laurus-labs-LAUL,INE947Q01028
LSIL,Lloyds Engineering Works Ltd,LLOYDSENGG,stock,/stocks/lloyds-steels-industries-LSIL,INE093R01011
LEMO,Lemon Tree Hotels Ltd,LEMONTREE,stock,/stocks/lemon-tree-hotels-LEMO,INE970X01018
LEXU,Lexus Granito (India) Ltd,LEXUS,stock,/stocks/lexus-granito-india-LEXU,INE500X01013
LYKA,Lyka Labs Ltd,LYKALABS,stock,/stocks/lyka-labs-LYKA,INE933A01014
LASA,Lasa Supergenerics Ltd,LASA,stock,/stocks/lasa-supergenerics-LASA,INE670X01014
LUPN,Lupin Ltd,LUPIN,stock,/stocks/lupin-LUPN,INE326A01037
LIBS,Liberty Shoes Ltd,LIBERTSHOE,stock,/stocks/liberty-shoes-LIBS,INE557B01019
LTFH,L&T Finance Ltd,LTF,stock,/stocks/landt-finance-holdings-LTFH,INE498L01015
LKEL,Lakshmi Electrical Control Systems Ltd,LAKSELEC,stock,/stocks/lakshmi-electrical-control-systems-LKEL,INE284C01018
LGB,LG Balakrishnan & Bros Ltd,LGBBROSLTD,stock,/stocks/lg-balakrishnan-and-bros-LGB,INE337A01034
LIBA,Libas Consumer Products Ltd,LIBAS,stock,/stocks/libas-consumer-products-LIBA,INE908V01012
LICH,LIC Housing Finance Ltd,LICHSGFIN,stock,/stocks/lic-housing-finance-LICH,INE115A01026
LXPR,Lakshmi Precision Screws Ltd,LAKPRE,stock,/stocks/lakshmi-precision-screws-LXPR,INE651C01018
LAOP,La Opala R G Ltd,LAOPALA,stock,/stocks/la-opala-r-g-LAOP,INE059D01020
LATT,Latteys Industries Ltd,LATTEYS,stock,/stocks/latteys-industries-LATT,INE262Z01023
LAXI,Laxmi Goldorna House Ltd,LGHL,stock,/stocks/laxmi-goldorna-house-LAXI,INE258Y01016
LOTS,Lotus Eye Hospital and Institute Ltd,LOTUSEYE,stock,/stocks/lotus-eye-hospital-and-institute-LOTS,INE947I01017
LRTI,LTIMindtree Ltd,LTIM,stock,/stocks/larsen-and-toubro-infotech-LRTI,INE214T01019
LAL,Lorenzini Apparels Ltd,LAL,stock,/stocks/lorenzini-apparels-LAL,INE740X01023
LOY,LOYAL EQUIPMENTS Ltd,LOYAL,stock,/stocks/loyal-equipments-LOY,INE876S01017
LIK,Likhami Consulting Ltd,LIKHAMI,stock,/stocks/likhami-consulting-LIK,INE920T01011
LEX,Lex Nimble Solutions Ltd,LEX,stock,/stocks/lex-nimble-solutions-LEX,INE860Y01019
RADH,Le Lavoir Ltd,LELAVOIR,stock,/stocks/radhey-trade-holding-RADH,INE204S01012
LEG,Legacy Mercantile Ltd,LEGACY,stock,/stocks/legacy-mercantile-LEG,INE241Q01018
LLF,Leading Leasing Finance and Investment Company Ltd,LLFICL,stock,/stocks/leading-leasing-finance-and-investment-company-LLF,INE715Q01029
LAK,Lakhotia Polyesters (India) Ltd,LAKHOTIA,stock,/stocks/lakhotia-polyesters-india-LAK,INE191O01010
LPN,Laxmipati Engineering Works Ltd,LAXMIPATI,stock,/stocks/lp-naval-engineering-LPN,INE920P01019
LAN,Lancer Container Lines Ltd,LANCER,stock,/stocks/lancer-containers-lines-LAN,INE359U01028
LOO,Looks Health Services Ltd,LOOKS,stock,/stocks/looks-health-services-LOO,INE204N01013
LES,Lesha Industries Ltd,LESHAIND,stock,/stocks/lesha-industries-LES,INE050L01048
LANDM,Landmarc Leisure Corporation Ltd,LANDMARC,stock,/stocks/landmarc-leisure-corporation-LANDM,INE394C01023
SER,Lexoraa Industries Ltd,LEXORAA,stock,/stocks/servoteach-industries-SER,INE185D01015
LEH,Lehar Footwears Ltd,LEHAR,stock,/stocks/lehar-footwears-LEH,INE976H01018
CONFI,Longspur International Ventures Ltd,LONGSPUR,stock,/stocks/confidence-finance-and-trading-CONFI,INE180M01033
LKP,LKP Securities Ltd,LKPSEC,stock,/stocks/lkp-securities-LKP,INE341H01023
ETT,Laddu Gopal Online Services Ltd,LADDU,stock,/stocks/ett-ETT,INE546I01025
LYO,Lyons Corporate Market Ltd,LYONSCO,stock,/stocks/lyons-corporate-market-LYO,INE100F01019
LAH,Lahoti Overseas Ltd,LAHOTIOV,stock,/stocks/lahoti-overseas-LAH,INE515C01023
SHRG,Lloyds Enterprises Ltd,LLOYDSENT,stock,/stocks/shree-global-tradefin-SHRG,INE080I01025
LER,Lerthai Finance Ltd,LERTHAI,stock,/stocks/lerthai-finance-LER,INE347D01011
LWS,LWS Knitwear Ltd,LWSKNIT,stock,/stocks/lws-knitwear-LWS,INE281M01013
LYN,Lynx Machinery and Commercials Ltd,LYNMC,stock,/stocks/lynx-machinery-and-commercials-LYN,INE732D01014
LINK,Link Pharmachem Ltd,LINKPH,stock,/stocks/link-pharma-chem-LINK,INE302F01011
LIBO,Libord Finance Ltd,LIBORDFIN,stock,/stocks/libord-finance-LIBO,INE212B01011
LIP,Lippi Systems Ltd,LIPPISYS,stock,/stocks/lippi-systems-LIP,INE845B01018
LEA,Lead Financial Services Ltd,LEADFIN,stock,/stocks/lead-financial-services-LEA,INE531D01010
LEE,Lee & Nee Softwares (Exports) Ltd,LEENEE,stock,/stocks/lee-and-nee-software-exports-LEE,INE791B01014
LON,Longview Tea Co Ltd,LONTE,stock,/stocks/longview-tea-company-LON,INE696E01019
LAF,Laffans Petrochemicals Ltd,LAFFANSQ,stock,/stocks/laffans-petrochemicals-LAF,INE919B01011
LIB,Libord Securities Ltd,LIBORD,stock,/stocks/libord-securities-LIB,INE267E01019
LADD,Ladderup Finance Ltd,LADDERUP,stock,/stocks/ladderup-finance-LADD,INE519D01015
LYK,Lykis Ltd,LYKISLTD,stock,/stocks/lykis-LYK,INE624M01014
LAHL,Ladam Affordable Housing Ltd,LAHL,stock,/stocks/ladam-affordable-housing-LAHL,INE213U01019
TRANF,Last Mile Enterprises Ltd,LASTMILE,stock,/stocks/trans-financial-resources-TRANF,INE404B01022
LORD,Lords Ishwar Hotels Ltd,LORDSHOTL,stock,/stocks/lords-ishwar-hotels-LORD,INE689J01013
LUD,Ludlow Jute & Specialities Ltd,LUDLOWJUT,stock,/stocks/ludlow-jute-and-specialities-LUD,INE983C01015
LLO,Lloyds Metals and Energy Ltd,LLOYDSME,stock,/stocks/lloyds-metals-and-energy-LLO,INE281B01032
MAHAA,Lake Shore Realty Ltd,LAKESHORE,stock,/stocks/mahaan-foods-MAHAA,INE734D01010
LAC,Lactose (India) Ltd,LACTOSE,stock,/stocks/lactose-india-LAC,INE058I01013
LOT,Lotus Chocolate Company Ltd,LOTUSCHO,stock,/stocks/lotus-chocolate-company-LOT,INE026D01011
LANC,Lancor Holdings Ltd,LANCORHOL,stock,/stocks/lancor-holdings-LANC,INE572G01025
LAKS,Lakshmi Mills Company Ltd,LAKSHMIMIL,stock,/stocks/lakshmi-mills-company-LAKS,INE938C01019
LXM,Lakshmi Engineering and Warehousing Ltd,LAKSHMIEW,stock,/stocks/lakshmi-automatic-loom-works-LXM,INE718M01022
LKPM,LKP Finance Ltd,LKPFIN,stock,/stocks/lkp-finance-LKPM,INE724A01017
LIM,Lime Chemicals Ltd,LIMECHM,stock,/stocks/lime-chemicals-LIM,INE891G01011
LATI,LA Tim Metal & Industries Ltd,LATIMMETAL,stock,/stocks/la-tim-metal-and-industries-LATI,INE501N01020
LOYA,Loyal Textile Mills Ltd,LOYALTEX,stock,/stocks/loyal-textile-mills-LOYA,INE970D01010
MODIA,Lords Chloro Alkali Ltd,LORDSCHLO,stock,/stocks/lords-chloro-alkali-MODIA,INE846D01012
LIKH,Likhitha Infrastructure Ltd,LIKHITHA,stock,/stocks/likhitha-infrastructure-LIKH,INE060901027
LXC,Laxmi Organic Industries Ltd,LXCHEM,stock,/stocks/laxmi-organic-industries-LXC,INE576O01020
LOD,Lodha Developers Ltd,LODHA,stock,/stocks/macrotech-developers-LOD,INE670K01029
LATE,Latent View Analytics Ltd,LATENTVIEW,stock,/stocks/latent-view-analytics-LATE,INE0I7C01011
LEM,Le Merite Exports Ltd,LEMERITE,stock,/stocks/le-merite-exports-LEM,INE0G1L01017
LIC,Life Insurance Corporation Of India,LICI,stock,/stocks/life-insurance-corporation-of-india-LIC,INE0J1Y01017
LLOY,Lloyds Luxuries Ltd,LLOYDS,stock,/stocks/lloyds-luxuries-LLOY,INE0DTQ01028
ELIL,Logica Infoway Ltd,LOGICA,stock,/stocks/eastern-logica-infoway-ELIL,INE0BSU01018
LANDA,Landmark Cars Ltd,LANDMARK,stock,/stocks/landmark-cars-LANDA,INE559R01029
LRR,Lead Reclaim and Rubber Products Ltd,LRRPL,stock,/stocks/lead-reclaim-and-rubber-products-LRR,INE0H4B01011
LAB,Labelkraft Technologies Ltd,LABELKRAFT,stock,/stocks/labelkraft-technologies-LAB,INE0NLJ01011
IXI,Le Travenues Technology Ltd,IXIGO,stock,/stocks/le-travenues-technology-IXI,INE0HV901016
LAKSH,Lakshya Powertech Ltd,LAKSHYA,stock,/stocks/lakshya-powertech-LAKSH,INE0VZS01015
VANDU,Leo Dryfruits & Spices Trading Ltd,VANDU,stock,/stocks/leo-dryfruits-and-spices-trading-VANDU,INE0RH001011
LAM,Lamosaic India Ltd,LAMOSAIC,stock,/stocks/lamosaic-india-LAM,INE0R0201012
LAX,Laxmi Dental Ltd,LAXMIDENTL,stock,/stocks/laxmi-dental-LAX,INE0WO601020
LICL,Landmark Global Learning Ltd,LGLL,stock,/stocks/landmark-immigration-consultants-LICL,INE12QA01010
LKM,L K Mehta Polymers Ltd,LKMEHTA,stock,/stocks/lkmehta-polymers-LKM,INE0FFF01017
THEL,Leela Palaces Hotels & Resorts Ltd,THELEELA,stock,/stocks/schloss-bangalore-THEL,INE0AQ201015
LLOYD,Lloyds Engineering Works Ltd Partly Paidup,LLOYDSENPP,stock,/stocks/lloyds-engineering-works-partly-paidup-LLOYD,IN9093R01019
LAXMI,Laxmi India Finance Ltd,LAXMIINDIA,stock,/stocks/laxmi-india-finance-LAXMI,INE06WU01026
LGT,LGT Business Connextions Ltd,LGT,stock,/stocks/lgt-business-connextions-LGT,INE191201016
LLOYP,Lloyds Enterprises Ltd Partly Paidup,LLOYDPP,stock,/stocks/lloyds-enterprises-partly-paidup-LLOYP,IN9080I01015
LTE,LT Elevator Ltd,LTELEVATOR,stock,/stocks/l-t-elevator-LTE,INE0TJ801010
LGE,LG Electronics India Ltd,LGEINDIA,stock,/stocks/lg-electronics-india-LGE,INE324D01010
LEN,Lenskart Solutions Ltd,LENSKART,stock,/stocks/lenskart-solutions-LEN,INE956O01016
LOG,Logiciel Solutions Ltd,LOGICIEL,stock,/stocks/logiciel-solutions-LOG,INE1BA901016
LUX,Luxury Time Ltd,LUXURY,stock,/stocks/luxury-time-LUX,INE1CJB01013
MAIT,Maithan Alloys Ltd,MAITHANALL,stock,/stocks/maithan-alloys-MAIT,INE683C01011
MBLI,MBL Infrastructure Ltd,MBLINFRA,stock,/stocks/mbl-infrastructures-MBLI,INE912H01013
MAAC,Maha Rashtra Apex Corporation Ltd,MAHAPEXLTD,stock,/stocks/maha-rashtra-apex-corporation-MAAC,INE843B01013
MANI,Man Infraconstruction Ltd,MANINFRA,stock,/stocks/man-infraconstruction-MANI,INE949H01023
MRCO,Marico Ltd,MARICO,stock,/stocks/marico-MRCO,INE196A01026
MALR,Marvel Decor Ltd,MDL,stock,/stocks/marvel-decor-MALR,INE575Z01010
MDFT,Madras Fertilizers Ltd,MADRASFERT,stock,/stocks/madras-fertilizers-MDFT,INE414A01015
MGNM,Magnum Ventures Ltd,MAGNUM,stock,/stocks/magnum-ventures-MGNM,INE387I01016
MASK,Mask Investments Ltd,MASKINVEST,stock,/stocks/mask-investments-MASK,INE885F01015
MHID,Mahindra EPC Irrigation Ltd,MAHEPC,stock,/stocks/mahindra-epc-irrigation-MHID,INE215D01010
MHIC,Mahickra Chemicals Ltd,MAHICKRA,stock,/stocks/mahickra-chemicals-MHIC,INE961Y01015
MASF,MAS Financial Services Ltd,MASFIN,stock,/stocks/mas-financial-services-MASF,INE348L01012
MAZD,Mazda Ltd,MAZDA,stock,/stocks/mazda-MAZD,INE885E01042
MSFT,Megasoft Ltd,MEGASOFT,stock,/stocks/megasoft-MSFT,INE933B01012
MAHM,Mahindra and Mahindra Ltd,M&M,stock,/stocks/mahindra-and-mahindra-MAHM,INE101A01026
MANC,Manaksia Coated Metals & Industries Ltd,MANAKCOAT,stock,/stocks/manaksia-coated-metals-and-industries-MANC,INE830Q01018
MADC,Madhav Copper Ltd,MCL,stock,/stocks/madhav-copper-MADC,INE813V01022
MELS,Melstar Information Technologies Ltd,MELSTAR,stock,/stocks/melstar-information-technologies-MELS,INE817A01019
MANP,Mangalam Global Enterprise Ltd,MGEL,stock,/stocks/mangalam-global-enterprise-MANP,INE0APB01032
MALP,Malu Paper Mills Ltd,MALUPAPER,stock,/stocks/malu-paper-mills-MALP,INE383H01017
MIND,Man Industries (India) Ltd,MANINDS,stock,/stocks/man-industries-india-MIND,INE993A01026
MAXI,Max Financial Services Ltd,MFSL,stock,/stocks/max-financial-services-MAXI,INE180A01020
MGAS,Mahanagar Gas Ltd,MGL,stock,/stocks/mahanagar-gas-MGAS,INE002S01010
MOHH,Mohini Health & Hygiene Ltd,MHHL,stock,/stocks/mohini-health-and-hygiene-MOHH,INE450S01011
MMFS,Mahindra and Mahindra Financial Services Ltd,M&MFIN,stock,/stocks/mahindra-and-mahindra-financial-services-MMFS,INE774D01024
MDVM,Madhav Marbles and Granites Ltd,MADHAV,stock,/stocks/madhav-marbles-and-granites-MDVM,INE925C01016
MARH,Marshall Machines Ltd,MARSHALL,stock,/stocks/marshall-machines-MARH,INE00SZ01018
MAII,Max India Ltd,MAXIND,stock,/stocks/max-india-MAII,INE0CG601016
M50,Motilal Oswal Nifty 50 ETF,MOM50,etf,/etfs/motilal-oswal-nifty-50-etf-M50,INF247L01536
MALD,Mahindra Lifespace Developers Ltd,MAHLIFE,stock,/stocks/mahindra-lifespace-developers-MALD,INE813A01018
MAYU,Mayur Uniquoters Ltd,MAYURUNIQ,stock,/stocks/mayur-uniquoters-MAYU,INE040D01038
MAHH,Mahindra Holidays and Resorts India Ltd,MHRIL,stock,/stocks/mahindra-holidays-and-resorts-india-MAHH,INE998I01010
MNUG,Manugraph India Ltd,MANUGRAPH,stock,/stocks/manugraph-india-MNUG,INE867A01022
MIRE,Mirae Asset Nifty Next 50 ETF,NEXT50,etf,/etfs/mirae-asset-nifty-next-50-etf-MIRE,INF769K01FN2
MENO,Menon Bearings Ltd,MENONBE,stock,/stocks/menon-bearings-MENO,INE071D01033
METP,Metropolis Healthcare Ltd,METROPOLIS,stock,/stocks/metropolis-healthcare-METP,INE112L01020
MELC,MIC Electronics Ltd,MICEL,stock,/stocks/mic-electronics-MELC,INE287C01037
MAPR,Madhucon Projects Ltd,MADHUCON,stock,/stocks/madhucon-projects-MAPR,INE378D01032
MALO,Mahindra Logistics Ltd,MAHLOG,stock,/stocks/mahindra-logistics-MALO,INE766P01016
MNGL,Mangalore Chemicals & Fertilizers Ltd,MANGCHEFER,stock,/stocks/mangalore-chemicals-and-fertilisers-MNGL,INE558B01017
MARK,Marksans Pharma Ltd,MARKSANS,stock,/stocks/marksans-pharma-MARK,INE750C01026
MHSC,Maharashtra Scooters Ltd,MAHSCOOTER,stock,/stocks/maharashtra-scooters-MHSC,INE288A01013
MHSM,Maharashtra Seamless Ltd,MAHSEAMLES,stock,/stocks/maharashtra-seamless-MHSM,INE271B01025
MGLC,Mangalam Cement Ltd,MANGLMCEM,stock,/stocks/mangalam-cement-MGLC,INE347A01017
MCNL,McNally Bharat Engineering Company Ltd,MBECL,stock,/stocks/mcnally-bharat-engg-co-MCNL,INE748A01016
M100,Motilal Oswal Nifty Midcap 100 ETF,MOM100,etf,/etfs/motilal-oswal-nifty-midcap-100-etf-M100,INF247L01023
MAHA,Mahamaya Steel Industries Ltd,MAHASTEEL,stock,/stocks/mahamaya-steel-industries-MAHA,INE451L01014
MANK,Manaksia Ltd,MANAKSIA,stock,/stocks/manaksia-MANK,INE015D01022
MACP,Macpower CNC Machines Ltd,MACPOWER,stock,/stocks/macpower-cnc-machines-MACP,INE155Z01011
MGAD,Magadh Sugar & Energy Ltd,MAGADSUGAR,stock,/stocks/magadh-sugar-and-energy-MGAD,INE347W01011
MANM,Manaksia Steels Ltd,MANAKSTEEL,stock,/stocks/manaksia-steels-MANM,INE824Q01011
MNFL,Manappuram Finance Ltd,MANAPPURAM,stock,/stocks/manappuram-finance-MNFL,INE522D01027
MNVI,Manav Infra Projects Ltd,MANAV,stock,/stocks/manav-infra-projects-MNVI,INE104Y01012
MAST,Mastek Ltd,MASTEK,stock,/stocks/mastek-MAST,INE759A01021
MATI,Matrimony.Com Ltd,MATRIMONY,stock,/stocks/matrimonycom-MATI,INE866R01028
MANL,Manaksia Aluminium Co Ltd,MANAKALUCO,stock,/stocks/manaksia-aluminium-co-MANL,INE859Q01017
MARL,Maral Overseas Ltd,MARALOVER,stock,/stocks/maral-overseas-MARL,INE882A01013
MRTI,Maruti Suzuki India Ltd,MARUTI,stock,/stocks/maruti-suzuki-india-MRTI,INE585B01010
MAWS,Mawana Sugars Ltd,MAWANASUG,stock,/stocks/mawana-sugars-MAWS,INE636A01039
MPIN,MEP Infrastructure Developers Ltd,MEP,stock,/stocks/mep-infrastructure-developers-MPIN,INE776I01010
MANA,Maan Aluminium Ltd,MAANALU,stock,/stocks/maan-aluminium-MANA,INE215I01027
MAHW,Maheshwari Logistics Ltd,MAHESHWARI,stock,/stocks/maheshwari-logistics-MAHW,INE263W01010
MIRA,Mirae Asset Nifty 50 ETF,NIFTYETF,etf,/etfs/mirae-asset-nifty-50-etf-MIRA,INF769K01EG9
MADR,Mangalam Drugs and Organics Ltd,MANGALAM,stock,/stocks/mangalam-drugs-and-organics-MADR,INE584F01014
MARN,Marine Electricals (India) Ltd,MARINE,stock,/stocks/marine-electricals-india-MARN,INE01JE01028
MAXE,Max Healthcare Institute Ltd,MAXHEALTH,stock,/stocks/max-healthcare-institute-MAXE,INE027H01010
MCEI,Multi Commodity Exchange of India Ltd,MCX,stock,/stocks/multi-commodity-exchange-of-india-MCEI,INE745G01043
MNLI,Manali Petrochemicals Ltd,MANALIPETC,stock,/stocks/manali-petrochemicals-MNLI,INE201A01024
MANE,Marathon Nextgen Realty Ltd,MARATHON,stock,/stocks/marathon-nextgen-realty-MANE,INE182D01020
MCLE,McLeod Russel India Ltd,MCLEODRUSS,stock,/stocks/mcleod-russel-india-MCLE,INE942G01012
MADY,Madhya Bharat Agro Products Ltd,MBAPL,stock,/stocks/madhya-bharat-agro-products-MADY,INE900L01010
MISR,Mishra Dhatu Nigam Ltd,MIDHANI,stock,/stocks/mishra-dhatu-nigam-MISR,INE099Z01011
MITT,Mittal Life Style Ltd,MITTAL,stock,/stocks/mittal-life-style-MITT,INE997Y01027
MIRC,MIRC Electronics Ltd,MIRCELECTR,stock,/stocks/mirc-electronics-MIRC,INE831A01028
MINC,Minda Corporation Ltd,MINDACORP,stock,/stocks/minda-corporation-MINC,INE842C01021
MMFO,MM Forgings Ltd,MMFL,stock,/stocks/mm-forgings-MMFO,INE227C01017
MMPI,MMP Industries Ltd,MMP,stock,/stocks/mmp-industries-MMPI,INE511Y01018
MDTK,Mindteck (India) Ltd,MINDTECK,stock,/stocks/mindteck-india-MDTK,INE110B01017
MODI,Modi Rubber Ltd,MODIRUBBER,stock,/stocks/modi-rubber-MODI,INE832A01018
MUTT,Muthoot Finance Ltd,MUTHOOTFIN,stock,/stocks/muthoot-finance-MUTT,INE414G01012
MOIL,Moil Ltd,MOIL,stock,/stocks/moil-MOIL,INE490G01020
MINP,Mindpool Technologies Ltd,MINDPOOL,stock,/stocks/mindpool-technologies-MINP,INE00RQ01019
MLTO,Milton Industries Ltd,MILTON,stock,/stocks/milton-industries-MLTO,INE376Y01016
MINS,Mindspace Business Parks REIT,MINDSPACE,stock,/stocks/mindspace-business-parks-reit-MINS,INE0CCU25019
MORL,Morepen Laboratories Ltd,MOREPENLAB,stock,/stocks/morepen-laboratories-MORL,INE083A01026
MRF,MRF Ltd,MRF,stock,/stocks/mrf-MRF,INE883A01011
MSPO,MSP Steel & Power Ltd,MSPL,stock,/stocks/msp-steel-and-power-MSPO,INE752G01015
MUKR,Mukta Arts Ltd,MUKTAARTS,stock,/stocks/mukta-arts-MUKR,INE374B01019
MITC,MITCON Consultancy & Engineering Services Ltd,MITCON,stock,/stocks/mitcon-consultancy-and-engineering-services-MITC,INE828O01033
MTHR,Modern Threads (India) Ltd,MODTHREAD,stock,/stocks/modern-threads-india-MTHR,INE794W01014
MTED,MT Educare Ltd,MTEDUCARE,stock,/stocks/mt-educare-MTED,INE472M01018
MUKA,Mukand Ltd,MUKANDLTD,stock,/stocks/mukand-MUKA,INE304A01026
MUAU,Munjal Auto Industries Ltd,MUNJALAU,stock,/stocks/munjal-auto-industries-MUAU,INE672B01032
MIRZ,Mirza International Ltd,MIRZAINT,stock,/stocks/mirza-international-MIRZ,INE771A01026
MORT,Morarjee Textiles Ltd,MORARJEE,stock,/stocks/morarjee-textiles-MORT,INE161G01027
MKPR,M K Proteins Ltd,MKPL,stock,/stocks/m-k-proteins-MKPR,INE964W01021
MGF,Motor and General Finance Ltd,MOTOGENFIN,stock,/stocks/motor-and-general-finance-MGF,INE861B01023
MMTC,MMTC Ltd,MMTC,stock,/stocks/mmtc-MMTC,INE123F01029
MADA,Madhya Pradesh Today Media Ltd,MPTODAY,stock,/stocks/madhya-pradesh-today-media-MADA,INE105Y01019
MOHT,Mohit Industries Ltd,MOHITIND,stock,/stocks/mohit-industries-MOHT,INE954E01012
MRPL,Mangalore Refinery and Petrochemicals Ltd,MRPL,stock,/stocks/mangalore-refinery-and-petrochemicals-MRPL,INE103A01014
MOKS,Moksh Ornaments Ltd,MOKSH,stock,/stocks/moksh-ornaments-MOKS,INE514Y01020
MPSL,MPS Ltd,MPSLTD,stock,/stocks/mps-MPSL,INE943D01017
MOFS,Motilal Oswal Financial Services Ltd,MOTILALOFS,stock,/stocks/motilal-oswal-financial-services-MOFS,INE338I01027
MUSI,Music Broadcast Ltd,RADIOCITY,stock,/stocks/music-broadcast-MUSI,INE919I01024
MTNL,Mahanagar Telephone Nigam Ltd,MTNL,stock,/stocks/mahanagar-telephone-nigam-MTNL,INE153A01019
MSTC,MSTC Ltd,MSTCLTD,stock,/stocks/mstc-MSTC,INE255X01014
MOLT,Mold-Tek Packaging Ltd,MOLDTKPAC,stock,/stocks/mold-tek-packaging-MOLT,INE893J01029
MNJL,Munjal Showa Ltd,MUNJALSHOW,stock,/stocks/munjal-showa-MNJL,INE577A01027
MOCF,Monte Carlo Fashions Ltd,MONTECARLO,stock,/stocks/monte-carlo-fashions-MOCF,INE950M01013
MUTH,Muthoot Capital Services Ltd,MUTHOOTCAP,stock,/stocks/muthoot-capital-services-MUTH,INE296G01013
MOLD,Mold-Tek Technologies Ltd,MOLDTECH,stock,/stocks/mold-tek-technologies-MOLD,INE835B01035
N100,Motilal Oswal NASDAQ 100 ETF,MON100,etf,/etfs/motilal-oswal-nasdaq-100-etf-N100,INF247L01AP3
MURD,Murudeshwar Ceramics Ltd,MURUDCERA,stock,/stocks/murudeshwar-ceramics-MURD,INE692B01014
MBFL,Mphasis Ltd,MPHASIS,stock,/stocks/mphasis-MBFL,INE356A01018
MAX,Maximus International Ltd,MAXIMUS,stock,/stocks/maximus-international-MAX,INE544W01021
MANO,Manorama Industries Ltd,MANORAMA,stock,/stocks/manorama-industries-MANO,INE00VM01036
MIT,Mitsu Chem Plast Ltd,MITSU,stock,/stocks/mitsu-chem-plast-MIT,INE317V01016
MIH,Mihika Industries Ltd,MIHIKA,stock,/stocks/mihika-industries-MIH,INE779Q01017
MIS,Misquita Engineering Ltd,MISQUITA,stock,/stocks/misquita-engineering-MIS,INE957W01025
EAR,Murae Organisor Ltd,MURAE,stock,/stocks/earum-pharmaceuticals-EAR,INE060601031
MAH,Mahip Industries Ltd,MAHIP,stock,/stocks/mahip-industries-MAH,INE00CX01017
MED,Medico Remedies Ltd,MEDICO,stock,/stocks/medico-remedies-MED,INE630Y01024
SES,Mobavenue Ai Tech Ltd,MOBAVENUE,stock,/stocks/sylph-education-solutions-SES,INE622Q01019
MAD,Madhav Infra Projects Ltd,MADHAVIPL,stock,/stocks/madhav-infra-projects-MAD,INE631R01026
MIL,Milestone Furniture Ltd,MILEFUR,stock,/stocks/milestone-furniture-MIL,INE424Z01011
MER,Mercantile Ventures Ltd,MERCANTILE,stock,/stocks/mercantile-ventures-MER,INE689O01013
MAC,Mac Hotels Ltd,MACH,stock,/stocks/mac-hotels-MAC,INE004Z01011
MIM,Medico Intercontinental Ltd,MIL,stock,/stocks/medico-intercontinental-MIM,INE858Q01019
MAN,Manomay Tex India Ltd,MANOMAY,stock,/stocks/manomay-tex-india-MAN,INE784W01015
MEH,Mehai Technology Ltd,MEHAI,stock,/stocks/mehai-technology-MEH,INE062Y01020
MEE,Meera Industries Ltd,MEERA,stock,/stocks/meera-industries-MEE,INE343X01018
MANAS,Manas Properties Ltd,MANAS,stock,/stocks/manas-properties-MANAS,INE800W01019
MRC,MRC Agrotech Ltd,MRCAGRO,stock,/stocks/mrc-exim-MRC,INE333Y01017
MSL,Mangalam Seeds Ltd,MSL,stock,/stocks/mangalam-seeds-MSL,INE829S01016
MHE,Mewar Hi-Tech Engineering Ltd,MHEL,stock,/stocks/mewar-hi-tech-engineering-MHE,INE957U01011
MEG,Megastar Foods Ltd,MEGASTAR,stock,/stocks/megastar-foods-MEG,INE00EM01016
APM,Mufin Green Finance Ltd,MUFIN,stock,/stocks/apm-finvest-APM,INE08KJ01020
MISH,Mishka Exim Ltd,MISHKA,stock,/stocks/mishka-exim-MISH,INE540S01019
NAY,Meghna Infracon Infrastructure Ltd,MIIL,stock,/stocks/naysaa-securities-NAY,INE898Q01015
MON,Moneyboxx Finance Ltd,MONEYBOXX,stock,/stocks/moneyboxx-finance-MON,INE296Q01012
MNI,Mega Nirman & Industries Ltd,MNIL,stock,/stocks/mega-nirman-and-industries-MNI,INE216Q01010
MET,Maestros Electronics & Telecommunications Systems Ltd,METSL,stock,/stocks/maestros-electronics-and-telecommun-systems-MET,INE318N01011
MAXH,Max Heights Infrastructure Ltd,MAXHEIGHTS,stock,/stocks/max-heights-infrastructure-MAXH,INE393F01010
MOD,Modern Engineering and Projects Ltd,MEAPL,stock,/stocks/modern-converters-MOD,INE250S01015
MONN,MPDLLtd,MPDL,stock,/stocks/mpdl-MONN,INE493H01014
MUK,Mukta Agriculture Ltd,MUKTA,stock,/stocks/mukta-agriculture-MUK,INE160O01031
MINF,Mahaveer Infoway Ltd,MAHAVEER,stock,/stocks/mahaveer-infoway-MINF,INE019D01016
MML,Money Masters Leasing and Finance Ltd,MMLF,stock,/stocks/money-masters-leasing-and-finance-MML,INE340O01021
MCLO,Magellanic Cloud Ltd,MCLOUD,stock,/stocks/magellanic-cloud-MCLO,INE613C01026
MANG,Mangalam Industrial Finance Ltd,MANGIND,stock,/stocks/mangalam-industrial-finance-MANG,INE717C01025
MAG,Magnanimous Trade & Finance Ltd,MAGANTR,stock,/stocks/magnanimous-trade-and-finance-MAG,INE664N01018
MUL,Mauria Udyog Ltd,MUL,stock,/stocks/mauria-udyog-MUL,INE150D01027
MEGR,Megri Soft Ltd,MEGRISOFT,stock,/stocks/megri-soft-MEGR,INE756R01013
MOS,Moschip Technologies Ltd,MOSCHIP,stock,/stocks/moschip-technologies-MOS,INE935B01025
MYS,Mystic Electronics Ltd,MYSTICELE,stock,/stocks/mystic-electronics-MYS,INE159O01033
KSH,Manglam Global Corporations Ltd,KSHITIJ,stock,/stocks/kshitij-investments-KSH,INE733N01011
TRANO,Megh Mayur Infra Ltd,TRANOCE,stock,/stocks/megh-mayur-infra-TRANO,INE074J01018
MAL,Mallcom (India) Ltd,MALLCOM,stock,/stocks/mallcom-india-MAL,INE389C01015
MIDP,Midland Polymers Ltd,MIDPOLY,stock,/stocks/midland-polymers-MIDP,INE046M01036
META,Metal Coatings (India) Ltd,METALCO,stock,/stocks/metal-coatings-india-META,INE161E01014
MKE,MK Exim (India) Ltd,MKEXIM,stock,/stocks/m-k-exim-india-MKE,INE227F01010
MUD,Mudra Financial Services Ltd,MUDRA,stock,/stocks/mudra-financial-services-MUD,INE967S01014
ADVIK,MPS Pharmaa Ltd,ADVIKLA,stock,/stocks/advik-laboratories-ADVIK,INE537C01019
ZMU,Multipurpose Trading and Agencies Ltd,ZMULTIPU,stock,/stocks/multipurpose-trading-and-agencies-ZMU,INE017P01014
MEN,Menon Pistons Ltd,MENNPIS,stock,/stocks/menon-pistons-MEN,INE650G01029
MOU,Mount Housing and Infrastructure Ltd,MOUNT,stock,/stocks/mount-housing-and-infrastructure-MOU,INE444X01014
MONNE,Monind Ltd,MONIND,stock,/stocks/monnet-industries-MONNE,INE407E01029
MUN,Munoth Financial Services Ltd,MUNOTHFI,stock,/stocks/munoth-financial-services-MUN,INE348D01019
MAM,Meyer Apparel Ltd,MAL,stock,/stocks/meyer-apparel-MAM,INE100C01024
MAYUR,Mayur Leather Products Ltd,MAYUR,stock,/stocks/mayur-leather-products-MAYUR,INE799E01011
MILE,Milestone Global Ltd,MILESTONE,stock,/stocks/milestone-global-MILE,INE151H01018
MAYUF,Mayur Floorings Ltd,MAYURFL,stock,/stocks/mayur-floorings-MAYUF,INE262W01012
MERM,Mercury Ev-Tech Ltd,MERCURYEV,stock,/stocks/mercury-metals-MERM,INE763M01028
MINO,Minolta Finance Ltd,MINOLTAF,stock,/stocks/minolta-finance-MINO,INE514C01026
MOH,Mohite Industries Ltd,MOHITE,stock,/stocks/mohite-industries-MOH,INE154B01023
MRU,Mrugesh Trading Ltd,MRUTR,stock,/stocks/mrugesh-trading-MRU,INE738D01029
MUDU,Mudunuru Ltd,MUDUNURU,stock,/stocks/mudunuru-MUDU,INE491C01027
MODIS,Modison Ltd,MODISONLTD,stock,/stocks/modison-metals-MODIS,INE737D01021
MEGA,Mega Corp Ltd,MEGACOR,stock,/stocks/mega-corporation-MEGA,INE804B01023
MTP,Marg Techno-Projects Ltd,MTPL,stock,/stocks/marg-techno-projects-MTP,INE245H01018
MYMO,MY Money Securities Ltd,MYMONEY,stock,/stocks/my-money-securities-MYMO,INE232L01018
MAHAN,Mahan Industries Ltd,MAHANIN,stock,/stocks/mahan-industries-MAHAN,INE735D01041
MAI,Maruti Infrastructure Ltd,MAINFRA,stock,/stocks/maruti-infrastructure-MAI,INE392G01028
JYOT,Mizzen Ventures Ltd,MIZVEN,stock,/stocks/jyothi-infraventures-JYOT,INE681K01026
MINA,Minaxi Textiles Ltd,MINAXI,stock,/stocks/minaxi-textiles-MINA,INE952C01028
MARI,Maris Spinners Ltd,MARIS,stock,/stocks/maris-spinners-MARI,INE866D01010
MFS,MFS Intercorp Ltd,MFSINTRCRP,stock,/stocks/mfs-intercorp-MFS,INE614F01019
MARU,Maruti Global Industries Ltd,MARUTISE,stock,/stocks/maruti-securities-MARU,INE368C01019
MADH,Madhuveer Com 18 Network Ltd,MADHUVEER,stock,/stocks/madhuveer-com-18-network-MADH,INE312M01016
MARB,Martin Burn Ltd,MARBU,stock,/stocks/martin-burn-MARB,INE199D01016
PGI,Marble City India Ltd,MARBLE,stock,/stocks/pg-industry-PGI,INE807H01023
MISHT,Mishtann Foods Ltd,MISHTANN,stock,/stocks/mishtann-foods-MISHT,INE094S01041
MODU,Modulex Construction Technologies Ltd,MODULEX,stock,/stocks/modulex-construction-technologies-MODU,INE064R01012
MHL,Mahalaxmi Rubtech Ltd,MHLXMIRU,stock,/stocks/mahalaxmi-rubtech-MHL,INE112D01035
MFL,MFL India Ltd,MFLINDIA,stock,/stocks/mfl-india-MFL,INE244C01020
MENA,Mena Mani Industries Ltd,MENAMANI,stock,/stocks/mena-mani-industries-MENA,INE148B01033
MCLT,Munoth Communication Ltd,MCLTD,stock,/stocks/munoth-communication-MCLT,INE410E01015
UNIM,Manbro Industries Ltd,MANBRO,stock,/stocks/unimode-overseas-UNIM,INE348N01034
MONA,Monarch Networth Capital Ltd,MONARCH,stock,/stocks/monarch-networth-capital-MONA,INE903D01011
MEGF,Mega Fin (India) Ltd,MEGFI,stock,/stocks/mega-fin-india-MEGF,INE524D01015
MARS,Marsons Ltd,MARSONS,stock,/stocks/marsons-MARS,INE415B01044
MOR,Morarka Finance Ltd,MORARKFI,stock,/stocks/morarka-finance-MOR,INE367A01015
MANOR,Mangalam Organics Ltd,MANORG,stock,/stocks/mangalam-organics-MANOR,INE370D01013
MINAL,Minal Industries Ltd,MINALIND,stock,/stocks/minal-industries-MINAL,INE097E01028
MEDI,Medicamen Biotech Ltd,MEDICAMEQ,stock,/stocks/medicamen-biotech-MEDI,INE646B01010
MIDW,Midwest Gold Ltd,MIDWEST,stock,/stocks/midwest-gold-MIDW,INE519N01014
MAGNA,Magna Electro Castings Ltd,MAGNAELQ,stock,/stocks/magna-eletrocasting-MAGNA,INE437D01010
MEF,Mefcom Capital Markets Ltd,MEFCOMCAP,stock,/stocks/mefcom-capital-markets-MEF,INE186C01023
FRONT,Maxgrow India Ltd,MAXGROW,stock,/stocks/maxgrow-india-FRONT,INE485D01043
MODR,Modern Shares and Stockbrokers Ltd,MODRNSH,stock,/stocks/modern-shares-and-stockbrokers-MODR,INE370A01019
GLOBB,Metroglobal Ltd,METROGLOBL,stock,/stocks/metroglobal-GLOBB,INE085D01033
MARGO,Margo Finance Ltd,MARGOFIN,stock,/stocks/margo-finance-MARGO,INE680B01019
MSC,Mardia Samyoung Capillary Tubes Company Ltd,MSCTC,stock,/stocks/mardia-samyoung-capillary-tubes-company-MSC,INE277E01026
MANR,Manraj Housing Finance Ltd,MANRAJH,stock,/stocks/manraj-housing-finance-MANR,INE948I01015
MODA,Modern Dairies Ltd,MODAIRY,stock,/stocks/modern-dairies-MODA,INE617B01011
MUKES,Mukesh Babu Financial Services Ltd,MUKESHB,stock,/stocks/mukesh-babu-financial-services-MUKES,INE596B01017
MORG,Morgan Ventures Ltd,MORGAN,stock,/stocks/morgan-ventures-MORG,INE902C01015
MIDEA,Mideast Portfolio Management Ltd,MIDEASTP,stock,/stocks/mid-east-portfolio-management-MIDEA,INE033E01015
MOHI,Mohit Paper Mills Ltd,MOHITPPR,stock,/stocks/mohit-paper-mills-MOHI,INE388C01017
MHS,Mahasagar Travels Ltd,MHSGRMS,stock,/stocks/mahasagar-travels-MHS,INE007G01014
MONG,Moongipa Capital Finance Ltd,MONGIPA,stock,/stocks/moongipa-capital-finance-MONG,INE153K01018
MILT,MPL Plastics Ltd,MPL,stock,/stocks/mpl-plastics-MILT,INE343A01016
MAHAL,Mahalaxmi Seamless Ltd,MAHALXSE,stock,/stocks/mahalaxmi-seamless-MAHAL,INE257F01017
MIDIN,Mid India Industries Ltd,MIDINDIA,stock,/stocks/mid-india-industries-MIDIN,INE401C01018
MKT,Market Creators Ltd,MKTCREAT,stock,/stocks/market-creators-MKT,INE944C01017
KARA,Manor Estates and Industries Ltd,KARANWO,stock,/stocks/manor-estates-and-industries-KARA,INE327D01013
MEHI,Mehta Integrated Finance Ltd,MEHIF,stock,/stocks/mehta-integrated-finance-MEHI,INE240B01012
MADHR,Madhur Industries Ltd,MADHURIND,stock,/stocks/madhur-industries-MADHR,INE110C01015
MULT,Multibase India Ltd,MULTIBASE,stock,/stocks/multibase-india-MULT,INE678F01014
MASTE,Master Trust Ltd,MASTERTR,stock,/stocks/master-trust-MASTE,INE677D01037
MANS,Mansi Finance (Chennai) Ltd,MANSIFIN,stock,/stocks/mansi-finance-chennai-MANS,INE094E01017
MITS,Mitshi India Ltd,MITSHI,stock,/stocks/mitshi-india-MITS,INE844D01017
MUKAT,Mukat Pipes Ltd,MUKATPIP,stock,/stocks/mukat-pipes-MUKAT,INE862C01029
IKA,Mkventures Capital Ltd,MKVENTURES,stock,/stocks/ikab-securities-and-investment-IKA,INE874A01010
SAVI,Magnus Steel and Infra Ltd,MAGNUS,stock,/stocks/savant-infocomm-SAVI,INE898E01011
MODER,Modern Malleables Ltd,MODMA,stock,/stocks/modern-malleables-MODER,INE834C01028
MAT,Mathew Easow Research Securities Ltd,MATHEWE,stock,/stocks/mathew-easow-research-securities-MAT,INE963B01019
MULTI,Multiplus Holdings Ltd,MULTIIN,stock,/stocks/multiplus-holdings-MULTI,INE886E01016
CHIT,MKP Mobility Ltd,MKPMOB,stock,/stocks/chitradurga-spintex-CHIT,INE676G01024
MMW,Media Matrix Worldwide Ltd,MMWL,stock,/stocks/media-matrix-worldwide-MMW,INE200D01020
MAITR,Maitri Enterprises Ltd,MAITRI,stock,/stocks/maitri-enterprises-MAITR,INE501L01024
MERC,Mercury Laboratories Ltd,MERCURYLAB,stock,/stocks/mercury-laboratories-MERC,INE947G01011
MILL,Millennium Online Solutions (India) Ltd,MILLENNIUM,stock,/stocks/millennium-online-solutions-india-MILL,INE570N01025
MEHS,Mehta Securities Ltd,MEHSECU,stock,/stocks/mehta-securities-MEHS,INE241B01010
MASC,Master Chemicals Ltd,MASCH,stock,/stocks/master-chemicals-MASC,INE523D01017
MNP,Manipal Finance Corp Ltd,MNPLFIN,stock,/stocks/manipal-finance-corporation-MNP,INE798E01013
MINI,Mini Diamonds (India) Ltd,MINID,stock,/stocks/mini-diamonds-india-MINI,INE281E01028
MSR,MSR India Ltd,MSRINDIA,stock,/stocks/msr-india-MSR,INE331L01026
MEEN,Meenakshi Steel Industries Ltd,MEENST,stock,/stocks/meenakshi-steel-industries-MEEN,INE721V01019
MAHAC,Maharashtra Corp Ltd,MAHACORP,stock,/stocks/maharashtra-corporation-MAHAC,INE272E01027
ZMI,Milgrey Finance and Investments Ltd,ZMILGFIN,stock,/stocks/milgrey-finance-and-investments-ZMI,INE679T01013
MERCT,Mercury Trade Links Ltd,MERCTRD,stock,/stocks/mercury-trade-links-MERCT,INE319T01016
MIC,Microse India Ltd,MICROSE,stock,/stocks/microse-india-MIC,INE809F01015
MODIN,Modi Naturals Ltd,MODINATUR,stock,/stocks/modi-naturals-MODIN,INE537F01012
MADHS,Madhusudan Securities Ltd,MADHUSE,stock,/stocks/madhusudan-securities-MADHS,INE856D01011
MAPRO,Mapro Industries Ltd,MAPROIN,stock,/stocks/mapro-industries-MAPRO,INE848M01019
SPECM,M Lakhamsi Industries Ltd,MLINDLTD,stock,/stocks/specular-marketing-and-financing-SPECM,INE808W01012
MDR,Modern Steel Ltd,MDRNSTL,stock,/stocks/modern-steels-MDR,INE001F01019
MUNC,Munoth Capital Market Ltd,MUNCAPM,stock,/stocks/munoth-capital-markets-MUNC,INE910G01027
MEDIC,Medi-Caps Ltd,MEDICAPQ,stock,/stocks/medi-caps-MEDIC,INE442D01010
MEDIA,Mediaone Global Entertainment Ltd,MEDIAONE,stock,/stocks/mediaone-global-entertainment-MEDIA,INE828I01019
ZMA,Mansoon Trading Co Ltd,ZMANSOON,stock,/stocks/mansoon-trading-company-ZMA,INE776V01013
MADS,Madhusudan Industries Ltd,MADHUDIN,stock,/stocks/madhusudan-industries-MADS,INE469C01023
MACPL,Machino Plastics Ltd,MACPLASQ,stock,/stocks/machino-plastics-MACPL,INE082B01018
MODIP,Modipon Ltd,MODIPON,stock,/stocks/modipon-MODIP,INE170C01019
MPA,MPAgro Industries Ltd,MPAGI,stock,/stocks/m-p-agro-industries-MPA,INE468C01017
MORGA,Morganite Crucible (India) Ltd,MORGANITE,stock,/stocks/morganite-crucible-india-MORGA,INE599F01020
MCC,Mac Charles (India) Ltd,MCCHRLS-B,stock,/stocks/mac-charles-india-MCC,INE435D01014
MANCR,Mangal Credit and Fincorp Ltd,MANCREDIT,stock,/stocks/mangal-credit-and-fincorp-MANCR,INE545L01039
MIV,Miven Machine Tools Ltd,MIVENMACH,stock,/stocks/miven-machine-tools-MIV,INE338P01014
MONO,Monotype India Ltd,MONOT,stock,/stocks/monotype-india-MONO,INE811D01024
MPC,Mipco Seamless Rings (Gujarat) Ltd,MPCOSEMB,stock,/stocks/mipco-seamless-rings-gujarat-MPC,INE860N01012
MULL,Muller and Phipps (India) Ltd,MULLER,stock,/stocks/muller-and-phipps-india-MULL,INE003F01015
MYSO,Mysore Petro Chemicals Ltd,MYSORPETRO,stock,/stocks/mysore-petro-chemicals-MYSO,INE741A01011
MAK,Makers Laboratories Ltd,MAKERSL,stock,/stocks/makers-laboratories-MAK,INE987A01010
MAZ,Mazagon Dock Shipbuilders Ltd,MAZDOCK,stock,/stocks/mazagon-dock-shipbuilders-MAZ,INE249Z01020
MODW,Modella Woollens Ltd,MODWOOL,stock,/stocks/modella-woollens-MODW,INE380D01012
MODIU,Modern Insulators Ltd,MODINSU,stock,/stocks/modern-insulators-MODIU,INE219W01012
MAFA,Mafatlal Industries Ltd,MAFATIND,stock,/stocks/mafatlal-industries-MAFA,INE270B01035
MMR,MM Rubber Company Ltd,MMRUBBR-B,stock,/stocks/m-m-rubber-co-MMR,INE159E01026
MATH,MPIL Corporation Ltd,MPILCORPL,stock,/stocks/mpil-corporation-MATH,INE844C01027
MAJ,Majestic Auto Ltd,MAJESAUT,stock,/stocks/majestic-auto-MAJ,INE201B01022
MLK,Milkfood Ltd,MLKFOOD,stock,/stocks/milkfood-MLK,INE588G01021
MRP,MRP Agro Ltd,MRP,stock,/stocks/mrp-agro-MRP,INE0D7801012
G,Motilal Oswal Nifty 5 year BM G-Sec ETF,MOGSEC,etf,/etfs/motilal-oswal-5-year-g-sec-etf-G,INF247L01AK4
MTA,MTAR Technologies Ltd,MTARTECH,stock,/stocks/mtar-technologies-MTA,INE864I01014
BEC,Mrs. Bectors Food Specialities Ltd,BECTORFOOD,stock,/stocks/mrs-bectors-food-specialities-BEC,INE495P01020
MAE,Mirae Asset Nifty 100 ESG Sector Leaders ETF,ESG,etf,/etfs/mirae-asset-esg-sector-leaders-etf-MAE,INF769K01GS9
MAFAN,Mirae Asset NYSE FANG+ ETF,MAFANG,etf,/etfs/mirae-asset-nyse-fang-etf-MAFAN,INF769K01HF4
MAFS,Mirae Asset Nifty Financial Services ETF,BFSI,etf,/etfs/mirae-asset-nifty-financial-services-etf---rg-MAFS,INF769K01HI8
MASP,Mirae Asset S&P 500 Top 50 ETF,MASPTOP50,etf,/etfs/mirae-asset-sandp-500-top-50-etf-MASP,INF769K01HP3
MAHK,Mirae Asset Hang Seng TECH ETF,MAHKTECH,etf,/etfs/mirae-asset-hang-seng-tech-etf-MAHK,INF769K01HS7
MEDP,MedPlus Health Services Ltd,MEDPLUS,stock,/stocks/medplus-health-services-MEDP,INE804L01022
METR,Metro Brands Ltd,METROBRAND,stock,/stocks/metro-brands-METR,INE317I01021
MOM,Meghmani Organics Ltd,MOL,stock,/stocks/meghmani-organics-MOM,INE0CT101020
MTC,Markolines Pavement Technologies Ltd,MARKOLINES,stock,/stocks/markolines-traffic-controls-MTC,INE0FW001016
MONQ,Motilal Oswal Nasdaq Q50 ETF,MONQ50,etf,/etfs/motilal-oswal-nasdaq-q-50-etf-MONQ,INF247L01AU3
MOMO,Motilal Oswal Nifty 200 Momentum 30 ETF,MOMOMENTUM,etf,/etfs/motilal-oswal-nifty-200-momentum-30-etf-MOMO,INF247L01BK2
MAMF,Mirae Asset Nifty India Manufacturing ETF,MAKEINDIA,etf,/etfs/mirae-asset-nifty-india-manufacturing-etf-MAMF,INF769K01IB1
MOLO,Motilal Oswal BSE Low Volatility ETF,MOLOWVOL,etf,/etfs/motilal-oswal-sandp-bse-low-volatility-etf-MOLO,INF247L01BL0
MARUT,Maruti Interior Products Ltd,SPITZE,stock,/stocks/maruti-interior-products-MARUT,INE0JSJ01014
MAME,Mirae Asset Nifty Midcap 150 ETF,MIDCAPETF,etf,/etfs/mirae-asset-nifty-midcap-150-etf-MAME,INF769K01IC9
MSU,Motherson Sumi Wiring India Ltd,MSUMI,stock,/stocks/motherson-sumi-wiring-india-MSU,INE0FS801015
MWL,Mangalam Worldwide Ltd,MWL,stock,/stocks/mangalam-worldwide-MWL,INE0JYY01011
MODIM,Modi's Navnirman Ltd,MODIS,stock,/stocks/modis-navnirman-MODIM,INE0L0L01012
MLL,Mangalam Alloys Ltd,MAL,stock,/stocks/mangalam-alloys-MLL,INE00C401011
MAGO,Mirae Asset Gold ETF,GOLDETF,etf,/etfs/mirae-asset-gold-etf-MAGO,INF769K01JP9
MAID,Maiden Forgings Ltd,MAIDEN,stock,/stocks/maiden-forgings-MAID,INE0O1T01010
MAGS,Mirae Asset Nifty 8-13 yr G-Sec ETF,GSEC10YEAR,etf,/etfs/mirae-asset-nifty-8-13-yr-g-sec-etf-MAGS,INF769K01KF8
IHC,Maple Infrastructure Trust,MIT,stock,/stocks/indian-highway-concessions-trust-IHC,INE0M5S23019
MOV,Motilal Oswal BSE Enhanced Value ETF,MOVALUE,etf,/etfs/motilal-oswal-sandp-bse-enhanced-value-etf-fund-MOV,INF247L01BE5
MSS,MOS Utility Ltd,MOS,stock,/stocks/mos-utility-MSS,INE0N7S01028
MOHE,Motilal Oswal BSE Healthcare ETF,MOHEALTH,etf,/etfs/motilal-oswal-sandp-bse-healthcare-etf-MOHE,INF247L01BB1
MAFI,Mafia Trends Ltd,MAFIA,stock,/stocks/mafia-trends-MAFI,INE0KQQ01011
MOX,Moxsh Overseas Educon Ltd,MOXSH,stock,/stocks/moxsh-overseas-educon-MOX,INE0N6D01014
MAGSO,Magson Retail And Distribution Ltd,MAGSON,stock,/stocks/magson-retail-and-distribution-MAGSO,INE0O1S01012
BANK,Mirae Asset Nifty Bank ETF,BANKETF,etf,/etfs/mirae-asset-nifty-bank-etf-BANK,INF769K01KR3
ROB,Macfos Ltd,ROBU,stock,/stocks/macfos-ROB,INE0OLH01013
MASI,Mirae Asset Silver ETF,SILVERAG,etf,/etfs/mirae-asset-silver-etf-MASI,INF769K01KG6
MASTR,Master Components Ltd,MASTER,stock,/stocks/master-components-MASTR,INE0OJM01017
MAKS,Maks Energy Solutions India Ltd,MAKS,stock,/stocks/maks-energy-solutions-india-MAKS,INE0CDK01019
MANV,Mirae Asset Nifty 100 Low Volatility 30 ETF,LOWVOL,etf,/etfs/mirae-asset-nifty-100-low-volatility-30-etf-MANV,INF769K01JU9
MACIN,Machhar Industries Ltd,MACIND,stock,/stocks/machhar-industries-MACIN,INE01BT01015
MARC,Marco Cables & Conductors Ltd,MARCO,stock,/stocks/marco-cables-and-conductors-MARC,INE0QP001012
SENS,Mirae Asset BSE Sensex ETF,SENSEXETF,etf,/etfs/mirae-asset-sandp-bse-sensex-etf-SENS,INF769K01KT9
MONOP,Mono Pharmacare Ltd,MONOPHARMA,stock,/stocks/mono-pharmacare-MONOP,INE0OIP01012
MOQ,Motilal Oswal BSE Quality ETF,MOQUALITY,etf,/etfs/motilal-oswal-sandp-bse-quality-etf-fund-MOQ,INF247L01BH8
MEGAF,Mega Flex Plastics Ltd,MEGAFLEX,stock,/stocks/mega-flex-plastics-MEGAF,INE0G1D01014
MONIF,Motilal Oswal Nifty 500 ETF,MONIFTY500,etf,/etfs/motilal-oswal-nifty-500-etf-MONIF,INF247L01BU1
MAXES,Max Estates Ltd,MAXESTATES,stock,/stocks/max-estates-MAXES,INE03EI01018
MCO,Mcon Rasayan India Ltd,MCON,stock,/stocks/mcon-rasayan-india-MCO,INE0O4M01019
MANKI,Mankind Pharma Ltd,MANKIND,stock,/stocks/mankind-pharma-MANKI,INE634S01028
ITE,Mirae Asset Nifty IT ETF,ITETF,etf,/etfs/mirae-asset-nifty-it-etf-ITE,INF769K01KV5
MICRO,Micropro Software Solutions Ltd,MICROPRO,stock,/stocks/micropro-software-solutions-MICRO,INE0PZK01014
MAITE,Maitreya Medicare Ltd,MAITREYA,stock,/stocks/maitreya-medicare-MAITE,INE0PLQ01011
MISHD,Mish Designs Ltd,MISHDESIGN,stock,/stocks/mish-designs-MISHD,INE0QI101019
MARIN,Marinetrans India Ltd,MARINETRAN,stock,/stocks/marinetrans-india-MARIN,INE0P1P01017
MADHD,Madhusudan Masala Ltd,MADHUSUDAN,stock,/stocks/madhusudan-masala-MADHD,INE0P6701019
ALPHE,Mirae Asset Nifty 200 Alpha 30 ETF,ALPHAETF,etf,/etfs/mirae-asset-nifty-200-alpha-30-etf-ALPHE,INF769K01KU7
MVG,Manoj Vaibhav Gems N Jewellers Ltd,MVGJL,stock,/stocks/manoj-vaibhav-gems-n-jewellers-MVG,INE0KNT01012
LIQ,Mirae Asset Nifty 1D Rate Liquid ETF - IDCW,LIQUID,etf,/etfs/mirae-asset-nifty-1d-rate-liquid-etf-LIQ,INF769K01KS1
MEDIS,Medi Assist Healthcare Services Ltd,MEDIASSIST,stock,/stocks/medi-assist-healthcare-services-MEDIS,INE456Z01021
MOT,Motisons Jewellers Ltd,MOTISONS,stock,/stocks/motisons-jewellers-MOT,INE0FRK01020
MCF,Mayank Cattle Food Ltd,MCFL,stock,/stocks/mayank-cattle-food-MCF,INE0R5Z01015
SMAL,Mirae Asset Nifty Smallcap 250 Momentum Ql 100 ETF,SMALLCAP,etf,/etfs/mirae-asset-nifty-smallcap-250-momenquali-100etf-SMAL,INF769K01LC3
MUT,Muthoot Microfin Ltd,MUTHOOTMF,stock,/stocks/muthoot-microfin-MUT,INE046W01019
MEGAT,Megatherm Induction Ltd,MEGATHERM,stock,/stocks/megatherm-induction-MEGAT,INE531R01010
MORE,Motilal Oswal Nifty Realty ETF,MOREALTY,etf,/etfs/motilal-oswal-nifty-realty-etf-MORE,INF247L01CI4
MVK,M V K Agro Food Product Ltd,MVKAGRO,stock,/stocks/mvk-agro-food-product-MVK,INE0SGC01015
MOSM,Motilal Oswal Nifty Smallcap 250 ETF,MOSMALL250,etf,/etfs/motilal-oswal-nifty-smallcap-250-etf-MOSM,INF247L01CH6
MUKK,Mukka Proteins Ltd,MUKKA,stock,/stocks/mukka-proteins-MUKK,INE0CG401037
MCP,Manoj Ceramic Ltd,MCPL,stock,/stocks/manoj-ceramic-MCP,INE0A6N01026
MAXP,Maxposure Ltd,MAXPOSURE,stock,/stocks/maxposure-MAXP,INE0ECC01022
MAND,Mandeep Auto Industries Ltd,MANDEEP,stock,/stocks/mandeep-auto-industries-MAND,INE0R3T01013
MEDIO,Medicamen Organics Ltd,MEDIORG,stock,/stocks/medicamen-organics-MEDIO,INE0PE401018
MACO,Macobs Technologies Ltd,MACOBSTECH,stock,/stocks/macobs-technologies-MACO,INE0R0J01010
MIDS,Mirae Asset Nifty MidSmallcap400 Momentum Q100 ETF,MIDSMALL,etf,/etfs/mirae-an-midsmallcap400-momentum-quality-100-etf-MIDS,INF769K01LJ8
MAGE,Magenta Lifecare Ltd,MAGENTA,stock,/stocks/magenta-lifecare-MAGE,INE0QZ901011
EVI,Mirae Asset Nifty EV and New Age Automotive ETF,EVINDIA,etf,/etfs/mirae-asset-nifty-ev-and-new-age-automotive-etf-EVI,INF769K01LQ3
MITCO,MITCON Consultancy & Engg. Serv. Ltd Partly Paidup,MITCONPP,stock,/stocks/mitcon-consultancy-and-engg-serv-partly-paidup-MITCO,IN9828O01015
MASO,Mason Infratech Ltd,MASON,stock,/stocks/mason-infratech-MASO,INE0SH001010
MIE,Manglam Infra & Engineering Ltd,MIEL,stock,/stocks/manglam-infra-and-engineering-MIE,INE0R3101011
MULTC,Mirae Asset Nifty500 Multicap 50:25:25 ETF,MULTICAP,etf,/etfs/mirae-asset-nifty-500-multicap-502525-etf-MULTC,INF769K01LX9
MCE,Mach Conferences and Events Limited,MCEL,stock,/stocks/mach-conferences-and-events-MCE,INE0UYT01018
MFML,Mahalaxmi Fabric Mills Ltd,MFML,stock,/stocks/mahalaxmi-fabric-mills-MFML,INE0US801024
METAM,Mirae Asset Nifty Metal ETF,METAL,etf,/etfs/mirae-asset-nifty-metal-etf-METAM,INF769K01LY7
MOMEN,Motilal Oswal Nifty 500 Momentum 50 ETF,MOMENTUM50,etf,/etfs/motilal-oswal-nifty-500-momentum-50-etf-MOMEN,INF247L01DK8
BANKP,Mirae Asset Nifty PSU Bank ETF,BANKPSU,etf,/etfs/mirae-asset-nifty-psu-bank-etf-BANKP,INF769K01LZ4
MANBA,Manba Finance Ltd,MANBA,stock,/stocks/manba-finance-MANBA,INE939X01013
LIQUP,Mirae Asset Nifty 1D Rate Liquid ETF   Growth,LIQUIDPLUS,etf,/etfs/mirae-asset-nifty-1d-rate-liquid-etf-growth-LIQUP,INF769K01MY5
MANGL,Mangal Compusolution Ltd,MANGALCOMP,stock,/stocks/mangal-compusolution-MANGL,INE0RU901015
MODEF,Motilal Oswal Nifty India Defence ETF,MODEFENCE,etf,/etfs/motilal-oswal-nifty-india-defence-etf-MODEF,INF247L01DJ0
MYMU,My Mudra Fincorp Ltd,MYMUDRA,stock,/stocks/my-mudra-fincorp-MYMU,INE0RVQ01016
MAMA,Mamata Machinery Ltd,MAMATA,stock,/stocks/mamata-machinery-MAMA,INE0TO701015
CONSU,Mirae Asset Nifty India New Age Consumption ETF,CONSUMER,etf,/etfs/mirae-asset-nifty-india-new-age-consumption-etf-CONSU,INF769K01NS5
MALPA,Malpani Pipes and Fittings Ltd,MALPANI,stock,/stocks/malpani-pipes-and-fittings-MALPA,INE0YON01014
MAXVO,Maxvolt Energy Industries Ltd,MAXVOLT,stock,/stocks/maxvolt-energy-industries-MAXVO,INE10A501018
MOC,Motilal Oswal Nifty Capital Market ETF,MOCAPITAL,etf,/etfs/motilal-oswal-nifty-capital-market-etf-MOC,INF247L01EV3
EQUA,Mirae Asset BSE 200 Equal Weight ETF,EQUAL200,etf,/etfs/mirae-asset-bse-200-equal-weight-etf-EQUA,INF769K01OA1
SELE,Mirae Asset BSE Select IPO ETF,SELECTIPO,etf,/etfs/mirae-asset-bse-select-ipo-etf-SELE,INF769K01ON4
MONE,MOTILAL OSWAL NIFTY 50 EQUAL WEIGHT ETF,MON50EQUAL,etf,/etfs/motilal-oswal-nifty-50-equal-weight-etf-MONE,INF247L01FC0
MANOJ,Manoj Jewellers Ltd,MANOJJEWEL,stock,/stocks/manoj-jewellers-MANOJ,INE0MV001018
MONEX,Motilal Oswal Nifty Next 50 ETF,MONEXT50,etf,/etfs/motilal-oswal-nifty-next-50-etf-MONEX,INF247L01FD8
EQUAL,Mirae Asset Nifty50 Equal Weight ETF,EQUAL50,etf,/etfs/mirae-asset-nifty50-equal-weight-etf-EQUAL,INF769K01OO2
MOI,Motilal Oswal BSE India Infrastructure ETF,MOINFRA,etf,/etfs/motilal-oswal-bse-india-infrastructure-etf-MOI,INF247L01FL1
MOMG,Motilal Oswal Nifty India Manufacturing ETF,MOMGF,etf,/etfs/motilal-oswal-nifty-india-manufacturing-etf-MOMG,INF247L01FK3
MOP,Motilal Oswal Nifty Pse ETF,MOPSE,etf,/etfs/motilal-oswal-nifty-pse-etf-MOP,INF247L01FO5
MOTO,Motilal Oswal Nifty India Tourism ETF,MOTOUR,etf,/etfs/motilal-oswal-nifty-india-tourism-etf-MOTO,INF247L01FP2
MONOL,Monolithisch India Ltd,MONOLITH,stock,/stocks/monolithisch-india-MONOL,INE1DV401010
MAYA,Mayasheel Ventures Ltd,MAYASHEEL,stock,/stocks/mayasheel-ventures-MAYA,INE0ZTO01018
MME,Moving Media Entertainment Ltd,MMEL,stock,/stocks/moving-media-entertainment-MME,INE0XM301010
MOMI,Motilal Oswal Nifty Midcap150 Momentum 50 ETF,MOMIDMTM,etf,/etfs/motilal-oswal-nifty-midcap150-momentum-50-etf-MOMI,INF247L01FQ0
MARCL,Marc Loire Fashions Ltd,MARCLOIRE,stock,/stocks/marc-loire-fashions-MARCL,INE0TBQ01014
INTEN,Mirae Asset Nifty India Internet ETF,INTERNET,etf,/etfs/mirae-asset-nifty-india-internet-etf-INTEN,INF769K01PB6
MOA,Motilal Oswal Nifty Alpha 50 ETF,MOALPHA50,etf,/etfs/motilal-oswal-nifty-alpha-50-etf-MOA,INF247L01FR8
METAI,Meta Infotech Ltd,METAINFO,stock,/stocks/meta-infotech-METAI,INE162901016
MONIK,Monika Alcobev Ltd,MONIKA,stock,/stocks/monika-alcobev-MONIK,INE0LCG01010
MSE,Monarch Surveyors & Engineering Consultants Ltd,MSECL,stock,/stocks/monarch-surveyors-and-engineering-consultants-MSE,INE0V0L01028
MOG,Motilal Oswal Gold ETF,MOGOLD,etf,/etfs/motilal-oswal-gold-etf-MOG,INF247L01FY4
MEHU,Mehul Colours Ltd,MEHUL,stock,/stocks/mehul-colours-MEHU,INE1KH601014
MBE,M & B Engineering Ltd,MBEL,stock,/stocks/m-and-b-engineering-MBE,INE08N601015
MOSI,Motilal Oswal Silver ETF,MOSILVER,etf,/etfs/motilal-oswal-silver-etf-MOSI,INF247L01FZ1
MEDIT,Medistep Healthcare Ltd,MEDISTEP,stock,/stocks/medistep-healthcare-MEDIT,INE0UOY01019
MRI,Mahendra Realtors & Infrastructure Ltd,MRIL,stock,/stocks/mahendra-realtors-and-infrastructure-MRI,INE632Q01018
MEI,Mangal Electrical Industries Ltd,MEIL,stock,/stocks/mangal-electrical-industries-MEI,INE0PKD01011
MGS,Matrix Geo Solutions Ltd,MGSL,stock,/stocks/matrix-geo-solutions-MGS,INE132901013
MPE,Manas Polymers and Energies Ltd,MPEL,stock,/stocks/manas-polymers-and-energies-MPE,INE0U4H01011
MPK,M P K Steels (1) Ltd,MPKSTEELS,stock,/stocks/m-p-k-steels-i-MPK,INE1PJP01015
MUNI,Munish Forge Ltd,MUNISH,stock,/stocks/munish-forge-MUNI,INE1K8Y01018
MITTA,Mittal Sections Ltd,MITTALSTL,stock,/stocks/mittal-sections-MITTA,INE833Q01012
MOE,Motilal Oswal Nifty Energy ETF,MOENERGY,etf,/etfs/motilal-oswal-nifty-energy-etf-MOE,INF247L01GH7
MONIT,Motilal Oswal Nifty 100 ETF,MONIFTY100,etf,/etfs/motilal-oswal-nifty-100-etf-MONIT,INF247L01GG9
MIDWE,Midwest Ltd,MIDWESTLTD,stock,/stocks/midwest-MIDWE,INE0XAD01024
ENE,Mirae Asset Nifty Energy ETF,ENERGY,etf,/etfs/mirae-asset-nifty-energy-etf-ENE,INF769K01PR2
SMALL,Mirae Asset Nifty Smallcap 250 ETF,SMALL250,etf,/etfs/mirae-asset-nifty-smallcap-250-etf-SMALL,INF769K01PQ4
MAHAI,Mahamaya Lifesciences Ltd,MAHALIFE,stock,/stocks/mahamaya-lifesciences-MAHAI,INE0U9D01019
MOIP,MOTILAL OSWAL BSE SELECT IPO ETF,MOIPO,etf,/etfs/motilal-oswal-bse-select-ipo-etf-MOIP,INF247L01GI5
MOSE,Motilal Oswal Nifty Services Sector ETF,MOSERVICE,etf,/etfs/motilal-oswal-nifty-services-sector-etf-MOSE,INF247L01GJ3
MNF,Mother Nutri Foods Ltd,MNFL,stock,/stocks/mother-nutri-foods-MNF,INE0UH001016
MOMN,Motilal Oswal Nifty MNC ETF,MOMNC,etf,/etfs/motilal-oswal-nifty-mnc-etf-MOMN,INF247L01GK1
MEES,Meesho Ltd,MEESHO,stock,/stocks/meesho-MEES,INE0VDM01015
METH,Methodhub Software Ltd,METHODHUB,stock,/stocks/methodhub-software-METH,INE0QZR01017
DIVID,Mirae Asset BSE 500 Dividend Leaders 50 ETF,DIVIDEND,etf,/etfs/mirae-asset-bse-500-dividend-leaders-50-etf-DIVID,INF769K01PY8
TOO,Mirae Asset Nifty Top 20 Equal Weight ETF,TOP20,etf,/etfs/mirae-asset-nifty-top-20-equal-weight-etf-TOO,INF769K01PZ5
MARM,Marc Technocrats Ltd,MARC,stock,/stocks/marc-technocrats-MARM,INE0TD401015
BBES,Nippon India ETF Nifty Bank BeES,BANKBEES,etf,/etfs/nippon-india-nifty-bank-bees-etf-BBES,INF204KB15I9
GBES,Nippon India ETF Gold BeES,GOLDBEES,etf,/etfs/nippon-india-gold-bees-etf-GBES,INF204KB17I5
HNGS,Nippon India ETF Hang Seng BeES,HNGSNGBEES,etf,/etfs/nippon-india-hang-seng-bees-etf-HNGS,INF204KB19I1
IFRB,Nippon India ETF Nifty Infrastructure BeES,INFRABEES,etf,/etfs/nippon-india-nifty-infra-bees-etf-IFRB,INF732E01268
JBES,Nippon India ETF Nifty Next 50 Junior BeES,JUNIORBEES,etf,/etfs/nippon-india-junior-bees-etf-JBES,INF732E01045
LBES,Nippon India ETF Nifty 1D Rate Liquid BeES,LIQUIDBEES,etf,/etfs/nippon-india-liquid-bees-etf-LBES,INF732E01037
NANA,Nandani Creation Ltd,JAIPURKURT,stock,/stocks/nandani-creation-NANA,INE696V01013
NHIE,Nahar Industrial Enterprises Ltd,NAHARINDUS,stock,/stocks/nahar-industrial-enterprises-NHIE,INE289A01011
NBCC,NBCC (India) Ltd,NBCC,stock,/stocks/nbcc-india-NBCC,INE095N01031
NEOE,Neogen Chemicals Ltd,NEOGEN,stock,/stocks/neogen-chemicals-NEOE,INE136S01016
NCON,Nippon India ETF Nifty India Consumption,CONSUMBEES,etf,/etfs/nippon-india-nifty-india-consumption-etf-NCON,INF204KA1LD7
NISP,Nitin Spinners Ltd,NITINSPIN,stock,/stocks/nitin-spinners-NISP,INE229H01012
NEOP,Neopolitan Pizza and Foods Ltd,NPFL,stock,/stocks/neopolitan-pizza-NEOP,INE471R01019
NRAI,N R Agarwal Industries Ltd,NRAIL,stock,/stocks/n-r-agarwal-industries-NRAI,INE740D01017
NBEA,NRB Bearings Ltd,NRBBEARING,stock,/stocks/nrb-bearings-NBEA,INE349A01021
NCIL,Nagreeka Capital & Infrastructure Ltd,NAGREEKCAP,stock,/stocks/nagreeka-capital-and-infrastructure-NCIL,INE245I01016
NCLI,NCL Industries Ltd,NCLIND,stock,/stocks/ncl-industries-NCLI,INE732C01016
NTFM,Nippon India ETF Nifty Midcap 150,MID150BEES,etf,/etfs/nippon-india-nifty-midcap-150-etf-NTFM,INF204KB1V68
NIPO,Nippon India ETF Nifty 100,NIF100BEES,etf,/etfs/nippon-india-nifty-100-etf-NIPO,INF204K014N5
NGFR,Nagarjuna Fertilizers and Chemicals Ltd,NAGAFERT,stock,/stocks/nagarjuna-fertilizers-and-chemicals-NGFR,INE454M01024
NHI,Nila Infrastructures Ltd,NILAINFRA,stock,/stocks/nila-infrastructures-NHI,INE937C01029
NIPF,Nippon Life India Asset Management Ltd,NAM-INDIA,stock,/stocks/nippon-life-india-asset-management-NIPF,INE298J01013
NALU,National Aluminium Co Ltd,NATIONALUM,stock,/stocks/national-aluminium-co-NALU,INE139A01034
NEST,Nestle India Ltd,NESTLEIND,stock,/stocks/nestle-india-NEST,INE239A01024
NEXM,Next Mediaworks Ltd,NEXTMEDIA,stock,/stocks/next-mediaworks-NEXM,INE747B01016
THEE,New India Assurance Company Ltd,NIACL,stock,/stocks/new-india-assurance-company-THEE,INE470Y01017
NIIT,NIIT Ltd,NIITLTD,stock,/stocks/niit-NIIT,INE161A01038
NLCI,NLC India Ltd,NLCINDIA,stock,/stocks/nlc-india-NLCI,INE589A01014
NSEL,Nucleus Software Exports Ltd,NUCLEUS,stock,/stocks/nucleus-software-exports-NSEL,INE096B01018
NAFL,Navin Fluorine International Ltd,NAVINFLUOR,stock,/stocks/navin-fluorine-international-NAFL,INE048G01026
NIPD,Nippon India ETF Nifty IT,ITBEES,etf,/etfs/nippon-india-etf-nifty-it-NIPD,INF204KB15V2
NILS,Nila Spaces Ltd,NILASPACES,stock,/stocks/nila-spaces-NILS,INE00S901012
NITR,Nitiraj Engineers Ltd,NITIRAJ,stock,/stocks/nitiraj-engineers-NITR,INE439T01012
NALS,Nalwa Sons Investments Ltd,NSIL,stock,/stocks/nalwa-sons-investments-NALS,INE023A01030
NARD,Narmada Agrobase Ltd,NARMADA,stock,/stocks/narmada-agrobase-NARD,INE117Z01011
NABV,Nava Limited,NAVA,stock,/stocks/nava-bharat-ventures-NABV,INE725A01030
NCCL,NCC Ltd,NCC,stock,/stocks/ncc-NCCL,INE868B01028
NELC,Nelco Ltd,NELCO,stock,/stocks/nelco-NELC,INE045B01015
NEFI,Network18 Media & Investments Ltd,NETWORK18,stock,/stocks/network18-media-and-investments-NEFI,INE870H01013
NEUL,Neuland Laboratories Ltd,NEULANDLAB,stock,/stocks/neuland-laboratories-NEUL,INE794A01010
NECC,North Eastern Carrying Corporation Ltd,NECCLTD,stock,/stocks/north-eastern-carrying-corporation-NECC,INE553C01016
NLCA,Nelcast Ltd,NELCAST,stock,/stocks/nelcast-NLCA,INE189I01024
NOCI,Nocil Ltd,NOCIL,stock,/stocks/nocil-NOCI,INE163A01018
NARY,Narayana Hrudayalaya Ltd,NH,stock,/stocks/narayana-hrudayalaya-NARY,INE410P01011
NTPC,NTPC Ltd,NTPC,stock,/stocks/ntpc-NTPC,INE733E01010
NACL,NACL Industries Ltd,NACLIND,stock,/stocks/nacl-industries-NACL,INE295D01020
NHRS,Nahar Spinning Mills Ltd,NAHARSPING,stock,/stocks/nahar-spinning-mills-NHRS,INE290A01027
NATB,Nath Bio-Genes (I) Ltd,NATHBIOGEN,stock,/stocks/nath-bio-genes-i-NATB,INE448G01010
NAVN,Navneet Education Ltd,NAVNETEDUL,stock,/stocks/navneet-education-NAVN,INE060A01024
NECT,Nectar Lifesciences Ltd,NECLIFE,stock,/stocks/nectar-life-sciences-NECT,INE023H01027
NSEN,Nesco Ltd,NESCO,stock,/stocks/nesco-NSEN,INE317F01035
NCOT,Nitco Ltd,NITCO,stock,/stocks/nitco-NCOT,INE858F01012
NOID,Noida Toll Bridge Company Ltd,NOIDATOLL,stock,/stocks/noida-toll-bridge-company-NOID,INE781B01015
NTE,Norben Tea and Exports Ltd,NORBTEAEXP,stock,/stocks/norben-tea-and-exports-NTE,INE369C01017
NTFL,Nippon IN ETF Nifty 8-13 yr G-Sec Long Term Gilt,LTGILTBEES,etf,/etfs/nippon-india-g-sec-long-term-etf-NTFL,INF204KB1882
NATP,Natco Pharma Ltd,NATCOPHARM,stock,/stocks/natco-pharma-NATP,INE987B01026
NANE,Nandan Denim Ltd,NDL,stock,/stocks/nandan-denim-NANE,INE875G01048
NDRA,NDR Auto Components Ltd,NDRAUTO,stock,/stocks/ndr-auto-components-NDRA,INE07OG01012
NDTV,New Delhi Television Ltd,NDTV,stock,/stocks/new-delhi-television-NDTV,INE155G01029
NHPC,NHPC Ltd,NHPC,stock,/stocks/nhpc-NHPC,INE848E01016
NIBL,Nrb Industrial Bearings Ltd,NIBL,stock,/stocks/nrb-industrial-bearings-NIBL,INE047O01014
NKML,Nilkamal Ltd,NILKAMAL,stock,/stocks/nilkamal-NKML,INE310A01015
NKIN,N K Industries Ltd,NKIND,stock,/stocks/n-k-industries-NKIN,INE542C01019
NMDC,NMDC Ltd,NMDC,stock,/stocks/nmdc-NMDC,INE584A01023
NAHR,Nahar Poly Films Ltd,NAHARPOLY,stock,/stocks/nahar-poly-films-NAHR,INE308A01027
NBII,NBI Industrial Finance Company Ltd,NBIFIN,stock,/stocks/nbi-industrial-finance-company-NBII,INE365I01020
NAGD,Naga Dhunseri Group Ltd,NDGL,stock,/stocks/naga-dhunseri-group-NAGD,INE756C01015
NBES,Nippon India ETF Nifty 50 BeES,NIFTYBEES,etf,/etfs/nippon-india-nifty-50-bees-etf-NBES,INF204KB14I2
NXTD,NDL Ventures Ltd,NDLVENTURE,stock,/stocks/nxtdigital-NXTD,INE353A01023
PSUB,Nippon India ETF Nifty PSU Bank BeES,PSUBNKBEES,etf,/etfs/nippon-india-nifty-psu-bank-bees-etf-PSUB,INF204KB16I7
NAVR,Navkar Corporation Ltd,NAVKARCORP,stock,/stocks/navkar-corporation-NAVR,INE278M01019
NAFT,National Fertilizers Ltd,NFL,stock,/stocks/national-fertilizers-NAFT,INE870D01012
NAGR,Nagreeka Exports Ltd,NAGREEKEXP,stock,/stocks/nagreeka-exports-NAGR,INE123B01028
NNET,Nippon India ETF Nifty 50 Value 20,NV20BEES,etf,/etfs/nippon-india-nv20-etf-NNET,INF204KB18I3
NIRA,Niraj Ispat Industries Ltd,NIRAJISPAT,stock,/stocks/niraj-ispat-industries-NIRA,INE326T01011
NAHA,Nahar Capital and Financial Services Ltd,NAHARCAP,stock,/stocks/nahar-capital-and-financial-services-NAHA,INE049I01012
NDIV,Nippon India ETF Nifty Dividend Opportunities 50,DIVOPPBEES,etf,/etfs/nippon-india-nifty-dividend-opportunities-etf-NDIV,INF204KA1MS3
NEWG,Newgen Software Technologies Ltd,NEWGEN,stock,/stocks/newgen-software-technologies-NEWG,INE619B01017
NEUE,Neueon Corporation Ltd,NEUEON,stock,/stocks/neueon-towers-NEUE,INE333I01044
SBET,Nippon India ETF Nifty 50 Shariah BeES,SHARIABEES,etf,/etfs/nippon-india-nifty-shariah-bees-etf-SBET,INF732E01128
NAV,Navigant Corporate Advisors Ltd,NAVIGANT,stock,/stocks/navigant-corporate-advisors-NAV,INE364T01012
NOV,Novateor Research Laboratories Ltd,NOVATEOR,stock,/stocks/novateor-research-laboratories-NOV,INE08JY01013
NSL,Northern Spirits Ltd,NSL,stock,/stocks/northern-spirits-NSL,INE01BL01012
NIR,Nirmitee Robotics India Ltd,NIRMITEE,stock,/stocks/nirmitee-robotics-india-NIR,INE0CPQ01010
RET,Nippon India ETF BSE Sensex Next 50,SNXT50BEES,etf,/etfs/nippon-india-sensex-next-50-etf-RET,INF204KB15D0
RELS,Nippon India ETF BSE Sensex,SENSEXBEES,etf,/etfs/nippon-india-sensex-30-etf-RELS,INF204KA1UN7
NIN,NINtec Systems Ltd,NINSYS,stock,/stocks/nintec-systems-NIN,INE395U01014
NGI,Nakoda Group of Industries Ltd,NGIL,stock,/stocks/nakoda-group-of-industries-NGI,INE236Y01012
VAV,Naksh Precious Metals Ltd,NAKSH,stock,/stocks/vaksons-automobiles-VAV,INE256S01012
NIY,Niyogin Fintech Ltd,NIYOGIN,stock,/stocks/niyogin-fintech-NIY,INE480D01010
NIB,Nibe Ltd,NIBE,stock,/stocks/nibe-NIB,INE149O01018
NIV,Nivaka Fashions Ltd,NIVAKA,stock,/stocks/nivaka-fashions-NIV,INE139E01028
NIRAJ,Niraj Cement Structurals Ltd,NIRAJ,stock,/stocks/niraj-cement-structurals-NIRAJ,INE368I01016
NEI,Neil Industries Ltd,NEIL,stock,/stocks/neil-industries-NEI,INE396C01010
TRIM,Novelix Pharmaceuticals Ltd,NOVELIX,stock,/stocks/trimurthi-TRIM,INE314I01036
NAT,Natura Hue Chem Ltd,NATHUEC,stock,/stocks/natura-hue-chem-NAT,INE487B01019
NEX,Nexus Surgical and Medicare Ltd,NEXUSSURGL,stock,/stocks/nexus-commodities-and-technologies-NEX,INE370Q01015
NEWL,New Light Industries Ltd,NEWLIGHT,stock,/stocks/new-light-apparels-NEWL,INE835U01027
NATG,National General Industries Ltd,NATGENI,stock,/stocks/national-general-industries-NATG,INE654H01011
NAG,Nagpur Power and Industries Ltd,NAGPI,stock,/stocks/nagpur-power-and-industries-NAG,INE099E01016
NAGT,Nagarjuna Agri Tech Ltd,NAGTECH,stock,/stocks/nagarjuna-agri-tech-NAGT,INE793H01017
NARP,Narendra Properties Ltd,NARPROP,stock,/stocks/narendra-properties-NARP,INE603F01012
NAP,Naturite Agro Products Ltd,NAPL,stock,/stocks/naturite-agro-products-NAP,INE223R01014
NOU,Nouveau Global Ventures Ltd,NOUVEAU,stock,/stocks/nouveau-global-ventures-NOU,INE317B01042
NEWI,Newtime Infrastructure Ltd,NEWINFRA,stock,/stocks/newtime-infrastructure-NEWI,INE997D01021
NDM,N D Metal Industries Ltd,NDMETAL,stock,/stocks/n-d-metal-industries-NDM,INE643D01013
NYS,Nyssa Corporation Ltd,NYSSACORP,stock,/stocks/nyssa-corporation-NYS,INE812K01027
NOR,Northlink Fiscal and Capital Services Ltd,NORTHLINK,stock,/stocks/northlink-fiscal-and-capital-services-NOR,INE736P01019
NAVB,Navkar Urbanstructure Ltd,NAVKARURB,stock,/stocks/navkar-builders-NAVB,INE268H01044
NGL,Ngl Fine Chem Ltd,NGLFINE,stock,/stocks/ngl-fine-chem-NGL,INE887E01022
NNT,N2N Technologies Ltd,NNTL,stock,/stocks/n2n-technologies-NNT,INE043F01011
NMS,NMS Global Ltd,NMSRESRC,stock,/stocks/nms-resources-global-NMS,INE169F01014
SHAW,Narmada Gelatines Ltd,SHAWGELTIN,stock,/stocks/narmada-gelatines-SHAW,INE869A01010
NEE,Neeraj Paper Marketing Ltd,NEERAJ,stock,/stocks/neeraj-paper-marketing-NEE,INE894J01019
NIC,Nicco Parks & Resorts Ltd,NICCOPAR,stock,/stocks/nicco-parks-and-resorts-NIC,INE653C01022
NATU,Natural Biocon (India) Ltd,NATURAL,stock,/stocks/natural-biocon-india-NATU,INE06MM01016
NTC,NTC Industries Ltd,NTCIND,stock,/stocks/ntc-industries-NTC,INE920C01017
NETT,Nettlinx Ltd,NETTLINX,stock,/stocks/nettlinx-NETT,INE027D01019
NIDH,Nidhi Granites Ltd,NIDHGRN,stock,/stocks/nidhi-granites-NIDH,INE276H01013
NHC,Nhc Foods Ltd,NHCFOODS,stock,/stocks/nhc-foods-NHC,INE141C01036
NAM,NAM Securities Ltd,NAM,stock,/stocks/nam-securities-NAM,INE792G01011
NIK,Nikki Global Finance Ltd,NIKKIGL,stock,/stocks/nikki-global-finance-NIK,INE526C01012
NCCB,NCC Blue Water Products Ltd,NCCBLUE,stock,/stocks/ncc-blue-water-products-NCCB,INE630N01019
NUT,Nutech Global Ltd,NUTECGLOB,stock,/stocks/nutech-global-NUT,INE960H01012
NAL,Nalin Lease Finance Ltd,NLFL,stock,/stocks/nalin-lease-finance-NAL,INE606C01012
NATPL,National Plastic Technologies Ltd,NATPLASTI,stock,/stocks/national-plastic-technologies-NATPL,INE896D01017
NATPA,National Plastic Industries Ltd,NATPLAS,stock,/stocks/national-plastic-industries-NATPA,INE233D01013
NATF,National Fittings Ltd,NATFIT,stock,/stocks/national-fittings-NATF,INE643C01015
NIL,Nilachal Refractories Ltd,NILACHAL,stock,/stocks/nilachal-refractories-NIL,INE416N01013
NDA,N D A Securities Ltd,NDASEC,stock,/stocks/nda-securities-NDA,INE026C01013
NATC,Natural Capsules Ltd,NATCAPSUQ,stock,/stocks/natural-capsules-NATC,INE936B01015
NCL,NCL Research and Financial Services Ltd,NCLRESE,stock,/stocks/ncl-research-and-financial-services-NCL,INE132F01038
NGIN,N G Industries Ltd,NGIND,stock,/stocks/n-g-industries-NGIN,INE825C01018
NIH,Nihar Info Global Ltd,NIHARINF,stock,/stocks/nihar-info-global-NIH,INE876E01033
NARB,Narbada Gems and Jewellery Ltd,NARBADA,stock,/stocks/narbada-gems-and-jewellery-NARB,INE540C01021
NATPY,National Plywood Industries Ltd,NATPLY,stock,/stocks/national-plywood-industries-NATPY,INE497C01016
NEEL,Neelkanth Rock-Minerals Ltd,NEELKAN,stock,/stocks/neelkanth-rockminerals-NEEL,INE741D01015
NARM,Narmada Macplast Drip Irrigation Systems Ltd,NARMP,stock,/stocks/narmada-macplast-drip-irrigation-systems-NARM,INE060D01028
RTE,Neelkanth Ltd,NEELKANTH,stock,/stocks/r-t-exports-RTE,INE581D01015
NOVAI,Nova Iron and Steel Ltd,NOVIS,stock,/stocks/nova-iron-and-steel-NOVAI,INE608C01026
NUTR,Nutricircle Ltd,NUTRICIRCLE,stock,/stocks/nutricircle-NUTR,INE536C01029
NORR,Norris Medicines Ltd,NORRIS,stock,/stocks/norris-medicines-NORR,INE744C01029
NEO,Neo Infracon Ltd,NEOINFRA,stock,/stocks/neo-infracon-NEO,INE216I01017
NPR,NPR Finance Ltd,NPRFIN,stock,/stocks/npr-finance-NPR,INE446D01011
NIKH,Nikhil Adhesives Ltd,NIKHILAD,stock,/stocks/nikhil-adhesives-NIKH,INE926C01022
NATR,Natraj Proteins Ltd,NATRAJPR,stock,/stocks/natraj-proteins-NATR,INE444D01016
NILE,Nile Ltd,NILE,stock,/stocks/nile-NILE,INE445D01013
NIMBS,Nimbus Projects Ltd,NIMBSPROJ,stock,/stocks/nimbus-projects-NIMBS,INE875B01015
NEA,Neelamalai Agro Industries Ltd,NEAGI,stock,/stocks/neelamalai-agro-industries-NEA,INE605D01012
NEWM,New Markets Advisory Ltd,NEWMKTADV,stock,/stocks/new-markets-advisory-NEWM,INE800K01014
NETL,Netlink Solutions (India) Ltd,NETLINK,stock,/stocks/netlink-solutions-india-NETL,INE040F01033
NIT,Nitin Castings Ltd,NITINCAST,stock,/stocks/nitin-castings-NIT,INE861H01020
ZNI,Nivi Trading Ltd,ZNIVITRD,stock,/stocks/nivi-trading-ZNI,INE552F01011
NIRAV,Nirav Commercials Ltd,NIRAVCOM,stock,/stocks/nirav-commercials-NIRAV,INE242B01018
ANSH,Nibe Ordnance and Maritime Ltd,ANSHNCO,stock,/stocks/anshuni-commercials-ANSH,INE425H01016
KERA,Nitta Gelatin India Ltd,NITTAGELA,stock,/stocks/nitta-gelatin-india-KERA,INE265B01019
ZNIL,Nilkanth Engineering Ltd,ZNILKENG,stock,/stocks/nilkanth-engineering-ZNIL,INE582V01015
SMI,Nexome Capital Markets Ltd,NEXOME,stock,/stocks/smifs-capital-markets-SMI,INE641A01013
NOL,National Oxygen Ltd,NOL,stock,/stocks/national-oxygen-NOL,INE296D01010
NBF,NB Footwear Ltd,NBFOOT,stock,/stocks/nb-footwear-NBF,INE006F01018
EVERT,Newtrac Foods & Beverages Ltd,NEWTRAC,stock,/stocks/evergreen-textiles-EVERT,INE229N01010
NATI,National Standard (India) Ltd,NATIONSTD,stock,/stocks/national-standard-india-NATI,INE166R01015
NATPE,Naperol Investments Ltd,NAPEROL,stock,/stocks/national-peroxide-NATPE,INE585A01020
NOVAR,Novartis India Ltd,NOVARTIND,stock,/stocks/novartis-india-NOVAR,INE234A01025
NIRL,Nirlon Ltd,NIRLON,stock,/stocks/nirlon-NIRL,INE910A01012
NATH,Nath Industries Ltd,NATHIND,stock,/stocks/nath-industries-NATH,INE777A01023
NETP,Net Pix Shorts Digital Media Ltd,NETPIX,stock,/stocks/net-pix-shorts-digital-media-NETP,INE0D5F01013
NIKS,NIKS Technology Ltd,NIKSTECH,stock,/stocks/niks-technology-NIKS,INE0GX601011
NETF,NipponINETFNifty SDL Apr 2026 Top 20 Equal Weight,SDL26BEES,etf,/etfs/nippon-india-etf-nifty-sdl-2026-maturity-NETF,INF204KC1022
NETFG,Nippon India ETF Nifty 5 yr Benchmark G-Sec,GILT5YBEES,etf,/etfs/nippon-india-etf-5-year-gilt-NETFG,INF204KC1030
NUR,Nureca Ltd,NURECA,stock,/stocks/nureca-NUR,INE0DSF01015
NAZ,Nazara Technologies Ltd,NAZARA,stock,/stocks/nazara-technologies-NAZ,INE418L01047
NPS,Network People Services Technologies Ltd,NPST,stock,/stocks/network-people-services-technologies-NPS,INE0FFK01017
NBL,Naapbooks Ltd,NBL,stock,/stocks/naapbooks-NBL,INE0GOA01018
NUV,Nuvoco Vistas Corporation Ltd,NUVOCO,stock,/stocks/nuvoco-vistas-corporation-NUV,INE118D01016
NHIT,National Highways Infra Trust,NHIT,stock,/stocks/national-highways-infra-trust-NHIT,INE0H7R23014
NIDA,Nidan Laboratories and Healthcare Ltd,NIDAN,stock,/stocks/nidan-laboratories-and-healthcare-NIDA,INE0J6L01013
NETFP,Nippon India Nifty Pharma ETF,PHARMABEES,etf,/etfs/nippon-india-nifty-pharma-etf-growth-plan-NETFP,INF204KC1089
NRL,Nupur Recyclers Ltd,NRL,stock,/stocks/nupur-recyclers-NRL,INE0JM501013
NETFA,Nippon India Nifty Auto ETF,AUTOBEES,etf,/etfs/nippon-india-nifty-auto-etf-NETFA,INF204KC1337
NETFS,Nippon India Silver ETF,SILVERBEES,etf,/etfs/nippon-india-silver-etf-NETFS,INF204KC1402
NVE,Nanavati Ventures Ltd,NVENTURES,stock,/stocks/nanavati-ventures-NVE,INE0E5R01017
NSLN,NMDC Steel Ltd,NSLNISP,stock,/stocks/nmdc-steel-NSLN,INE0NNS01018
NII,Niit Learning Systems Ltd,NIITMTS,stock,/stocks/niit-learning-systems-NII,INE342G01023
NXS,Nexus Select Trust,NXST,stock,/stocks/nexus-select-trust-NXS,INE0NDH25011
NIRM,Nirman Agri Genetics Ltd,NIRMAN,stock,/stocks/nirman-agri-genetics-NIRM,INE0OK701014
NATUR,Naturo Agrotech India Ltd,NATURO,stock,/stocks/naturo-indiabull-NATUR,INE0JNB01012
NETWE,Netweb Technologies India Ltd,NETWEB,stock,/stocks/netweb-technologies-india-NETWE,INE0NT901020
CBA,Net Avenue Technologies Ltd,CBAZAAR,stock,/stocks/net-avenue-technologies-CBA,INE518X01015
NEWJ,Newjaisa Technologies Ltd,NEWJAISA,stock,/stocks/newjaisa-technologies-NEWJ,INE0PW501021
NUVA,Nuvama Wealth Management Ltd,NUVAMA,stock,/stocks/nuvama-wealth-management-NUVA,INE531F01023
SWANA,New Swan Multitech Ltd,SWANAGRO,stock,/stocks/new-swan-multitech-SWANA,INE0GEN01012
NOVAA,Nova Agritech Ltd,NOVAAGRI,stock,/stocks/nova-agritech-NOVAA,INE02H701025
NDR,NDR INVIT Trust,NDRINVIT,stock,/stocks/ndr-invit-trust-NDR,INE0Q7Q23015
NAMA,Naman Industries Proxima Ltd,NAMAN,stock,/stocks/naman-in-store-india-NAMA,INE0RJM01010
NPL,National Peroxide Ltd,NPL,stock,/stocks/national-peroxide-NPL,INE0PO601011
NXT,Nxt-Infra Trust,NXT-INFRA,stock,/stocks/nxt-infra-trust-NXT,INE0SF023016
NEPH,Nephro Care India Ltd,NEPHROCARE,stock,/stocks/nephro-care-india-NEPH,INE0SUN01013
NHL,NatureWings Holidays Ltd,NHL,stock,/stocks/naturewings-holidays-NHL,INE0N4701016
NORTH,Northern ARC Capital Ltd,NORTHARC,stock,/stocks/northern-arc-capital-NORTH,INE850M01015
NMST,Newmalayalam Steel Ltd,NMSTEEL,stock,/stocks/newmalayalam-steel-NMST,INE0TP801012
NEELA,Neelam Linens and Garments (India) Ltd,NEELAM,stock,/stocks/neelam-linens-and-garments-india-NEELA,INE0N1401016
NIVA,Niva Bupa Health Insurance Company Ltd,NIVABUPA,stock,/stocks/niva-bupa-health-insurance-company-NIVA,INE995S01015
NEXX,Nexxus Petro Industries Ltd,NEXXUS,stock,/stocks/nexxus-petro-industries-NEXX,INE0QUL01011
NTP,Ntpc Green Energy Ltd,NTPCGREEN,stock,/stocks/ntpc-green-energy-NTP,INE0ONG01011
NIS,Nisus Finance Services Co Ltd,NISUS,stock,/stocks/nisus-finance-services-co-NIS,INE0DQN01013
NACD,NACDAC Infrastructure Ltd,NACDAC,stock,/stocks/nacdac-infrastructure-NACD,INE0LB101011
NAMO,Namo eWaste Management Ltd,NAMOEWASTE,stock,/stocks/namo-ewaste-management-NAMO,INE08NZ01012
NUK,Nukleus Office Solutions Ltd,NUKLEUS,stock,/stocks/nukleus-office-solutions-NUK,INE0VYX01018
NAPS,NAPS Global India Ltd,NAPSGLOBAL,stock,/stocks/naps-global-india-NAPS,INE0VNH01014
NIKI,Nikita Greentech Recycling Ltd,NIKITA,stock,/stocks/nikita-papers-NIKI,INE0FLF01015
NRV,N R Vandana Tex Industries Ltd,NRVANDANA,stock,/stocks/n-r-vandana-tex-industries-NRV,INE104101014
NEPT,Neptune Petrochemicals Ltd,NEPTUNE,stock,/stocks/neptune-petrochemicals-NEPT,INE156901014
SNX,Nippon India BSE Sensex Next 30 ETF,SNXT30BEES,etf,/etfs/nippon-india-bse-sensex-next-30-etf-SNX,INF204KC1EZ3
NEET,Neetu Yoshi Ltd,NEETUYOSHI,stock,/stocks/neetu-yoshi-NEET,INE0UZO01024
LIQG,Nippon India Nifty 1D Rate Liquid ETF - Growth,LIQGRWBEES,etf,/etfs/nippon-india-nifty-1d-rate-liquid-etf---growth-LIQG,INF204KC1FU1
NSD,National Securities Depository Ltd,NSDL,stock,/stocks/national-securities-depository-NSD,INE301O01023
MANU,Nippon India Nifty India Manufacturing ETF,MANUFGBEES,etf,/etfs/nippon-india-nifty-india-manufacturing-etf-MANU,INF204KC1GH6
NISM,NIS Management Ltd,NISMGMT,stock,/stocks/nis-management-NISM,INE0M3X01010
NCM,Nilachal Carbo Metalicks Ltd,NCML,stock,/stocks/nilachal-carbo-metalicks-NCM,INE346R01013
NSB,NSB BPO Solutions Ltd,NSBBPO,stock,/stocks/nsb-bpo-solutions-NSB,INE0SLP01017
NEOCH,Neochem Bio Solutions Ltd,NEOCHEM,stock,/stocks/neochem-bio-solutions-NEOCH,INE21UM01018
NEPHR,Nephrocare Health Services Ltd,NEPHROPLUS,stock,/stocks/nephrocare-health-services-NEPHR,INE428V01029
NEPL,Neptune Logitek Ltd,NEPLOG,stock,/stocks/neptune-logitek-NEPL,INE1NQ501012
NAN,Nanta Tech Ltd,NANTA,stock,/stocks/nanta-tech-NAN,INE0YJA01011
OSGL,Oswal Greentech Ltd,OSWALGREEN,stock,/stocks/oswal-greentech-OSGL,INE143A01010
ORIN,Orient Green Power Company Ltd,GREENPOWER,stock,/stocks/orient-green-power-company-ORIN,INE999K01014
OMFU,Omfurn India Ltd,OMFURN,stock,/stocks/omfurn-india-OMFU,INE338Y01016
ORTN,Ortin Global Ltd,ORTINGLOBE,stock,/stocks/ortin-laboratories-ORTN,INE749B01020
ORHT,Oriental Hotels Ltd,ORIENTHOT,stock,/stocks/oriental-hotels-ORHT,INE750A01020
OILI,Oil India Ltd,OIL,stock,/stocks/oil-india-OILI,INE274J01014
ONEL,Onelife Capital Advisors Ltd,ONELIFECAP,stock,/stocks/onelife-capital-advisors-ONEL,INE912L01015
OMET,Om Infra Ltd,OMINFRAL,stock,/stocks/om-metals-infraprojects-OMET,INE239D01028
OLTP,Opal Luxury Time Products Ltd,OPAL,stock,/stocks/opal-luxury-time-products-OLTP,INE520N01012
OTEC,Onward Technologies Ltd,ONWARDTEC,stock,/stocks/onward-technologies-OTEC,INE229A01017
ORCD,Orchid Pharma Ltd,ORCHPHARMA,stock,/stocks/orchid-pharma-ORCD,INE191A01027
ORNT,Orient Ceratech Ltd,ORIENTCER,stock,/stocks/orient-abrasives-ORNT,INE569C01020
OEBO,Oberoi Realty Ltd,OBEROIRLTY,stock,/stocks/oberoi-realty-OEBO,INE093I01010
OMKS,Omkar Speciality Chemicals Ltd,OMKARCHEM,stock,/stocks/omkar-speciality-chemicals-OMKS,INE474L01016
ONEP,One Point One Solutions Ltd,ONEPOINT,stock,/stocks/one-point-one-solutions-ONEP,INE840Y01029
ONMO,Onmobile Global Ltd,ONMOBILE,stock,/stocks/onmobile-global-ONMO,INE809I01019
ORPR,Orient Press Ltd,ORIENTLTD,stock,/stocks/orient-press-ORPR,INE609C01024
OSIH,Osia Hyper Retail Ltd,OSIAHYPER,stock,/stocks/osia-hyper-retail-OSIH,INE06IR01021
ORCE,Orient Cement Ltd,ORIENTCEM,stock,/stocks/orient-cement-ORCE,INE876N01018
OMAX,Omaxe Ltd,OMAXE,stock,/stocks/omaxe-OMAX,INE800H01010
ORTE,Ortel Communications Ltd,ORTEL,stock,/stocks/ortel-communications-ORTE,INE849L01019
ORBL,Orient Bell Ltd,ORIENTBELL,stock,/stocks/orient-bell-ORBL,INE607D01018
OMXA,Omax Autos Ltd,OMAXAUTO,stock,/stocks/omax-autos-OMXA,INE090B01011
ORBE,Orbit Exports Ltd,ORBTEXP,stock,/stocks/orbit-exports-ORBE,INE231G01010
OREN,Oricon Enterprises Ltd,ORICONENT,stock,/stocks/oricon-enterprises-OREN,INE730A01022
ORPP,Orient Paper and Industries Ltd,ORIENTPPR,stock,/stocks/orient-paper-and-industries-ORPP,INE592A01026
ORCL,Oracle Financial Services Software Ltd,OFSS,stock,/stocks/oracle-financial-services-software-ORCL,INE881D01027
OIEN,Oriental Aromatics Ltd,OAL,stock,/stocks/oriental-aromatics-OIEN,INE959C01023
OLEC,Olectra Greentech Ltd,OLECTRA,stock,/stocks/olectra-greentech-OLEC,INE260D01016
ORTX,Oriental Trimex Ltd,ORIENTALTL,stock,/stocks/oriental-trimex-ORTX,INE998H01012
OCTL,Oil Country Tubular Ltd,OILCOUNTUB,stock,/stocks/oil-country-tubular-OCTL,INE591A01010
ONGC,Oil and Natural Gas Corporation Ltd,ONGC,stock,/stocks/oil-and-natural-gas-corporation-ONGC,INE213A01029
ORIS,Orissa Minerals Development Company Ltd,ORISSAMINE,stock,/stocks/orissa-minerals-development-company-ORIS,INE725E01024
OPTI,Optiemus Infracom Ltd,OPTIEMUS,stock,/stocks/optiemus-infracom-OPTI,INE350C01017
ONTE,Orient Electric Ltd,ORIENTELEC,stock,/stocks/orient-electric-ONTE,INE142Z01019
OWAG,Oswal Agro Mills Ltd,OSWALAGRO,stock,/stocks/oswal-agro-mills-OWAG,INE142A01012
OBC,Orissa Bengal Carrier Ltd,OBCL,stock,/stocks/orissa-bengal-carrier-OBC,INE426Z01016
OCTA,Octavius Plantations Ltd,OCTAVIUSPL,stock,/stocks/octavius-plantations-OCTA,INE117S01016
OCT,Octaware Technologies Ltd,OCTAWARE,stock,/stocks/octaware-technologies-OCT,INE208U01019
OPC,O P Chains Ltd,OPCHAINS,stock,/stocks/op-chains-OPC,INE118Q01018
OCE,Oceanic Foods Ltd,OCEANIC,stock,/stocks/oceanic-foods-OCE,INE711V01010
OMA,Omansh Enterprises Ltd,OMANSH,stock,/stocks/omansh-enterprises-OMA,INE378P01036
OLP,Olympic Cards Ltd,OLPCL,stock,/stocks/olympic-cards-OLP,INE550L01013
OON,Objectone Information Systems Ltd,OONE,stock,/stocks/objectone-information-systems-OON,INE860E01011
OMN,Omni AX's Software Ltd,OMNIAX,stock,/stocks/omni-axs-software-OMN,INE369B01019
SSO,Oxygenta Pharmaceutical Ltd,OXYGENTAPH,stock,/stocks/s-s-organics-SSO,INE102E01018
CYBE,Orchasp Ltd,ORCHASP,stock,/stocks/cybermate-infotek-CYBE,INE215B01022
ORV,Oriental Rail Infrastructure Ltd,ORIRAIL,stock,/stocks/oriental-veneer-products-ORV,INE457G01029
OMK,Omkar Overseas Ltd,OMKAR,stock,/stocks/omkar-overseas-OMK,INE680D01015
OCTAL,Octal Credit Capital Ltd,OCTAL,stock,/stocks/octal-credit-capital-OCTAL,INE513C01010
ONT,Ontic Finserve Ltd,ONTIC,stock,/stocks/ontic-finserve-ONT,INE989S01042
ORO,Orosil Smiths India Ltd,OROSMITHS,stock,/stocks/orosil-smith-india-ORO,INE628B01034
ODY,Odyssey Corporation Ltd,ODYCORP,stock,/stocks/odyssey-corporation-ODY,INE839E01023
OMKA,Omkar Pharmachem Ltd,OMKARPH,stock,/stocks/omkar-pharmachem-OMKA,INE501C01015
OSI,Osiajee Texfab Ltd,OSIAJEE,stock,/stocks/osiajee-texfab-OSI,INE186R01013
ORI,Orient Tradelink Ltd,ORIENTTR,stock,/stocks/orient-tradelink-ORI,INE681D01039
OME,Omega Interactive Technologies Ltd,OMEGAIN,stock,/stocks/omega-interactive-technologies-OME,INE113B01029
OPT,Optimus Finance Ltd,OPTIFIN,stock,/stocks/optimus-finance-OPT,INE031G01022
OSW,Oswal Overseas Ltd,OSWALOR,stock,/stocks/oswal-overseas-OSW,INE906K01027
ORG,Organic Coatings Ltd,ORGCOAT,stock,/stocks/organic-coatings-ORG,INE412E01011
OVO,Ovobel Foods Ltd,OVOBELE,stock,/stocks/ovobel-foods-OVO,INE812S01012
OMEA,Omega AG Seeds Punjab Ltd,OMEAG,stock,/stocks/omega-ag-seeds-punjab-OMEA,INE112B01013
OXF,Oxford Industries Ltd,OXFORDIN,stock,/stocks/oxford-industries-OXF,INE114D01015
OTC,OTCO International Ltd,OTCO,stock,/stocks/otco-international-OTC,INE910B01028
OKP,OK Play India Ltd,OKPLA,stock,/stocks/ok-play-india-OKP,INE870B01024
OIV,Onesource Industries and Ventures Ltd,OIVL,stock,/stocks/onesource-ideas-venture-OIV,INE125F01032
OBR,One Global Service Provider Ltd,ONEGLOBAL,stock,/stocks/overseas-synthetics-OBR,INE670O01013
OLY,Olympia Industries Ltd,OLYMPTX,stock,/stocks/olympia-industries-OLY,INE482O01021
OMNI,Omnitex Industries (India) Ltd,OMNITEX,stock,/stocks/omnitex-industries-india-OMNI,INE814D01010
ODYS,Odyssey Technologies Ltd,ODYSSEY,stock,/stocks/odyssey-technologies-ODYS,INE213B01019
OSCA,Oscar Global Ltd,OSCARGLO,stock,/stocks/oscar-global-OSCA,INE473F01010
ORIB,Orient Beverages Ltd,ORIBEVER,stock,/stocks/orient-beverages-ORIB,INE247F01018
OLYO,Olympic Oil Industries Ltd,OLYOI,stock,/stocks/olympic-oil-industries-OLYO,INE286E01019
OASI,Oasis Securities Ltd,OASISEC,stock,/stocks/oasis-securities-OASI,INE876A01023
OSWAE,Oswal Leasing Ltd,OSWALEA,stock,/stocks/oswal-leasing-OSWAE,INE811Q01018
ABCG,Onix Solar Energy Ltd,ONIXSOLAR,stock,/stocks/abc-gas-international-ABCG,INE173M01012
OSE,Oseaspre Consultants Ltd,OSEASPR,stock,/stocks/oseaspre-consultants-OSE,INE880P01015
OSEI,Oriental Infra Trust,OSEINTRUST,stock,/stocks/oriental-infratrust-OSEI,INE07Z523018
OMNIP,Omnipotent Industries Ltd,OMNIPOTENT,stock,/stocks/omnipotent-industries-OMNIP,INE0JFE01012
PAY,One 97 Communications Ltd,PAYTM,stock,/stocks/one-97-communications-PAY,INE982J01020
OLYM,Olympic Management & Financial Services Ltd,OLYMTFI,stock,/stocks/olympic-management-and-financial-services-OLYM,INE091N01014
OLA,Olatech Solutions Ltd,OLATECH,stock,/stocks/olatech-solutions-OLA,INE0M3901015
ORGA,Organic Recycling Systems Ltd,ORGANICREC,stock,/stocks/organic-recycling-systems-ORGA,INE0MIO01019
ORIA,Oriana Power Ltd,ORIANA,stock,/stocks/oriana-power-ORIA,INE0OUT01019
OLI,Oneclick Logistics India Ltd,OLIL,stock,/stocks/oneclick-logistics-india-OLI,INE0OPS01011
OND,On Door Concepts Ltd,ONDOOR,stock,/stocks/on-door-concepts-OND,INE00ER01015
OWA,Owais Metal and Mineral Processing Ltd,OWAIS,stock,/stocks/owais-metal-and-mineral-processing-OWA,INE0R8M01017
OLAE,Ola Electric Mobility Ltd,OLAELEC,stock,/stocks/ola-electric-mobility-OLAE,INE0LXG01040
ORIE,Orient Technologies Ltd,ORIENTTECH,stock,/stocks/orient-technologies-ORIE,INE0PPK01015
OSEL,Osel Devices Ltd,OSELDEVICE,stock,/stocks/osel-devices-OSEL,INE0RMF01018
OBS,OBSC Perfection Ltd,OBSCP,stock,/stocks/obsc-perfection-OBS,INE0YHV01011
OCC,OCCL Ltd,OCCLLTD,stock,/stocks/occl-OCC,INE0PK601023
MOBI,One MobiKwik Systems Ltd,MOBIKWIK,stock,/stocks/one-mobikwik-systems-MOBI,INE0HLU01028
ODI,ODigMa Consultancy Solutions Ltd,ODIGMA,stock,/stocks/odigma-consultancy-solutions-ODI,INE054301028
ONY,Onyx Biotec Ltd,ONYX,stock,/stocks/onyx-biotec-ONY,INE0WVU01018
ONE,Onesource Specialty Pharma Ltd,ONESOURCE,stock,/stocks/onesource-specialty-pharma-ONE,INE013P01021
OSWAP,Oswal Pumps Ltd,OSWALPUMPS,stock,/stocks/oswal-pumps-OSWAP,INE0BYP01024
OVA,Oval Projects Engineering Ltd,OVAL,stock,/stocks/oval-projects-engineering-OVA,INE0RTI01017
OPTIV,Optivalue Tek Consulting Ltd,OPTIVALUE,stock,/stocks/optivalue-tek-consulting-OPTIV,INE15B101011
OML,Om Metallogic Ltd,OML,stock,/stocks/om-metallogic-OML,INE0R8Q01018
OMF,Om Freight Forwarders Ltd,OMFREIGHT,stock,/stocks/om-freight-forwarders-OMF,INE1BZC01019
ORK,Orkla India Ltd,ORKLAINDIA,stock,/stocks/orkla-india-ORK,INE16NZ01023
AMJU,Parampara Dairy Delights Ltd,AMJUMBO,stock,/stocks/a-and-m-jumbo-bags-AMJU,INE749Y01014
DWNH,Piramal Finance Ltd,PIRAMALFIN,stock,/stocks/dewan-housing-finance-corporation-DWNH,INE202B01038
PRAT,Prataap Snacks Ltd,DIAMONDYD,stock,/stocks/prataap-snacks-PRAT,INE393P01035
FAIC,Privi Speciality Chemicals Ltd,PRIVISCL,stock,/stocks/privi-speciality-chemicals-FAIC,INE959A01019
MAGM,Poonawalla Fincorp Ltd,POONAWALLA,stock,/stocks/magma-fincorp-MAGM,INE511C01022
PAEL,PAE Ltd,PAEL,stock,/stocks/pae-PAEL,INE766A01026
PCML,Paramount Communications Ltd,PARACABLES,stock,/stocks/paramount-communications-PCML,INE074B01023
PARP,Paras Petrofils Ltd,PARASPETRO,stock,/stocks/paras-petrofils-PARP,INE162C01024
PRLP,Pearl Polymers Ltd,PEARLPOLY,stock,/stocks/pearl-polymers-PRLP,INE844A01013
POER,Power and Instrumentation (Gujarat) Ltd,PIGL,stock,/stocks/power-and-instrumentation-gujarat-POER,INE557Z01018
PREC,Precot Ltd,PRECOT,stock,/stocks/precot-meridian-PREC,INE283A01014
PRCO,Pricol Ltd,PRICOLLTD,stock,/stocks/pricol-PRCO,INE726V01018
PARR,Par Drugs and Chemicals Ltd,PAR,stock,/stocks/par-drugs-and-chemicals-PARR,INE04LG01015
POKR,Pokarna Ltd,POKARNA,stock,/stocks/pokarna-POKR,INE637C01025
PRCE,Prince Pipes and Fittings Ltd,PRINCEPIPE,stock,/stocks/prince-pipes-and-fittings-PRCE,INE689W01016
PURA,Puravankara Ltd,PURVA,stock,/stocks/puravankara-PURA,INE323I01011
PARU,Parin Enterprises Ltd,PARIN,stock,/stocks/parin-furniture-PARU,INE00U801010
PERI,Peria Karamalai Tea and Produce Company Ltd,PKTEA,stock,/stocks/peria-karamalai-tea-and-produce-company-PERI,INE431F01018
PLST,Plastiblends India Ltd,PLASTIBLEN,stock,/stocks/plastiblends-india-PLST,INE083C01022
PHIL,PCBL Chemical Ltd,PCBL,stock,/stocks/phillips-carbon-black-PHIL,INE602A01031
PRAA,Prakash Steelage Ltd,PRAKASHSTL,stock,/stocks/prakash-steelage-PRAA,INE696K01024
POMP,Power Mech Projects Ltd,POWERMECH,stock,/stocks/power-mech-projects-POMP,INE211R01019
PAGE,Page Industries Ltd,PAGEIND,stock,/stocks/page-industries-PAGE,INE761H01022
PREG,Prestige Estates Projects Ltd,PRESTIGE,stock,/stocks/prestige-estates-projects-PREG,INE811K01011
PATS,Patspin India Ltd,PATSPINLTD,stock,/stocks/patspin-india-PATS,INE790C01014
PVRL,PVR INOX Ltd,PVRINOX,stock,/stocks/pvr-PVRL,INE191H01014
PLNG,Petronet LNG Ltd,PETRONET,stock,/stocks/petronet-lng-PLNG,INE347G01014
PRIS,Prism Johnson Ltd,PRSMJOHNSN,stock,/stocks/prism-johnson-PRIS,INE010A01011
PIIL,PI Industries Ltd,PIIND,stock,/stocks/pi-industries-PIIL,INE603J01030
PRAS,Prakash Pipes Ltd,PPL,stock,/stocks/prakash-pipes-PRAS,INE050001010
PUDJ,Pudumjee Paper Products Ltd,PDMJEPAPER,stock,/stocks/pudumjee-paper-products-PUDJ,INE865T01018
PNCL,Pritish Nandy Communications Ltd,PNC,stock,/stocks/pritish-nandy-communications-PNCL,INE392B01011
PODR,Poddar Pigments Ltd,PODDARMENT,stock,/stocks/poddar-pigments-PODR,INE371C01013
PGRD,Power Grid Corporation of India Ltd,POWERGRID,stock,/stocks/power-grid-corporation-of-india-PGRD,INE752E01010
PASH,Pashupati Cotspin Ltd,PASHUPATI,stock,/stocks/pashupati-cotspin-PASH,INE124Y01010
PENN,Pennar Industries Ltd,PENIND,stock,/stocks/pennar-industries-PENN,INE932A01024
PIDI,Pidilite Industries Ltd,PIDILITIND,stock,/stocks/pidilite-industries-PIDI,INE318A01026
PWFC,Power Finance Corporation Ltd,PFC,stock,/stocks/power-finance-corporation-PWFC,INE134E01011
PTCN,PTC India Financial Services Ltd,PFS,stock,/stocks/ptc-india-financial-services-PTCN,INE560K01014
PIOE,Pioneer Embroideries Ltd,PIONEEREMB,stock,/stocks/pioneer-embroideries-PIOE,INE156C01018
PROC,Procter & Gamble Hygiene and Health Care Ltd,PGHH,stock,/stocks/procter-and-gamble-hygiene-and-health-care-PROC,INE179A01014
PNBH,PNB Housing Finance Ltd,PNBHOUSING,stock,/stocks/pnb-housing-finance-PNBH,INE572E01012
PROR,Procter & Gamble Health Ltd,PGHL,stock,/stocks/procter-and-gamble-health-PROR,INE199A01012
PODD,Poddar Housing & Development Ltd,PODDARHOUS,stock,/stocks/poddar-housing-and-development-PODD,INE888B01018
PULZ,Pulz Electronics Ltd,PULZ,stock,/stocks/pulz-electronics-PULZ,INE335X01014
PLYP,Polyplex Corp Ltd,POLYPLEX,stock,/stocks/polyplex-corp-PLYP,INE633B01018
PADM,Padmalaya Telefilms Ltd,PADMALAYAT,stock,/stocks/padmalaya-telefilms-PADM,INE243B01016
PNAC,Panache Digilife Ltd,PANACHE,stock,/stocks/panache-digilife-PNAC,INE895W01019
PAPT,Panama Petrochem Ltd,PANAMAPET,stock,/stocks/panama-petrochem-PAPT,INE305C01029
PENG,Patel Engineering Ltd,PATELENG,stock,/stocks/patel-engineering-PENG,INE244B01030
PNCI,PNC Infratech Ltd,PNCINFRA,stock,/stocks/pnc-infratech-PNCI,INE195J01029
PROI,Prolife Industries Ltd,PROLIFE,stock,/stocks/prolife-industries-PROI,INE994V01012
PUNA,Punjab & Sind Bank,PSB,stock,/stocks/punjab-and-sind-bank-PUNA,INE608A01012
PTCI,PTC India Ltd,PTC,stock,/stocks/ptc-india-PTCI,INE877F01012
PAAS,Palash Securities Ltd,PALASHSECU,stock,/stocks/palash-securities-PAAS,INE471W01019
PALR,Palred Technologies Ltd,PALREDTEC,stock,/stocks/palred-technologies-PALR,INE218G01033
PCIL,Panasonic Carbon India Co Ltd,PANCARBON,stock,/stocks/panasonic-carbon-india-co-PCIL,INE013E01017
PITE,Pitti Engineering Ltd,PITTIENG,stock,/stocks/pitti-engineering-PITE,INE450D01021
PNBK,Punjab National Bank,PNB,stock,/stocks/punjab-national-bank-PNBK,INE160A01022
PISA,Paisalo Digital Ltd,PAISALO,stock,/stocks/paisalo-digital-PISA,INE420C01059
PAMF,Parag Milk Foods Ltd,PARAGMILK,stock,/stocks/parag-milk-foods-PAMF,INE883N01014
PERE,Perfect Infraengineers Ltd,PERFECT,stock,/stocks/perfect-infraengineers-PERE,INE925S01012
PILN,Pilani Investment And Industries Corporation Ltd,PILANIINVS,stock,/stocks/pilani-investment-and-industries-corporation-PILN,INE417C01014
PILI,Pil Italica Lifestyle Ltd,PILITA,stock,/stocks/pil-italica-lifestyle-PILI,INE600A01035
PRNI,Priti International Ltd,PRITI,stock,/stocks/priti-international-PRNI,INE974Z01015
PCJE,PC Jeweller Ltd,PCJEWELLER,stock,/stocks/pc-jeweller-PCJE,INE785M01021
POLC,Polycab India Ltd,POLYCAB,stock,/stocks/polycab-india-POLC,INE455K01017
PRAJ,Praj Industries Ltd,PRAJIND,stock,/stocks/praj-industries-PRAJ,INE074A01025
PRKI,Prakash Industries Ltd,PRAKASH,stock,/stocks/prakash-industries-PRKI,INE603A01013
PRWR,Precision Wires India Ltd,PRECWIRE,stock,/stocks/precision-wires-india-PRWR,INE372C01037
PVPV,PVP Ventures Ltd,PVP,stock,/stocks/pvp-ventures-PVPV,INE362A01016
PARV,Parsvnath Developers Ltd,PARSVNATH,stock,/stocks/parsvnath-developers-PARV,INE561H01026
PFIZ,Pfizer Ltd,PFIZER,stock,/stocks/pfizer-PFIZ,INE182A01018
PGEL,PG Electroplast Ltd,PGEL,stock,/stocks/pg-electroplast-PGEL,INE457L01029
PGIL,Pearl Global Industries Ltd,PGIL,stock,/stocks/pearl-global-industries-PGIL,INE940H01022
PONS,Ponni Sugars (Erode) Ltd,PONNIERODE,stock,/stocks/ponni-sugars-erode-PONS,INE838E01017
PRMR,Premier Explosives Ltd,PREMEXPLN,stock,/stocks/premier-explosives-PRMR,INE863B01029
PTLE,PTL Enterprises Ltd,PTL,stock,/stocks/ptl-enterprises-PTLE,INE034D01049
PENL,Peninsula Land Ltd,PENINLAND,stock,/stocks/peninsula-land-PENL,INE138A01028
PNBG,Pnb Gilts Ltd,PNBGILTS,stock,/stocks/pnb-gilts-PNBG,INE859A01011
PLMD,Poly Medicure Ltd,POLYMED,stock,/stocks/poly-medicure-PLMD,INE205C01021
PPAP,PPAP Automotive Ltd,PPAP,stock,/stocks/ppap-automotive-PPAP,INE095I01015
PRCM,Precision Camshafts Ltd,PRECAM,stock,/stocks/precision-camshafts-PRCM,INE484I01029
PANR,Pansari Developers Ltd,PANSARI,stock,/stocks/pansari-developers-PANR,INE697V01011
PHOE,Phoenix Mills Ltd,PHOENIXLTD,stock,/stocks/phoenix-mills-PHOE,INE211B01039
PRAX,Praxis Home Retail Ltd,PRAXIS,stock,/stocks/praxis-home-retail-PRAX,INE546Y01022
PRMI,Premier Ltd,PREMIER,stock,/stocks/premier-PRMI,INE342A01018
PRPF,Premier Polyfilm Ltd,PREMIERPOL,stock,/stocks/premier-polyfilm-PRPF,INE309M01020
PNCA,Panacea Biotec Ltd,PANACEABIO,stock,/stocks/panacea-biotec-PNCA,INE922B01023
PATL,Patel Integrated Logistics Ltd,PATINTLOG,stock,/stocks/patel-integrated-logistics-PATL,INE529D01014
PBAI,PBA Infrastructure Ltd,PBAINFRA,stock,/stocks/pba-infrastructure-PBAI,INE160H01019
PDSM,PDS Ltd,PDSL,stock,/stocks/pds-multinational-fashions-PDSM,INE111Q01021
PERS,Persistent Systems Ltd,PERSISTENT,stock,/stocks/persistent-systems-PERS,INE262H01021
PRFO,Prime Focus Ltd,PFOCUS,stock,/stocks/prime-focus-PRFO,INE367G01038
PRME,Prime Securities Ltd,PRIMESECU,stock,/stocks/prime-securities-PRME,INE032B01021
PROZ,Prozone Realty Ltd,PROZONER,stock,/stocks/prozone-intu-properties-PROZ,INE195N01013
RCSY,Patanjali Foods Ltd,PATANJALI,stock,/stocks/ruchi-soya-industries-RCSY,INE619A01035
PRJE,Prajay Engineers Syndicate Ltd,PRAENG,stock,/stocks/prajay-engineers-syndicate-PRJE,INE505C01016
PSPP,PSP Projects Ltd,PSPPROJECT,stock,/stocks/psp-projects-PSPP,INE488V01015
PCHM,Punjab Chemicals and Crop Protection Ltd,PUNJABCHEM,stock,/stocks/punjab-chemicals-and-crop-protection-PCHM,INE277B01014
PAIN,Pan India Corp Ltd,PANINDIAC,stock,/stocks/pan-india-corp-PAIN,INE376A01032
ARSW,Popees Cares Ltd,POPEES,stock,/stocks/archana-software-ARSW,INE149B01015
PAR,Parshva Enterprises Ltd,PARSHVA,stock,/stocks/parshva-enterprises-PAR,INE05MV01019
PAN,Panorama Studios International Ltd,PANORAMA,stock,/stocks/panorama-studios-international-PAN,INE258R01028
PBF,P B Films Ltd,PBFL,stock,/stocks/p-b-films-PBF,INE212Q01019
POO,Poojawestern Metaliks Ltd,POOJA,stock,/stocks/poojawestern-metaliks-POO,INE973X01012
PARVA,Parvati Sweetners and Power Ltd,PARVATI,stock,/stocks/parvati-sweetners-and-power-PARVA,INE295Z01015
PANA,Panafic Industrials Ltd,PANAFIC,stock,/stocks/panafic-industrials-PANA,INE655P01029
PAL,Palm Jewels Limited,PALMJEWELS,stock,/stocks/palm-jewels-PAL,INE838Z01012
PEC,Pecos Hotels and Pubs Ltd,PECOS,stock,/stocks/pecos-hotels-and-pubs-PEC,INE484S01010
PRI,Prime Fresh Ltd,PRIMEFRESH,stock,/stocks/prime-fresh-PRI,INE442V01012
PUR,Purple Entertainment Ltd,PURPLE,stock,/stocks/purple-entertainment-PUR,INE905R01016
PJL,Patdiam Jewellery Ltd,PJL,stock,/stocks/patdiam-jewellery-PJL,INE473T01011
PRIT,Pritika Auto Industries Ltd,PRITIKAUTO,stock,/stocks/pritika-auto-industries-PRIT,INE583R01029
POL,Polymac Thermoformers Ltd,POLYMAC,stock,/stocks/polymac-thermoformers-POL,INE826P01018
PSA,Parnav Sports Academy Ltd,PSAL,stock,/stocks/parnav-sports-academy-PSA,INE935P01017
PALC,Palco Metals Ltd,PALCO,stock,/stocks/palco-metals-PALC,INE239L01013
ZPR,Prabhu Steel Industries Ltd,ZPRBHSTE,stock,/stocks/prabhu-steel-industries-ZPR,INE821R01015
PML,Paul Merchants Ltd,PML,stock,/stocks/paul-merchants-PML,INE291E01019
PMC,Pmc Fincorp Ltd,PMCFIN,stock,/stocks/pmc-fincorp-PMC,INE793G01035
PYX,Pyxis Finvest Ltd,PYXISFIN,stock,/stocks/pyxis-finvest-PYX,INE883L01018
POE,POCL Enterprises Ltd,POEL,stock,/stocks/pocl-enterprises-POE,INE035S01028
PQI,Polo Queen Industrial and Fintech Ltd,PQIF,stock,/stocks/polo-queen-industrial-and-fintech-PQI,INE689M01025
PANAC,Panabyte Technologies Ltd,PANABYTE,stock,/stocks/panache-innovations-PANAC,INE516E01019
PURS,Purshottam Investofin Ltd,PURSHOTTAM,stock,/stocks/purshottam-investofin-PURS,INE729C01020
PRISM,Prismx Global Ventures Ltd,PRISMX,stock,/stocks/prismx-global-ventures-PRISM,INE286N01028
PIC,Picturehouse Media Ltd,PICTUREHS,stock,/stocks/picturehouse-media-PIC,INE448B01029
PARL,Parle Industries Ltd,PARLEIND,stock,/stocks/parle-industries-PARL,INE272G01014
PRITH,Prithvi Exchange (India) Ltd,PRITHVIEXCH,stock,/stocks/prithvi-exchange-india-PRITH,INE621B01021
PON,Pondy Oxides and Chemicals Ltd,POCL,stock,/stocks/pondy-oxides-and-chemicals-PON,INE063E01053
PARM,Parmeshwari Silk Mills Ltd,PARMSILK,stock,/stocks/parmeshwari-silk-mills-PARM,INE808R01012
PVV,PVV Infra Ltd,PVVINFRA,stock,/stocks/pvv-infra-PVV,INE428B01021
PRE,Prerna Infrabuild Ltd,PRERINFRA,stock,/stocks/prerna-infrabuild-PRE,INE426H01014
PHOS,Phosphate Company Ltd,PHOSPHATE,stock,/stocks/phosphate-company-PHOS,INE398C01016
POLS,Polson Ltd,POLSON,stock,/stocks/polson-POLS,INE339F01021
PURO,Purohit Construction Ltd,PUROHITCON,stock,/stocks/purohit-construction-PURO,INE147J01012
PAD,Padmanabh Alloys and Polymers Ltd,PADALPO,stock,/stocks/padmanabh-alloys-and-polymers-PAD,INE630U01014
PANKA,Pankaj Polymers Ltd,PANKAJPO,stock,/stocks/pankaj-polymers-PANKA,INE698B01011
PAT,Patidar Buildcon Ltd,PATIDAR,stock,/stocks/patidar-buildcon-PAT,INE637N01014
POP,Popular Estate Management Ltd,POPULARES,stock,/stocks/popular-estate-management-POP,INE370C01015
PRISF,Prism Finance Ltd,PRISMFN,stock,/stocks/prism-finance-PRISF,INE429Q01019
PANT,Panth Infinity Ltd,PANTH,stock,/stocks/panth-infinity-PANT,INE945O01019
PRIM,Prime Capital Market Ltd,PRIMECAPM,stock,/stocks/prime-capital-market-PRIM,INE748D01010
PANC,Panchsheel Organics Ltd,PANCHSHEEL,stock,/stocks/panchsheel-organics-PANC,INE316G01019
PAU,Paushak Ltd,PAUSHAKLTD,stock,/stocks/paushak-PAU,INE111F01024
PBG,PB Global Ltd,PBGLOBAL,stock,/stocks/pb-global-PBG,INE615W01011
PRAV,Praveg Ltd,PRAVEG,stock,/stocks/praveg-communications-india-PRAV,INE722B01019
PRO,Pro Clb Global Ltd,PROCLB,stock,/stocks/provestment-services-PRO,INE438C01010
POLY,Polylink Polymers (India) Ltd,POLYLINK,stock,/stocks/polylink-polymers-india-POLY,INE323D01020
PGF,PG Foils Ltd,PGFOILQ,stock,/stocks/pg-foils-PGF,INE078D01012
WOME,Pagaria Energy Ltd,WOMENNET,stock,/stocks/pagaria-energy-WOME,INE905B01010
PREMC,Premium Capital Market and Investment Ltd,PREMCAPM,stock,/stocks/premium-capital-market-and-investments-PREMC,INE555D01019
PADA,Padam Cotton Yarns Ltd,PADAMCO,stock,/stocks/padam-cotton-yarns-PADA,INE448D01025
PWA,Prakash Woollen & Synthetic Mills Ltd,PWASML,stock,/stocks/prakash-woollen-and-synthetic-mills-PWA,INE523I01016
PARMA,Parmax Pharma Ltd,PARMAX,stock,/stocks/parmax-pharma-PARMA,INE240T01014
PHC,P H Capital Ltd,PHCAP,stock,/stocks/p-h-capital-PHC,INE160F01013
POLYC,Polycon International Ltd,POLYCON,stock,/stocks/polycon-international-POLYC,INE262C01014
PARS,Parshwanath Corp Ltd,PARSHWANA,stock,/stocks/parshwanath-corporation-PARS,INE635I01018
PEE,Peeti Securities Ltd,PEETISEC,stock,/stocks/peeti-securities-PEE,INE328D01011
PRATI,Pratiksha Chemicals Ltd,PRATIKSH,stock,/stocks/pratiksha-chemicals-PRATI,INE530D01012
PEO,People's Investment Ltd,PEOPLIN,stock,/stocks/peoples-investment-PEO,INE644U01015
PARAG,Paragon Finance Ltd,PARAGONF,stock,/stocks/paragon-finance-PARAG,INE015E01012
PRIMA,Prima Industries Ltd,PRIMAIN,stock,/stocks/prima-industries-PRIMA,INE723N01012
PUN,Punjab Communications Ltd,PUNJCOMMU,stock,/stocks/punjab-communications-PUN,INE609A01010
PUL,Pulsar International Ltd,PULSRIN,stock,/stocks/pulsar-international-PUL,INE183U01022
PARK,Parker Agro Chem Exports Ltd,PARKERAC,stock,/stocks/parker-agrochem-exports-PARK,INE750B01010
PROF,Pro Fin Capital Services Ltd,PROFINC,stock,/stocks/pro-fin-capital-services-PROF,INE732K01027
PFL,PFL Infotech Ltd,PFLINFOTC,stock,/stocks/pfl-infotech-PFL,INE600F01018
PHOT,Photoquip India Ltd,PHOTOQUP,stock,/stocks/photoquip-india-PHOT,INE813B01016
PREMA,Premier Capital Services Ltd,PREMCAP,stock,/stocks/premier-capital-services-PREMA,INE946K01023
PER,Perfectpac Ltd,PERFEPA,stock,/stocks/perfectpac-PER,INE759I01024
PTC,PTC Industries Ltd,PTCIL,stock,/stocks/ptc-industries-PTC,INE596F01018
PRIY,Priya Ltd,PRIYALT,stock,/stocks/priya-PRIY,INE686C01014
POR,Porwal Auto Components Ltd,PORWAL,stock,/stocks/porwal-auto-components-POR,INE386I01018
PIT,Pithampur Poly Products Ltd,PITHP,stock,/stocks/pithampur-poly-products-PIT,INE747D01012
PHA,Pharmaids Pharmaceuticals Ltd,PHARMAID,stock,/stocks/pharmaids-pharmaceuticals-PHA,INE117D01018
PIO,Pioneer Agro Extracts Ltd,PIONAGR,stock,/stocks/pioneer-agro-extracts-PIO,INE062E01014
PROM,Promact Plastics Ltd,PROMACT,stock,/stocks/promact-impex-PROM,INE818D01011
POLO,Polo Hotels Ltd,POLOHOT,stock,/stocks/polo-hotels-POLO,INE084C01012
PHOEN,Phoenix International Ltd,PHOENXINTL,stock,/stocks/phoenix-international-PHOEN,INE245B01011
PRATK,Pratik Panels Ltd,PRATIK,stock,/stocks/pratik-panels-PRATK,INE206C01029
PRIMP,Prima Plastics Ltd,PRIMAPLA,stock,/stocks/prima-plastics-PRIMP,INE573B01016
POON,Poona Dal and Oil Industries Ltd,POONADAL,stock,/stocks/poona-dal-and-oil-industries-POON,INE809E01018
PATE,Patels Airtemp (India) Ltd,PATELSAI,stock,/stocks/patels-airtemp-india-PATE,INE082C01024
PRIME,Prime Property Development Corp Ltd,PRIMEPRO,stock,/stocks/prime-property-development-corporation-PRIME,INE233C01023
POLYS,Polyspin Exports Ltd,POLYSPIN,stock,/stocks/polyspin-exports-POLYS,INE914G01029
PROG,Progrex Ventures Ltd,PROGREXV,stock,/stocks/progrex-ventures-PROG,INE421E01012
PANJ,Panjon Ltd,PANJON,stock,/stocks/panjon-PANJ,INE744D01019
PREM,Premco Global Ltd,PREMCO,stock,/stocks/premco-global-PREM,INE001E01012
PICCA,Piccadily Sugar and Allied Industries Ltd,PICCASUG,stock,/stocks/piccadily-sugar-and-allied-inds-PICCA,INE544C01023
SEAG,Prabhhans Industries Ltd,PRABHHANS,stock,/stocks/sea-gold-infrastructure-SEAG,INE428P01013
PICC,Piccadily Agro Industries Ltd,PICCADIL,stock,/stocks/piccadily-agro-industries-PICC,INE546C01010
PANCH,Panchmahal Steel Ltd,PANCHMAHQ,stock,/stocks/panchmahal-steel-PANCH,INE798F01010
PAO,Paos Industries Ltd,PAOS,stock,/stocks/paos-industries-PAO,INE791C01012
PANE,Pan Electronics (India) Ltd,PANELEC,stock,/stocks/pan-electronics-india-PANE,INE648E01010
PRADP,Pradeep Metals Ltd,PRADPME,stock,/stocks/pradeep-metals-PRADP,INE770A01010
PRIMI,Prime Industries Ltd,PRIMIND,stock,/stocks/prime-industries-PRIMI,INE543F01028
FRS,Puretrop Fruits Ltd,PURETROP,stock,/stocks/freshtrop-fruits-FRS,INE795D01011
PRIMU,Prime Urban Development India Ltd,PRIMEURB,stock,/stocks/prime-urban-development-india-PRIMU,INE419E01024
POLYH,Polymechplast Machines Ltd,POLYCHMP,stock,/stocks/polymechplast-machines-POLYH,INE809B01014
PADMA,Padmanabh Industries Ltd,PADMAIND,stock,/stocks/padmanabh-industries-PADMA,INE743D01011
PRADH,Pradhin Ltd,PRADHIN,stock,/stocks/pradhin-PRADH,INE656B01027
PROCA,Procal Electronics India Ltd,PROCAL,stock,/stocks/procal-electronics-india-PROCA,INE700B01015
PASA,Pasari Spinning Mills Ltd,PASARI,stock,/stocks/pasari-spinning-mills-PASA,INE604F01010
PRIMG,Prima Agro Ltd,PRIMAGR,stock,/stocks/prima-agro-PRIMG,INE297D01018
PHY,Phyto Chem (India) Ltd,PHYTO,stock,/stocks/phyto-chem-india-PHY,INE037C01010
PAS,Pasupati Fincap Ltd,PASUFIN,stock,/stocks/pasupati-fincap-PAS,INE527C01010
PMT,P M Telelinnks Ltd,PMTELELIN,stock,/stocks/pm-telelinnks-PMT,INE092C01015
YASHP,Pakka Limited,PAKKA,stock,/stocks/yash-pakka-YASHP,INE551D01018
PUNC,Punctual Trading Ltd,PUNCTRD,stock,/stocks/punctual-trading-PUNC,INE07NX01019
OCTAV,Perfect-Octave Media Projects Ltd,OCTAVE,stock,/stocks/perfect-octave-media-projects-OCTAV,INE814L01013
PRESS,Pressure Sensitive Systems (India) Ltd,PRESSURS,stock,/stocks/pressure-sensitive-systems-india-PRESS,INE891E01024
PHR,Phaarmasia Ltd,PHRMASI,stock,/stocks/phaarmasia-PHR,INE486I01016
PERV,Pervasive Commodities Ltd,PERVASIVE,stock,/stocks/pervasive-commodities-PERV,INE443P01038
PRAG,Prag Bosimi Synthetics Ltd,PRAGBOS,stock,/stocks/prag-bosimi-synthetics-PRAG,INE962B01011
PSI,PS IT Infrastructure & Services Ltd,PSITINFRA,stock,/stocks/ps-it-infrastructure-and-services-PSI,INE953M01033
PHOTO,Photon Capital Advisors Ltd,PHOTON,stock,/stocks/photon-capital-advisors-PHOTO,INE107J01016
PNT,Pentokey Organy (India) Ltd,PNTKYOR,stock,/stocks/pentokey-organy-india-PNT,INE702E01015
PACI,Pacific Industries Ltd,PACIFICI,stock,/stocks/pacific-industries-PACI,INE883C01025
PRECS,Precision Electronics Ltd,PRECISIO,stock,/stocks/precision-electronics-PRECS,INE143C01024
PREMS,Premier Synthetics Ltd,PREMSYN,stock,/stocks/premier-synthetics-PREMS,INE940N01012
PARN,Parnax Lab Ltd,PARNAXLAB,stock,/stocks/parnax-lab-PARN,INE383L01019
PURI,Purity Flexpack Ltd,PURITY,stock,/stocks/purity-flex-pack-PURI,INE898O01010
PRISE,Prism Medico and Pharmacy Ltd,PRISMMEDI,stock,/stocks/prism-medico-and-pharmacy-PRISE,INE730E01016
PIX,PIX Transmissions Ltd,PIXTRANS,stock,/stocks/pix-transmission-PIX,INE751B01018
PRS,Prashant India Ltd,PRSNTIN,stock,/stocks/prashant-india-PRS,INE100E01012
PASU,Pasupati Spinning and Weaving Mills Ltd,PASUSPG,stock,/stocks/pasupati-spinning-and-weaving-mills-PASU,INE909B01020
POLYT,Polytex India Ltd,POLYTEX,stock,/stocks/polytex-india-POLYT,INE012F01016
PASUP,Pasupati Acrylon Ltd,PASUPTAC,stock,/stocks/pasupati-acrylon-PASUP,INE818B01023
PANI,Panther Industrial Products Ltd,PANIDPR,stock,/stocks/panther-industrial-products-PANI,INE181D01014
PET,Pet Plastics Ltd,PETPLST,stock,/stocks/pet-plastics-PET,INE704F01018
PCS,PCS Technology Ltd,PCS,stock,/stocks/pcs-technology-PCS,INE834B01012
PIONR,Pioneer Investcorp Ltd,PIONRINV,stock,/stocks/pioneer-investcorp-PIONR,INE746D01014
PARMC,Paramount Cosmetics (India) Ltd,PARMCOS-B,stock,/stocks/paramount-cosmetics-india-PARMC,INE143I01013
PBM,P B M Polytex Ltd,PBMPOLY,stock,/stocks/pbm-polytex-PBM,INE501F01018
PCC,Pee Cee Cosma Sope Ltd,PCCOSMA,stock,/stocks/pee-cee-cosma-sope-PCC,INE417E01010
PUNAL,Primo Chemicals Ltd,PRIMO,stock,/stocks/punjab-alkalies-and-chemicals-PUNAL,INE607A01022
PERM,Permanent Magnets Ltd,PERMAGN,stock,/stocks/permanent-magnets-PERM,INE418E01018
PANY,Panyam Cements And Mineral Industrties Ltd,PANCM,stock,/stocks/panyam-cements-and-mineral-industries-PANY,INE167E01037
LAKHN,Panasonic Energy India Co Ltd,PANAENERG,stock,/stocks/panasonic-energy-india-company-LAKHN,INE795A01017
POLYE,Polychem Ltd,POLYCHEM,stock,/stocks/polychem-POLYE,INE752B01024
PARTY,Party Cruisers Ltd,PARTYCRUS,stock,/stocks/party-cruisers-PARTY,INE06ZX01015
PAV,Pavna Industries Ltd,PAVNAIND,stock,/stocks/pavna-industries-PAV,INE07S101038
PGIN,Powergrid Infrastructure Investment Trust,PGINVIT,stock,/stocks/powergrid-infrastructure-investment-trust-PGIN,INE0GGX23010
PREV,PREVEST DENPRO LTD,PREVEST,stock,/stocks/prevest-denpro-PREV,INE0GAO01018
POLI,PB Fintech Ltd,POLICYBZR,stock,/stocks/pb-fintech-POLI,INE417T01026
PARAS,Paras Defence and Space Technologies Ltd,PARAS,stock,/stocks/paras-defence-and-space-technologies-PARAS,INE045601023
POB,PlatinumOne Business Services Ltd,POBS,stock,/stocks/platinumone-business-services-POB,INE0DTJ01015
PROMA,Promax Power Ltd,PROMAX,stock,/stocks/promax-power-PROMA,INE0I2F01015
PROP,P.E. Analytics Ltd,PROPEQUITY,stock,/stocks/pe-analytics-PROP,INE0KN801013
PRECO,Precision Metaliks Ltd,PRECISION,stock,/stocks/precision-metaliks-PRECO,INE0HKW01018
PARAD,Paradeep Phosphates Ltd,PARADEEP,stock,/stocks/paradeep-phosphates-PARAD,INE088F01024
PRU,Prudent Corporate Advisory Services Ltd,PRUDENT,stock,/stocks/prudent-corporate-advisory-services-PRU,INE00F201020
PGC,Pearl Green Clubs and Resorts Ltd,PGCRL,stock,/stocks/pearl-green-clubs-and-resorts-PGC,INE0GTX01019
PACE,Pace E-Commerce Ventures Ltd,PACE,stock,/stocks/pace-e-commerce-ventures-PACE,INE0N1L01018
PCL,Prospect Consumer Products Ltd,PCL,stock,/stocks/prospect-commodities-PCL,INE0OKG01017
PROO,Proventus Agrocom Ltd,PROV,stock,/stocks/proventus-agrocom-PROO,INE0ONE01016
PATT,Pattech Fitwell Tube Components Ltd,PATTECH,stock,/stocks/pattech-fitwell-tube-components-PATT,INE0NZW01014
PRUD,Prudential Sugar Corp Ltd,PRUDMOULI,stock,/stocks/prudential-sugar-corporation-PRUD,INE024D01016
PATR,Patron Exim Ltd,PATRON,stock,/stocks/patron-exim-PATR,INE0NPA01011
PENTA,Pentagon Rubber Ltd,PENTAGON,stock,/stocks/pentagon-rubber-PENTA,INE0ORS01017
PRITI,Pritika Engineering Components Ltd,PRITIKA,stock,/stocks/pritika-engineering-components-PRITI,INE0MJQ01020
PHAN,Phantom Digital Effects Ltd,PHANTOMFX,stock,/stocks/phantom-digital-effects-PHAN,INE0MLZ01019
GARGI,PNGS Gargi Fashion Jewellery Ltd,GARGI,stock,/stocks/pngs-gargi-fashion-jewellery-GARGI,INE0NT601018
PPL,Piramal Pharma Ltd,PPLPHARMA,stock,/stocks/piramal-pharma-PPL,INE0DK501011
PREST,Presstonic Engineering Ltd,PRESSTONIC,stock,/stocks/presstonic-engineering-PREST,INE0R1601012
PYR,Pyramid Technoplast Ltd,PYRAMID,stock,/stocks/pyramid-technoplast-PYR,INE0MIS01010
PRAM,Pramara Promotions Ltd,PRAMARA,stock,/stocks/pramara-promotions-PRAM,INE0O7A01017
PLA,Plaza Wires Ltd,PLAZACABLE,stock,/stocks/plaza-wires-PLA,INE0INJ01017
PARAO,Paragon Fine & Speciality Chemical Ltd,PARAGON,stock,/stocks/paragon-fine-and-speciality-chemical-PARAO,INE0N4G01012
PLAD,Plada Infotech Services Ltd,PLADAINFO,stock,/stocks/plada-infotech-services-PLAD,INE0PXD01014
PROT,Protean eGov Technologies Ltd,PROTEAN,stock,/stocks/protean-egov-technologies-PROT,INE004A01022
PES,Pune E - Stock Broking Ltd,PESB,stock,/stocks/pune-e-stock-broking-PES,INE510U01018
POLYI,Polysil Irrigation Systems Ltd,POLYSIL,stock,/stocks/polysil-irrigation-systems-POLYI,INE517M01028
PRATH,Pratham EPC Projects Ltd,PRATHAM,stock,/stocks/pratham-epc-projects-PRATH,INE0QA601016
PURV,Purv Flexipack Ltd,PURVFLEXI,stock,/stocks/purv-flexipack-PURV,INE0R6C01012
PLAT,Platinum Industries Ltd,PLATIND,stock,/stocks/platinum-industries-PLAT,INE0PT501018
PVS,Popular Vehicles and Services Ltd,PVSL,stock,/stocks/popular-vehicles-and-services-PVS,INE772T01024
PIOT,Piotex Industries Ltd,PIOTEX,stock,/stocks/piotex-industries-PIOT,INE0R4W01015
PRL,Premier Roadlines Ltd,PRLIND,stock,/stocks/premier-roadlines-PRL,INE0CFG01012
PCCL,Petro Carbon and Chemicals Ltd,PCCL,stock,/stocks/petro-carbon-and-chemicals-PCCL,INE998U01015
POS,Positron Energy Ltd,POSITRON,stock,/stocks/positron-energy-POS,INE0S3H01017
PURP,Purple Finance Ltd,PURPLEFIN,stock,/stocks/purple-finance-PURP,INE0CYK01015
PRIZ,Prizor Viztech Ltd,PRIZOR,stock,/stocks/prizor-viztech-PRIZ,INE0V9N01017
PPS,Picturepost Studios Ltd,PPSL,stock,/stocks/picturepost-studios-PPS,INE0YAL01017
PREMI,Premier Energies Ltd,PREMIERENE,stock,/stocks/premier-energies-PREMI,INE0BS701011
PREMU,Premium Plast Ltd,PREMIUM,stock,/stocks/premium-plast-PREMU,INE0M1F01011
PSP,Property Share Investment Trust,PSPLATINA,stock,/stocks/property-share-investment-trust-PSP,INE19RO25013
PARAM,Paramatrix Technologies Ltd,PARAMATRIX,stock,/stocks/paramatrix-technologies-PARAM,INE0S2W01018
PFP,Popular Foundations Ltd,PFL,stock,/stocks/popular-foundations-PFP,INE0PZB01013
PRANI,Pranik Logistics Ltd,PRANIK,stock,/stocks/pranik-logistics-PRANI,INE0VJG01014
PHOG,Phoenix Overseas Ltd,PHOGLOBAL,stock,/stocks/phoenix-overseas-PHOG,INE0FPO01018
PARAU,Paramount Dye Tec Ltd,PARAMOUNT,stock,/stocks/paramount-dye-tec-PARAU,INE0TG801013
PEI,Premier Energy and Infrastructure Ltd,PEIL,stock,/stocks/premier-energy-and-infrastructure-PEI,INE429K01012
PNG,P N Gadgil Jewellers Ltd,PNGJL,stock,/stocks/p-n-gadgil-jewellers-PNG,INE953R01016
PURPL,Purple United Sales Ltd,PURPLEUTED,stock,/stocks/purple-united-sales-PURPL,INE0P5R01014
PARME,Parmeshwar Metal Ltd,PARMESHWAR,stock,/stocks/parmeshwar-metal-PARME,INE0QQJ01021
PELA,Pelatro Ltd,PELATRO,stock,/stocks/pelatro-PELA,INE0VG601013
PSF,Paramount Speciality Forgings Ltd,PSFL,stock,/stocks/paramount-speciality-forgings-PSF,INE0Q6001012
PSR,P S Raj Steels Ltd,PSRAJ,stock,/stocks/p-s-raj-steels-PSR,INE0XUS01012
PSPL,PDP Shipping & Projects Ltd,PSPL,stock,/stocks/pdp-shipping-and-projects-PSPL,INE0ABU01016
PRABH,Prabha Energy Ltd,PRABHA,stock,/stocks/prabha-energy-PRABH,INE0I0M01023
PPA,Paradeep Parivahan Ltd,PPARIVAH,stock,/stocks/paradeep-parivahan-PPA,INE0SMW01011
PROST,Prostarm Info Systems Ltd,PROSTARM,stock,/stocks/prostarm-info-systems-PROST,INE0BX301013
PATIL,Patil Automation Ltd,PATILAUTOM,stock,/stocks/patil-automation-PATIL,INE17GV01016
PROFX,PRO FX Tech Ltd,PROFX,stock,/stocks/pro-fx-tech-PROFX,INE0VJT01017
PUS,Pushpa Jewellers Ltd,PUSHPA,stock,/stocks/pushpa-jewellers-PUS,INE154801018
PATEL,Patel Chem Specialities Ltd,PATELCHEM,stock,/stocks/patel-chem-specialities-PATEL,INE161701011
PST,Propshare Titania,PSTITANIA,stock,/stocks/property-share-investment-trust--propshare-titania-PST,INE19RO25021
PARTH,Parth Electricals & Engineering Ltd,PARTH,stock,/stocks/parth-electricals-and-engineering-PARTH,INE1H7V01011
PATER,Patel Retail Ltd,PATELRMART,stock,/stocks/patel-retail-PATER,INE0R8B01010
PRIMC,Prime Cable Industries Ltd,PRIMECAB,stock,/stocks/prime-cable-industries-PRIMC,INE0CQA01020
PRAR,Praruh Technologies Ltd,PRARUH,stock,/stocks/praruh-technologies-PRAR,INE0TI501017
PACED,Pace Digitek Ltd,PACEDIGITK,stock,/stocks/pace-digitek-PACED,INE0S3G01027
PINEL,Pine Labs Ltd,PINELABS,stock,/stocks/pine-labs-PINEL,INE15B701018
PWL,Physicswallah Ltd,PWL,stock,/stocks/physicswallah-PWL,INE0LP301011
PURPE,Purple Wave Infocom Ltd,PURPLEWAVE,stock,/stocks/purple-wave-infocom-PURPE,INE0VDK01019
PROD,Prodocs Solutions Ltd,PRODOCS,stock,/stocks/prodocs-solutions-PROD,INE10XK01019
PARKO,Park Medi World Ltd,PARKHOSPS,stock,/stocks/park-medi-world-PARKO,INE119201023
PAJ,Pajson Agro India Ltd,PAJSON,stock,/stocks/pajson-agro-india-PAJ,INE14LM01012
QTGF,Quantum Gold Fund,QGOLDHALF,etf,/etfs/quantum-gold-etf-QTGF,INF082J01408
QUIC,Quick Heal Technologies Ltd,QUICKHEAL,stock,/stocks/quick-heal-technologies-QUIC,INE306L01010
QUEC,Quess Corp Ltd,QUESS,stock,/stocks/quess-corp-QUEC,INE615P01015
QUAN,Quantum Nifty 50 ETF,QNIFTY,etf,/etfs/quantum-nifty-50-etf-QUAN,INF082J01028
QUIN,Quintegra Solutions Ltd,QUINTEGRA,stock,/stocks/quintegra-solutions-QUIN,INE033B01011
GML,Quint Digital Ltd,QUINT,stock,/stocks/gaurav-mercantiles-GML,INE641R01017
QGO,Qgo Finance Ltd,QGO,stock,/stocks/qgo-finance-QGO,INE837C01013
BNK,Quest Capital Markets Ltd,QUESTCAP,stock,/stocks/bnk-capital-markets-BNK,INE418C01012
QUAND,Quantum Digital Vision (India) Ltd,QUANTDIA,stock,/stocks/quantum-digital-vision-india-QUAND,INE373C01019
QUAD,Quadrant Televentures Ltd,QUADRANT,stock,/stocks/quadrant-televentures-QUAD,INE527B01020
QUADP,Quadpro Ites Ltd,QUADPRO,stock,/stocks/quadpro-ites-QUADP,INE0GOJ01027
QRI,Quality RO Industries Ltd,QRIL,stock,/stocks/quality-ro-industries-QRI,INE0KAF01018
QFI,Quality Foils (India) Ltd,QFIL,stock,/stocks/quality-foils-india-QFI,INE0O1M01015
QMS,QMS Medical Allied Services Ltd,QMSMEDI,stock,/stocks/qms-medical-allied-services-QMS,INE0FMW01018
QUI,Quicktouch Technologies Ltd,QUICKTOUCH,stock,/stocks/quicktouch-technologies-QUI,INE0K4D01020
MESO,Quest Flow Controls Ltd,MESON,stock,/stocks/meson-valves-india-MESO,INE0OYE01013
QLL,Qualitek Labs Ltd,QLL,stock,/stocks/qualitek-labs-QLL,INE0Q1R01012
QUEST,Quest Laboratories Ltd,QUESTLAB,stock,/stocks/quest-laboratories-QUEST,INE0TNW01017
QVC,QVC Exports Ltd,QVCEL,stock,/stocks/qvc-exports-QVC,INE0KZF01015
QUADF,Quadrant Future Tek Ltd,QUADFUTURE,stock,/stocks/quadrant-future-tek-QUADF,INE0LRY01011
QPO,Quality Power Electrical Equipments Ltd,QPOWER,stock,/stocks/quality-power-electrical-equipments-QPO,INE0SII01026
RAJD,Rajdarshan Industries Ltd,ARENTERP,stock,/stocks/rajdarshan-industries-RAJD,INE610C01014
CESV,RPSG Ventures Ltd,RPSGVENT,stock,/stocks/cesc-ventures-CESV,INE425Y01011
ORRE,RHI Magnesita India Ltd,RHIM,stock,/stocks/orient-refractories-ORRE,INE743M01012
RADN,Rajnandini Metal Ltd,RAJMET,stock,/stocks/rajnandini-metal-RADN,INE00KV01022
RAJV,Rajvir Industries Ltd,RAJVIR,stock,/stocks/rajvir-industries-RAJV,INE011H01014
RMT,Ratnamani Metals and Tubes Ltd,RATNAMANI,stock,/stocks/ratnamani-metals-and-tubes-RMT,INE703B01027
RPRO,Repro India Ltd,REPRO,stock,/stocks/repro-india-RPRO,INE461B01014
ROSB,Rossari Biotech Ltd,ROSSARI,stock,/stocks/rossari-biotech-ROSB,INE02A801020
RTNP,RattanIndia Power Ltd,RTNPOWER,stock,/stocks/rattanindia-power-RTNP,INE399K01017
RAMA,Rama Steel Tubes Ltd,RAMASTEEL,stock,/stocks/rama-steel-tubes-RAMA,INE230R01035
RAMC,Ramco Industries Ltd,RAMCOIND,stock,/stocks/ramco-industries-RAMC,INE614A01028
RAMD,Rane (Madras) Ltd,RML,stock,/stocks/rane-madras-RAMD,INE050H01012
RPOL,Reliance Power Ltd,RPOWER,stock,/stocks/reliance-power-RPOL,INE614G01033
RUCL,Rupa & Company Ltd,RUPA,stock,/stocks/rupa-and-company-RUCL,INE895B01021
RMIL,Radaan Media Works India Ltd,RADAAN,stock,/stocks/radaan-media-works-india-RMIL,INE874F01027
REGC,Regency Ceramics Ltd,REGENCERAM,stock,/stocks/regency-ceramics-REGC,INE277C01012
RLIN,Reliance Infrastructure Ltd,RELINFRA,stock,/stocks/reliance-infrastructure-RLIN,INE036A01016
RSYS,R Systems International Ltd,RSYSTEMS,stock,/stocks/r-systems-international-RSYS,INE411H01032
REXP,Rajesh Exports Ltd,RAJESHEXPO,stock,/stocks/rajesh-exports-REXP,INE343B01030
RYMD,Raymond Ltd,RAYMOND,stock,/stocks/raymond-RYMD,INE301A01014
RENA,Renaissance Global Ltd,RGL,stock,/stocks/renaissance-global-RENA,INE722H01024
RPPI,RPP Infra Projects Ltd,RPPINFRA,stock,/stocks/rpp-infra-projects-RPPI,INE324L01013
RJSG,Rajshree Sugars & Chemicals Ltd,RAJSREESUG,stock,/stocks/rajshree-sugars-and-chemicals-RJSG,INE562B01019
RANE,Rane Holdings Ltd,RANEHOLDIN,stock,/stocks/rane-holdings-RANE,INE384A01010
RPGL,RPG Life Sciences Ltd,RPGLIFE,stock,/stocks/rpg-life-sciences-RPGL,INE105J01010
RALL,Rallis India Ltd,RALLIS,stock,/stocks/rallis-india-RALL,INE613A01020
RAMK,Ramky Infrastructure Ltd,RAMKY,stock,/stocks/ramky-infrastructure-RAMK,INE874I01013
RLIC,Reliance Home Finance Ltd,RHFL,stock,/stocks/reliance-home-finance-RLIC,INE217K01011
RLTN,Rollatainers Ltd,ROLLT,stock,/stocks/rollatainers-RLTN,INE927A01040
RATV,Raj Television Network Ltd,RAJTV,stock,/stocks/raj-television-network-RATV,INE952H01027
RAMG,Ramgopal Polytex Ltd,RAMGOPOLY,stock,/stocks/ramgopal-polytex-RAMG,INE410D01017
REFE,Refex Industries Ltd,REFEX,stock,/stocks/refex-industries-REFE,INE056I01025
RLIB,Reliable Data Services Ltd,RELIABLE,stock,/stocks/reliable-data-services-RLIB,INE375Y01018
RSPO,Responsive Industries Ltd,RESPONIND,stock,/stocks/responsive-industries-RSPO,INE688D01026
RCHR,Ruchira Papers Ltd,RUCHIRA,stock,/stocks/ruchira-papers-RCHR,INE803H01014
RSTC,Rashtriya Chemicals and Fertilizers Ltd,RCF,stock,/stocks/rashtriya-chemicals-and-fertilizers-RSTC,INE027A01015
RELG,Religare Enterprises Ltd,RELIGARE,stock,/stocks/religare-enterprises-RELG,INE621H01010
REIN,Remsons Industries Ltd,REMSONSIND,stock,/stocks/remsons-industries-REIN,INE474C01023
ROUT,Route Mobile Ltd,ROUTE,stock,/stocks/route-mobile-ROUT,INE450U01017
RSWM,RSWM Ltd,RSWM,stock,/stocks/rswm-RSWM,INE611A01016
RJPT,Rajasthan Petro Synthetics Ltd,RAJSPTR,stock,/stocks/rajasthan-petro-synthetics-RJPT,INE374C01017
RURD,Rudrabhishek Enterprises Ltd,REPL,stock,/stocks/rudrabhishek-enterprises-RURD,INE364Z01019
REII,Reliance Industrial Infrastructure Ltd,RIIL,stock,/stocks/reliance-industrial-infrastructure-REII,INE046A01015
RITS,RITES Ltd,RITES,stock,/stocks/rites-RITS,INE320J01015
ROSS,Rossell India Ltd,ROSSELLIND,stock,/stocks/rossell-india-ROSS,INE847C01020
RAIV,Rail Vikas Nigam Ltd,RVNL,stock,/stocks/rail-vikas-nigam-RAIV,INE415G01027
RNSG,Rana Sugars Ltd,RANASUG,stock,/stocks/rana-sugars-RNSG,INE625B01014
RLCM,Reliance Communications Ltd,RCOM,stock,/stocks/reliance-communications-RLCM,INE330H01018
ROYL,Royal Orchid Hotels Ltd,ROHLTD,stock,/stocks/royal-orchid-hotels-ROYL,INE283H01019
RSSI,R S Software (India) Ltd,RSSOFTWARE,stock,/stocks/r-s-software-india-RSSI,INE165B01029
RRAY,Raj Rayon Industries Ltd,RAJRILTD,stock,/stocks/raj-rayon-industries-RRAY,INE533D01032
RKEC,RKEC Projects Ltd,RKEC,stock,/stocks/rkec-projects-RKEC,INE786W01010
RMCP,Radha Madhav Corporation Ltd,RMCL,stock,/stocks/radha-madhav-corp-RMCP,INE172H01014
RECM,REC Limited,RECLTD,stock,/stocks/rec-RECM,INE020B01018
RLXO,Relaxo Footwears Ltd,RELAXO,stock,/stocks/relaxo-footwears-RLXO,INE131B01039
RKFO,Ramkrishna Forgings Ltd,RKFORGE,stock,/stocks/ramkrishna-forgings-RKFO,INE399G01023
RADC,Radico Khaitan Ltd,RADICO,stock,/stocks/radico-khaitan-RADC,INE944F01028
TRCE,Ramco Cements Limited,RAMCOCEM,stock,/stocks/ramco-cements-TRCE,INE331A01037
RMCS,Ramco Systems Ltd,RAMCOSYS,stock,/stocks/ramco-systems-RMCS,INE246B01019
RHFL,Repco Home Finance Ltd,REPCOHOME,stock,/stocks/repco-home-finance-RHFL,INE612J01015
RAID,Rain Industries Ltd,RAIN,stock,/stocks/rain-industries-RAID,INE855B01025
RAJR,Rajratan Global Wire Ltd,RAJRATAN,stock,/stocks/rajratan-global-wire-RAJR,INE451D01029
RAUT,Rico Auto Industries Ltd,RICOAUTO,stock,/stocks/rico-auto-industries-RAUT,INE209B01025
RAVK,Ravi Kumar Distilleries Ltd,RKDL,stock,/stocks/ravi-kumar-distilleries-RAVK,INE722J01012
RMDR,RM Drip & Sprinklers Systems Ltd,RMDRIP,stock,/stocks/rm-drip-and-sprinklers-systems-RMDR,INE219Y01026
RAJH,Rajshree Polypack Ltd,RPPL,stock,/stocks/rajshree-polypack-RAJH,INE760W01023
RUCH,Ruchi Infrastructure Ltd,RUCHINFRA,stock,/stocks/ruchi-infrastructure-RUCH,INE413B01023
RAJS,Raj Oil Mills Ltd,ROML,stock,/stocks/raj-oil-mills-RAJS,INE294G01026
RATB,RBL Bank Ltd,RBLBANK,stock,/stocks/rbl-bank-RATB,INE976G01028
REDI,Redington Ltd,REDINGTON,stock,/stocks/redington-india-REDI,INE891D01026
RELI,Reliance Industries Ltd,RELIANCE,stock,/stocks/reliance-industries-RELI,INE002A01018
RTNI,Rattanindia Enterprises Ltd,RTNINDIA,stock,/stocks/rattanindia-infrastructure-RTNI,INE834M01019
RUSH,Rushil Decor Ltd,RUSHIL,stock,/stocks/rushil-decor-RUSH,INE573K01025
RAN,Ranjeet Mechatronics Ltd,RANJEET,stock,/stocks/ranjeet-mechatronics-RAN,INE01A501027
ROJ,RO Jewels Ltd,ROJL,stock,/stocks/r-o-jewels-ROJ,INE0BDU01028
RST,Riddhi Steel and Tube Ltd,RSTL,stock,/stocks/riddhi-steel-and-tube-RST,INE367U01013
RAW,Raw Edge Industrial Solutions Ltd,RAWEDGE,stock,/stocks/raw-edge-industrial-solutions-RAW,INE960Z01014
RPE,Raghav Productivity Enhancers Ltd,RPEL,stock,/stocks/raghav-productivity-enhancers-RPE,INE912T01018
RAJK,Rajkot Investment Trust Ltd,RAJKOTINV,stock,/stocks/rajkot-investment-trust-RAJK,INE176R01014
RAJ,Rajnish Wellness Ltd,RAJNISH,stock,/stocks/rajnish-wellness-RAJ,INE685Z01033
RIT,Rithwik Facility Management Services Ltd,RITHWIKFMS,stock,/stocks/rithwik-facility-management-services-RIT,INE819Y01015
RELIC,Relicab Cable Manufacturing Ltd,RELICAB,stock,/stocks/relicab-cable-manufacturing-RELIC,INE773T01014
RUD,Rudra Global Infra Products Ltd,RUDRA,stock,/stocks/rudra-global-infra-products-RUD,INE027T01023
RAF,Raghuvansh Agrofarms Ltd,RAFL,stock,/stocks/raghuvansh-agrofarms-RAF,INE865P01016
ROO,Roopshri Resorts Ltd,ROOPSHRI,stock,/stocks/roopshri-resorts-ROO,INE03WT01017
RMC,RMC Switchgears Ltd,RMC,stock,/stocks/rmc-switchgears-RMC,INE655V01019
RAD,Radhika Jeweltech Ltd,RADHIKAJWE,stock,/stocks/radhika-jeweltech-RAD,INE583V01021
RAT,Ratnabhumi Developers Ltd,RATNABHUMI,stock,/stocks/ratnabhumi-developers-RAT,INE821Y01011
RON,Roni Households Ltd,RONI,stock,/stocks/roni-households-RON,INE02AP01013
RIDD,Riddhi Corporate Services Ltd,RIDDHICORP,stock,/stocks/riddhi-corporate-services-RIDD,INE325X01015
GFI,Raconteur Global Resources Ltd,RACONTEUR,stock,/stocks/ganesh-films-india-GFI,INE00WY01013
RNB,R & B Denims Ltd,RNBDENIMS,stock,/stocks/randb-denims-RNB,INE012Q01021
REG,Regency Fincorp Ltd,REGENCY,stock,/stocks/regency-investments-REG,INE964R01013
ANI,Race Eco Chain Ltd,RACE,stock,/stocks/anisha-impex-ANI,INE084Q01012
RCL,Radhagobind Commercial Ltd,RCL,stock,/stocks/radhagobind-commercial-RCL,INE792P01020
RDB,RDB Rasayans Ltd,RDBRL,stock,/stocks/rdb-rasayans-RDB,INE123M01017
RGC,Real Growth Corporation Ltd,RGCORP,stock,/stocks/real-growth-commercial-enterprises-RGC,INE836D01013
BHART,Regis Industries Ltd,REGIS,stock,/stocks/bhartia-bachat-BHART,INE745R01024
RAJP,Rajputana Investment & Finance Ltd,RAJPUTANA,stock,/stocks/rajputana-investment-and-finance-RAJP,INE751R01014
RGF,RGF Capital Markets Ltd,RGF,stock,/stocks/r-g-f-capital-markets-RGF,INE684D01025
RTF,Real Touch Finance Ltd,RTFL,stock,/stocks/real-touch-finance--RTF,INE840I01014
RDBR,RDB Infrastructure and Power Ltd,RDBIPL,stock,/stocks/rdb-realty-and-infrastructure-RDBR,INE245L01028
RSD,RSD Finance Ltd,RSDFIN,stock,/stocks/rsd-finance-RSD,INE616F01022
RATH,Rathi Bars Ltd,RATHIBAR,stock,/stocks/rathi-bars-RATH,INE575I01016
RCC,Rajasthan Cylinders and Containers Ltd,RCCL,stock,/stocks/rajasthan-cylinders-and-containers-RCC,INE929D01016
GDT,RRP Semiconductor Ltd,RRP,stock,/stocks/g-d-trading-and-agencies-GDT,INE713N01013
RES,Response Informatics Ltd,RESPONSINF,stock,/stocks/response-informatics-RES,INE401B01010
RITC,Ritco Logistics Ltd,RITCO,stock,/stocks/ritco-logistics-RITC,INE01EG01016
RAIN,Rainbow Foundations Ltd,RAINBOWF,stock,/stocks/rainbow-foundations-RAIN,INE230F01014
ROD,Rodium Realty Ltd,RODIUM,stock,/stocks/rodium-realty-ROD,INE513E01024
RAG,RTCL Ltd,RAGHUTOB,stock,/stocks/rtcl-RAG,INE754B01012
RAU,Raunaq lnternational Ltd,RAUNAQ,stock,/stocks/raunaq-epc-international-RAU,INE523K01012
RTS,Rts Power Corporation Ltd,RTSPOWR,stock,/stocks/rts-power-corporation-RTS,INE005C01017
RFS,Richfield Financial Services Ltd,RFSL,stock,/stocks/richfield-financial-services-RFS,INE201C01012
RIS,Rishabh Digha Steel and Allied Products Ltd,RISHDIGA,stock,/stocks/rishabh-digha-steel-and-allied-products-RIS,INE864D01015
RELIA,Reliable Ventures India Ltd,RELIABVEN,stock,/stocks/reliable-ventures-india-RELIA,INE419H01019
RLF,Ramchandra Leasing and Finance Ltd,RLFL,stock,/stocks/ramchandra-leasing-and-finance-RLF,INE516P01015
RGI,Rotographics (India) Ltd,RGIL,stock,/stocks/rotographics-india-RGI,INE364S01014
RAIDE,Raideep Industries Ltd,RAIDEEPIND,stock,/stocks/raideep-industries-RAIDE,INE923R01019
RIB,Riba Textiles Ltd,RIBATEX,stock,/stocks/riba-textiles-RIB,INE811H01017
RELT,Ravindra Energy Ltd,RELTD,stock,/stocks/ravindra-energy-RELT,INE206N01018
ROY,Royal India Corporation Ltd,ROYALIND,stock,/stocks/royal-india-corporation-ROY,INE510H01015
RAP,RAP Corp Ltd,RAP,stock,/stocks/rap-media-RAP,INE483D01014
ROS,Rose Merc Ltd,ROSEMER,stock,/stocks/rose-merc-ROS,INE649C01012
RRM,RR Metalmakers India Ltd,RRMETAL,stock,/stocks/rr-metalmakers-india-RRM,INE117K01013
RCCE,RCC Cements Ltd,RCCEMEN,stock,/stocks/rcc-cements-RCCE,INE335N01015
RANJ,Ranjit Securities Ltd,RANJITSE,stock,/stocks/ranjit-securities-RANJ,INE863D01017
RLR,RLF Ltd,RLF,stock,/stocks/rlf-RLR,INE629C01014
RRI,RRIL Ltd,RRIL,stock,/stocks/rril-RRI,INE951M01037
RAMR,Ram Ratna Wires Ltd,RAMRAT,stock,/stocks/ram-ratna-wires-RAMR,INE207E01023
RAS,Rasi Electrodes Ltd,RASIELEC,stock,/stocks/rasi-electrodes-RAS,INE822D01021
RADI,Radix Industries (India) Ltd,RADIXIND,stock,/stocks/radix-industries-india-RADI,INE576N01014
SUNE,Refex Renewables & Infrastructure Ltd,REFEXRENEW,stock,/stocks/sunedison-infrastructure-SUNE,INE332F01018
RRF,R R Financial Consultants Ltd,RRFIN,stock,/stocks/r-r-financial-consultants-RRF,INE229D01011
ROT,Roto Pumps Ltd,ROTO,stock,/stocks/roto-pumps-ROT,INE535D01037
ROSE,Roselabs Finance Ltd,ROSELABS,stock,/stocks/roselabs-finance-ROSE,INE475C01012
RJS,R J Shah and Company Ltd,RJSHAH,stock,/stocks/r-j-shah-and-company-RJS,INE712Z01019
RAND,Rander Corp Ltd,RANDER,stock,/stocks/rander-corporation-RAND,INE821D01031
RAYA,Royale Manor Hotels and Industries Ltd,RAYALEMA,stock,/stocks/royale-manor-hotels-and-industries-RAYA,INE008C01011
RUBF,Rubfila International Ltd,RUBFILA,stock,/stocks/rubfila-international-RUBF,INE642C01025
RADHE,Radhe Developers (India) Ltd,RADHEDE,stock,/stocks/radhe-developers-india-RADHE,INE986B01044
REGE,Regent Enterprises Ltd,REGENTRP,stock,/stocks/regent-enterprises-REGE,INE769D01016
EUR,RRP Defense Ltd,EUROASIA,stock,/stocks/euro-asia-exports-EUR,INE535P01015
RAJO,Rajoo Engineers Ltd,RAJOOENG,stock,/stocks/rajoo-engineers-RAJO,INE535F01024
RRS,R R Securities Ltd,RRSECUR,stock,/stocks/r-r-securities-RRS,INE474H01014
REGA,Regal Entertainment and Consultants Ltd,REGAL,stock,/stocks/regal-entertainment-and-consultants-REGA,INE101E01010
ROX,Remedium Lifecare Ltd,REMLIFE,stock,/stocks/roxy-exports-ROX,INE549S01036
REX,Rexnord Electronics and Controls Ltd,REXNORD,stock,/stocks/rexnord-electronics-and-controls-REX,INE687C01012
RISHI,Rishiroop Ltd,RISHIROOP,stock,/stocks/rishiroop-RISHI,INE582D01013
RAA,Raaj Medisafe India Ltd,RAAJMEDI,stock,/stocks/raaj-medisafe-india-RAA,INE548H01015
SHEET,Rajnish Retail Ltd,RRETAIL,stock,/stocks/sheetal-diamonds-SHEET,INE786J01033
RAMI,Raminfo Ltd,RAMINFO,stock,/stocks/ram-info-RAMI,INE357B01022
RAM,Ramsons Projects Ltd,RAMSONS,stock,/stocks/ramsons-projects-RAM,INE609D01014
REV,Revati Media Ltd,REVAMEDIA,stock,/stocks/revati-organics-REV,INE270D01015
ROOP,Roopa Industries Ltd,ROOPAIND,stock,/stocks/roopa-industries-ROOP,INE443C01010
RIDDH,Riddhi Siddhi Gluco Biols Ltd,RIDDHI,stock,/stocks/riddhi-siddhi-gluco-biols-RIDDH,INE249D01019
RUNG,Rungta Irrigation Ltd,RUNGTAIR,stock,/stocks/rungta-irrigation-RUNG,INE347C01013
ROYA,Royal Cushion Vinyl Products Ltd,ROYALCU,stock,/stocks/royal-cushion-vinyl-products-ROYA,INE618A01011
RAJT,Rajasthan Tube Manufacturing Co Ltd,RAJTUBE,stock,/stocks/rajasthan-tube-manufacturing-co-RAJT,INE497E01020
RICH,Rich Universe Network Ltd,RICHUNV,stock,/stocks/rich-universe-network-RICH,INE652D01014
RAJPA,Raj Packaging Industries Ltd,RAJPACK,stock,/stocks/raj-packaging-industries-RAJPA,INE639C01013
RASA,Rasandik Engineering Industries India Ltd,RASANDIK,stock,/stocks/rasandik-engineering-industries-india-RASA,INE682D01011
RISA,Risa International Ltd,RISAINTL,stock,/stocks/risa-international-RISA,INE001O01029
RAL,Ravileela Granites Ltd,RALEGRA,stock,/stocks/ravi-leela-granites-RAL,INE427E01027
RSC,RSC International Ltd,RSCINT,stock,/stocks/rsc-international-RSC,INE015F01019
RAMAS,Ramasigns Industries Ltd,RAMASIGNS,stock,/stocks/ramasigns-industries-RAMAS,INE650D01026
RAGHU,Raghuvir Synthetics Ltd,RAGHUSYN,stock,/stocks/raghuvir-synthetics-RAGHU,INE969C01022
VINTR,Reganto Enterprises Ltd,VINTRON,stock,/stocks/vintron-informatics-VINTR,INE043B01028
REA,Real Eco Energy Ltd,REALECO,stock,/stocks/real-eco-energy-REA,INE055E01034
RAGH,Raghunath International Ltd,RAGHUNAT,stock,/stocks/raghunath-international-RAGH,INE753B01014
RISHY,Rishab Special Yarns Ltd,RISHYRN,stock,/stocks/rishab-special-yarns-RISHY,INE351D01013
RELIT,Relic Technologies Ltd,RELICTEC,stock,/stocks/relic-technologies-RELIT,INE452B01013
RAJI,Rajeswari Infrastructure Ltd,RAJINFRA,stock,/stocks/rajeswari-infrastructure-RAJI,INE016C01014
RAMAP,Raama Paper Mills Ltd,RAMAPPR-B,stock,/stocks/rama-paper-mills-RAMAP,INE425E01013
RISH,Rishi Laser Ltd,RISHILASE,stock,/stocks/rishi-laser-RISH,INE988D01012
RAJG,Rajasthan Securities Ltd,RAJSEC,stock,/stocks/rajasthan-gases-RAJG,INE184D01026
MEHT,Ruparel Food Products Ltd,RFL,stock,/stocks/mehta-housing-finance-MEHT,INE239B01014
RGR,Retro Green Revolution Ltd,RGRL,stock,/stocks/retro-green-revolution-RGR,INE601N01010
AUTOP,RNIT AI Solutions Ltd,RNITAI,stock,/stocks/autopal-industries-AUTOP,INE335Q01026
RESO,Resonance Specialties Ltd,RESONANCE,stock,/stocks/resonance-specialities-RESO,INE486D01017
RAJPL,Rajapalayam Mills Ltd,RAJPALAYAM,stock,/stocks/rajapalayam-mills-RAJPL,INE296E01026
RAPI,Rapid Investments Ltd,RAPIDIN,stock,/stocks/rapid-investments-RAPI,INE154M01012
REST,Restile Ceramics Ltd,RESTILE,stock,/stocks/restile-ceramics-REST,INE298E01022
RAJA,Raja Bahadur International Ltd,RAJABAH,stock,/stocks/raja-bahadur-international-RAJA,INE491N01016
HIMA,RKD Agri & Retail Ltd,RKDAGRRTL,stock,/stocks/himalchuli-food-products-HIMA,INE552N01023
ROL,Rolcon Engineering Company Ltd,ROLCOEN,stock,/stocks/rolcon-engineering-company-ROL,INE775R01013
RAMAH,Rama Phosphates Ltd,RAMAPHO,stock,/stocks/rama-phosphates-RAMAH,INE809A01032
RASR,Ras Resorts and Apart Hotels Ltd,RASRESOR,stock,/stocks/ras-resorts-and-apart-hotels-RASR,INE651D01016
HIMF,Rudra Ecovation Ltd,RUDRAECO,stock,/stocks/himachal-fibres-HIMF,INE723D01021
RATHS,Rathi Steel and Power Ltd,RATHIST,stock,/stocks/rathi-steel-and-power-RATHS,INE336C01016
RIDH,Ridhi Synthetics Ltd,RIDHISYN,stock,/stocks/ridhi-synthetics-RIDH,INE07LK01010
RITE,Ritesh International Ltd,RITESHIN,stock,/stocks/ritesh-international-RITE,INE534D01014
RAMAV,Rama Vision Ltd,RAMAVISION,stock,/stocks/rama-vision-RAMAV,INE763B01013
SURYK,Rajvi Logitrade Ltd,RAJVI,stock,/stocks/suryakrupa-finance-SURYK,INE381N01019
RELC,Reliance Chemotex Industries Ltd,RELCHEMQ,stock,/stocks/reliance-chemotex-industries-RELC,INE750D01016
RISHP,Rishi Techtex Ltd,RISHITECH,stock,/stocks/rishi-techtex-RISHP,INE989D01010
RAJKS,Rajkamal Synthetics Ltd,RAJKSYN,stock,/stocks/rajkamal-synthetics-RAJKS,INE376L01013
REMID,Remi Edelstahl Tubulars Ltd,REMIEDEL,stock,/stocks/remi-edelstahl-tubulars-REMID,INE158G01015
RACL,RACL Geartech Ltd,RACLGEAR,stock,/stocks/racl-geartech-RACL,INE704B01017
RIR,RIR Power Electronics Ltd,RIR,stock,/stocks/ruttonsha-international-rectifier-RIR,INE302D01024
RAPIC,Rapicut Carbides Ltd,RAPICUT,stock,/stocks/rapicut-carbides-RAPIC,INE350D01015
RAV,Ravalgaon Sugar Farm Ltd,RAVALSUGAR,stock,/stocks/ravalgaon-sugar-farm-RAV,INE615A01025
RAMAE,Rama Petrochemicals Ltd,RAMAPETRO,stock,/stocks/rama-petrochemicals-RAMAE,INE783A01013
RASS,Raasi Refractories Ltd,RASSIREF,stock,/stocks/raasi-refractories-RASS,INE858D01017
RVH,Ravinder Heights Ltd,RVHL,stock,/stocks/ravinder-heights-RVH,INE09E501017
BUR,Restaurant Brands Asia Ltd,RBA,stock,/stocks/burger-king-india-BUR,INE07T201019
RAIL,Railtel Corporation of India Ltd,RAILTEL,stock,/stocks/railtel-corporation-of-india-RAIL,INE0DD101019
RFLL,Rita Finance and Leasing Ltd,RFLL,stock,/stocks/rita-finance-and-leasing-RFLL,INE018S01016
RCA,Rajeshwari Cans Ltd,RCAN,stock,/stocks/rajeshwari-cans-RCA,INE0CQ101015
ROLE,Rolex Rings Ltd,ROLEXRINGS,stock,/stocks/rolex-rings-ROLE,INE645S01024
REXPI,Rex Pipes and Cables Industries Ltd,REXPIPES,stock,/stocks/rex-pipes-and-cables-industries-REXPI,INE00D001018
RATE,Rategain Travel Technologies Ltd,RATEGAIN,stock,/stocks/rategain-travel-technologies-RATE,INE0CLI01024
RICHA,RICHA INFO SYSTEMS LIMITED,RICHA,stock,/stocks/richa-info-systems-RICHA,INE0J1P01015
REMU,Remus Pharmaceuticals Ltd,REMUS,stock,/stocks/remus-pharmaceuticals-REMU,INE0O5T01011
RAINB,Rainbow Children's Medicare Ltd,RAINBOW,stock,/stocks/rainbow-childrens-medicare-RAINB,INE961O01016
REXS,Rex Sealing & Packing Industries Ltd,REXSEAL,stock,/stocks/rex-sealing-and-packing-industries-REXS,INE0MFT01014
RIL,Rachana Infrastructure Ltd,RILINFRA,stock,/stocks/rachana-infrastructure-RIL,INE02OY01016
RBM,RBM Infracon Ltd,RBMINFRA,stock,/stocks/rbm-infracon-RBM,INE0NA301016
RHL,Robust Hotels Ltd,RHL,stock,/stocks/robust-hotels-RHL,INE508K01013
RETI,Retina Paints Ltd,RETINA,stock,/stocks/retina-paints-RETI,INE0NTC01019
REE,Reetech International Ltd,REETECH,stock,/stocks/reetech-international-cargo-and-courier-REE,INE0MKO01015
RHE,Rhetan TMT Ltd,RHETAN,stock,/stocks/rhetan-tmt-RHE,INE0KKN01029
RADIA,Radiant Cash Management Services Ltd,RADIANTCMS,stock,/stocks/radiant-cash-management-services-RADIA,INE855R01021
RITEZ,Rite Zone Chemcon India Ltd,RITEZONE,stock,/stocks/rite-zone-chemcon-india-RITEZ,INE0MRA01019
REDT,RedTape,REDTAPE,stock,/stocks/redtape-REDT,INE0LXT01019
RESG,ResGen Ltd,RESGEN,stock,/stocks/resgen-RESG,INE0NYN01016
RATNA,Ratnaveer Precision Engineering Ltd,RATNAVEER,stock,/stocks/ratnaveer-precision-engineering-RATNA,INE05CZ01011
RRK,R R Kabel Ltd,RRKABEL,stock,/stocks/r-r-kabel-RRK,INE777K01022
RISHA,Rishabh Instruments Ltd,RISHABH,stock,/stocks/rishabh-instruments-RISHA,INE0N2P01017
ROYAL,Royal Sense Ltd,ROYAL,stock,/stocks/royal-sense-ROYAL,INE0QQG01019
RBZ,RBZ Jewellers Ltd,RBZJEWEL,stock,/stocks/rbz-jewellers-RBZ,INE0PEQ01016
RBS,Ramdevbaba Solvent Ltd,RBS,stock,/stocks/ramdevbaba-solvent-RBS,INE0RJH01010
RCD,Rajgor Castor Derivatives Ltd,RCDL,stock,/stocks/rajgor-castor-derivatives-RCD,INE0BZQ01011
REFR,Refractory Shapes Ltd,REFRACTORY,stock,/stocks/refractory-shapes-REFR,INE0TNX01015
ROXH,Rox Hi-Tech Ltd,ROXHITECH,stock,/stocks/rox-hi-tech-ROXH,INE0PDJ01013
RUDR,Rudra Gas Enterprise Ltd,RUDRAGAS,stock,/stocks/rudra-gas-enterprise-RUDR,INE0OYK01010
RADIO,Radiowalla Network Ltd,RADIOWALLA,stock,/stocks/radiowalla-network-RADIO,INE430U01019
RPT,Rashi Peripherals Ltd,RPTECH,stock,/stocks/rashi-peripherals-RPT,INE0J1F01024
RKS,R K Swamy Ltd,RKSWAMY,stock,/stocks/r-k-swamy-RKS,INE0NQ801033
ROCK,Rockingdeals Circular Economy Ltd,ROCKINGDCE,stock,/stocks/rockingdeals-circular-economy-ROCK,INE0PTR01012
RUL,Rulka Electricals Ltd,RULKA,stock,/stocks/rulka-electricals-RUL,INE0R7301013
RNF,RNFI Services Ltd,RNFI,stock,/stocks/rnfi-services-RNF,INE0SA001017
RAJIN,Rajputana Industries Ltd,RAJINDLTD,stock,/stocks/rajputana-industries-RAJIN,INE0PCU01012
RAR,Resourceful Automobile Ltd,RAL,stock,/stocks/resourceful-automobile-RAR,INE0SK201011
RAPP,Rappid Valves (India) Ltd,RAPPID,stock,/stocks/rappid-valves-india-RAPP,INE0MVO01012
RAYM,Raymond Lifestyle Ltd,RAYMONDLSL,stock,/stocks/raymond-lifestyle-RAYM,INE02ID01020
REVAT,Revathi Equipment India ltd,RVTH,stock,/stocks/revathi-equipment-india-REVAT,INE0DAB01012
ROSST,Rossell Techsys Ltd,ROSSTECH,stock,/stocks/rossell-techsys-ROSST,INE0OJW01016
RAJE,Rajesh Power Services Ltd,RAJESH,stock,/stocks/rajesh-power-services-RAJE,INE0VN801010
RAPID,Rapid Multimodal Logistics Ltd,RAPID,stock,/stocks/rapid-multimodal-logistics-RAPID,INE0QA901010
RAJPU,Rajputana Biodiesel Ltd,RAJPUTANA,stock,/stocks/rajputana-biodiesel-RAJPU,INE0VHU01019
RIK,Rikhav Securities Ltd,RIKHAV,stock,/stocks/rikhav-securities-RIK,INE0CFH01028
REXPR,Rexpro Enterprises Ltd,REXPRO,stock,/stocks/rexpro-enterprises-REXPR,INE113601012
RRE,RDB Real Estate Constructions Ltd,RRECL,stock,/stocks/rdb-real-estate-construction-RRE,INE0AK901016
READ,Readymix Construction Machinery Ltd,READYMIX,stock,/stocks/readymix-construction-machinery-READ,INE10QL01011
ROYAA,Royal Arc Electrodes Ltd,ROYALARC,stock,/stocks/royal-arc-electrodes-ROYAA,INE0EO401019
ROA,Roadstar Infra Investment Trust,ROADSTAR,stock,/stocks/roadstar-infra-investment-trust-ROA,INE0JEI23010
RAPIF,Rapid Fleet Management Services Ltd,RAPIDFLEET,stock,/stocks/rapid-fleet-management-services-RAPIF,INE0QX901013
RETAG,Retaggio Industries Ltd,RETAGGIO,stock,/stocks/retaggio-industries-RETAG,INE0KWJ01014
RAYMO,Raymond Realty Ltd,RAYMONDREL,stock,/stocks/raymond-realty-RAYMO,INE1SY401010
RTR,Rama Telecom Ltd,RTL,stock,/stocks/rama-telecom-RTR,INE14W901010
REP,Repono Ltd,REPONO,stock,/stocks/repono-REP,INE15WN01014
RNP,Renol Polychem Ltd,RNPL,stock,/stocks/renol-polychem-RNP,INE0VZX01015
REGAA,Regaal Resources Ltd,REGAAL,stock,/stocks/regaal-resources-REGAA,INE0MHO01029
RACH,Rachit Prints Ltd,RACHIT,stock,/stocks/rachit-prints-RACH,INE0ZN101029
RDG,Rukmani Devi Garg Agro Impex Ltd,RDGAIL,stock,/stocks/rukmani-devi-garg-agro-impex-RDG,INE0S5T01017
RUBI,Rubicon Research Ltd,RUBICON,stock,/stocks/rubicon-research-RUBI,INE506V01022
ROCKP,Rockingdeals Circular Economy Ltd Partly Paidup,ROCKPP,stock,/stocks/rockingdeals-circular-economy-partly-paidup-ROCKP,IN90PTR01010
RAVE,Ravelcare Ltd,RAVEL,stock,/stocks/ravelcare-RAVE,INE0W4D01018
RDE,Riddhi Display Equipments Ltd,RDEL,stock,/stocks/riddhi-display-equipments-RDE,INE1DKT01011
SBGT,SBI Nifty 10 yr Benchmark G-Sec ETF,SETF10GILT,etf,/etfs/sbi-10-year-gilt-etf-SBGT,INF200KA1JT1
SBIN,SBI Nifty Next 50 ETF,SETFNN50,etf,/etfs/sbi-nifty-next-50-etf-SBIN,INF200KA1598
SIET,SBI Nifty 200 Quality 30 ETF,SBIETFQLTY,etf,/etfs/sbi-nifty-200-quality-30-etf-SIET,INF200KA1WX6
SBIG,SBI Gold ETF,SETFGOLD,etf,/etfs/sbi-gold-etf-SBIG,INF200KA16D8
SBFP,SBI Nifty 50 ETF,SETFNIF50,etf,/etfs/sbi-nifty-50-etf-SBFP,INF200KA1FS1
SBIF,SBI Nifty Bank ETF,SETFNIFBK,etf,/etfs/sbi-nifty-bank-etf-SBIF,INF200KA1580
SET,SBI BSE Sensex Next 50 ETF,SETFSN50,etf,/etfs/sbi-sensex-next-50-etf-SET,INF200KA1VQ2
SETF,SBI BSE 100 ETF,SETFBSE100,etf,/etfs/sbi-bse-100-etf-SETF,INF200KA1572
SBIS,SBI BSE Sensex ETF,SBISENSEX,etf,/etfs/sbi-sensex-30-etf-SBIS,INF200K01VT2
SBIE,SBI Nifty Private Bank ETF,SBIETFPB,etf,/etfs/sbi-etf-bank-SBIE,INF200KA1S22
SBIET,SBI Nifty IT ETF,SBIETFIT,etf,/etfs/sbi-etf-it-SBIET,INF200KA1S14
SBIEF,SBI Nifty Consumption ETF,SBIETFCON,etf,/etfs/sbi-etf-consumption-SBIEF,INF200KA1X17
LIQU,SBI Nifty 1D Rate Liquid ETF - IDCW,LIQUIDSBI,etf,/etfs/sbi-nifty-1d-rate-etf-LIQU,INF200KA13Z8
LIQUS,Shriram Nifty 1D Rate Liquid ETF,LIQUIDSHRI,etf,/etfs/shriram-nifty-1d-rate-liquid-etf-LIQUS,INF680P01422
SBISI,SBI Silver ETF,SBISILVER,etf,/etfs/sbi-silver-etf-SBISI,INF200KB1217
SBINE,SBI Nifty50 Equal Weight ETF,SBINEQWETF,etf,/etfs/sbi-nifty50-equal-weight-etf-SBINE,INF200KB1282
SBIB,SBI BSE PSU BANK ETF,SBIBPB,etf,/etfs/sbi-bse-psu-bank-etf-SBIB,INF200KB1712
SBILI,SBI NIFTY 1D Rate Liquid ETF - Growth,SBILIQETF,etf,/etfs/sbi-nifty-1d-rate-liquid-etf-SBILI,INF200KB1969
8KMS,Securekloud Technologies Ltd,SECURKLOUD,stock,/stocks/8k-miles-software-services-8KMS,INE650K01021
AGRO,Sundrop Brands Ltd,SUNDROP,stock,/stocks/agro-tech-foods-AGRO,INE209A01019
GYSC,Shah Metacorp Ltd,SHAH,stock,/stocks/gyscoal-alloys-GYSC,INE482J01021
CLAC,Sudarshan Colorants India Ltd,HEUBACHIND,stock,/stocks/clariant-chemicals-india-CLAC,INE492A01029
INBF,Sammaan Capital Ltd,SAMMAANCAP,stock,/stocks/indiabulls-housing-finance-INBF,INE148I01020
SRIS,Sri Havisha Hospitality and Infrastructure Ltd,HAVISHA,stock,/stocks/sri-havisha-hospitality-and-infrastructure-SRIS,INE293B01029
INEO,Styrenix Performance Materials Ltd,STYRENIX,stock,/stocks/ineos-styrolution-india-INEO,INE189B01011
MOSS,Samvardhana Motherson International Ltd,MOTHERSON,stock,/stocks/motherson-sumi-systems-MOSS,INE775A01035
NELH,Satchmo Holdings Ltd,SATCH,stock,/stocks/nel-holdings-NELH,INE639K01016
SHSE,ShreeOswal Seeds and Chemicals Ltd,OSWALSEEDS,stock,/stocks/shreeoswal-seeds-and-chemicals-SHSE,INE00IK01029
SADE,Sadbhav Engineering Ltd,SADBHAV,stock,/stocks/sadbhav-engineering-SADE,INE226H01026
SNTL,Sandhar Technologies Ltd,SANDHAR,stock,/stocks/sandhar-technologies-SNTL,INE278H01035
SNGM,Sanghvi Movers Ltd,SANGHVIMOV,stock,/stocks/sanghvi-movers-SNGM,INE989A01032
SEQU,SeQuent Scientific Ltd,SEQUENT,stock,/stocks/sequent-scientific-SEQU,INE807F01027
SETU,Setubandhan Infrastructure Ltd,SETUINFRA,stock,/stocks/setubandhan-infrastructure-SETU,INE023M01027
SEYA,Seya Industries Ltd,SEYAIND,stock,/stocks/seya-industries-SEYA,INE573R01012
SHAB,Shankara Building Products Ltd,SHANKARA,stock,/stocks/shankara-building-products-SHAB,INE274V01019
SHRM,Shree Rama Multi-Tech Ltd,SHREERAMA,stock,/stocks/shree-rama-multi-tech-SHRM,INE879A01019
REVA,Semac Construction Ltd,SEMAC,stock,/stocks/revathi-equipment-REVA,INE617A01013
SAKA,Sakar Healthcare Ltd,SAKAR,stock,/stocks/sakar-healthcare-SAKA,INE732S01012
SANO,Sanofi India Ltd,SANOFI,stock,/stocks/sanofi-india-SANO,INE058A01010
SEPW,Sampann Utpadan India Ltd,SAMPANN,stock,/stocks/se-power-SEPW,INE735M01018
SHPU,Shakti Pumps (India) Ltd,SHAKTIPUMP,stock,/stocks/shakti-pumps-india-SHPU,INE908D01010
SHLP,Shalimar Paints Ltd,SHALPAINTS,stock,/stocks/shalimar-paints-SHLP,INE849C01026
SIGN,Signet Industries Ltd,SIGIND,stock,/stocks/signet-industries-SIGN,INE529F01035
SILT,Silver Touch Technologies Ltd,SILVERTUC,stock,/stocks/silver-touch-technologies-SILT,INE625X01018
RELV,Swan Defence and Heavy Industries Ltd,SWANDEF,stock,/stocks/swan-defence-and-heavy-industries-ltd-RELV,INE542F01020
SAGP,Sagardeep Alloys Ltd,SAGARDEEP,stock,/stocks/sagardeep-alloys-SAGP,INE976T01013
SNWR,Sanwaria Consumer Ltd,SANWARIA,stock,/stocks/sanwaria-consumer-SNWR,INE890C01046
SARE,Saregama India Ltd,SAREGAMA,stock,/stocks/saregama-india-SARE,INE979A01025
SEIN,Schneider Electric Infrastructure Ltd,SCHNEIDER,stock,/stocks/schneider-electric-infrastructure-SEIN,INE839M01018
SBTV,Sri Adhikari Brothers Television Network Ltd,SABTNL,stock,/stocks/sri-adhikari-brothers-television-network-SBTV,INE416A01044
SRES,Shree Renuka Sugars Ltd,RENUKA,stock,/stocks/shree-renuka-sugars-SRES,INE087H01022
SALS,SAL Steel Ltd,SALSTEEL,stock,/stocks/s-a-l-steel-SALS,INE658G01014
SKCT,Sasken Technologies Ltd,SASKEN,stock,/stocks/sasken-technologies-SKCT,INE231F01020
SATD,Satia Industries Ltd,SATIA,stock,/stocks/satia-industries-SATD,INE170E01023
SBI,State Bank of India,SBIN,stock,/stocks/state-bank-of-india-SBI,INE062A01020
SHCR,Sharda Cropchem Ltd,SHARDACROP,stock,/stocks/sharda-cropchem-SHCR,INE221J01015
SIEM,Siemens Ltd,SIEMENS,stock,/stocks/siemens-SIEM,INE003A01024
SMAT,Smartlink Holdings Ltd,SMARTLINK,stock,/stocks/smartlink-holdings-SMAT,INE178C01020
SPML,SPML Infra Ltd,SPMLINFRA,stock,/stocks/spml-infra-SPML,INE937A01023
STTE,Sterlite Technologies Ltd,STLTECH,stock,/stocks/sterlite-technologies-STTE,INE089C01029
SANG,Sangam (India) Ltd,SANGAMIND,stock,/stocks/sangam-india-SANG,INE495C01010
SALR,Salasar Exteriors & Contour Ltd,SECL,stock,/stocks/salasar-exteriors-and-contour-SALR,INE00Y701026
SHEM,Shemaroo Entertainment Ltd,SHEMAROO,stock,/stocks/shemaroo-entertainment-SHEM,INE363M01019
SHMT,Shyam Telecom Ltd,SHYAMTEL,stock,/stocks/shyam-telecom-SHMT,INE635A01023
SINE,Sintercom India Ltd,SINTERCOM,stock,/stocks/sintercom-india-SINE,INE129Z01016
SIYR,Siyaram Silk Mills Ltd,SIYSIL,stock,/stocks/siyaram-silk-mills-SIYR,INE076B01028
SJVN,SJVN Ltd,SJVN,stock,/stocks/sjvn-SJVN,INE002L01015
SNOW,Snowman Logistics Ltd,SNOWMAN,stock,/stocks/snowman-logistics-SNOW,INE734N01019
SPAD,Spandana Sphoorty Financial Ltd,SPANDANA,stock,/stocks/spandana-sphoorty-financial-SPAD,INE572J01011
SAIL,Steel Authority of India Ltd,SAIL,stock,/stocks/steel-authority-of-india-SAIL,INE114A01011
SKFN,Sakthi Finance Ltd,SAKTHIFIN,stock,/stocks/sakthi-finance-SKFN,INE302E01014
SNDH,Sandesh Ltd,SANDESH,stock,/stocks/sandesh-SNDH,INE583B01015
SHME,Shilpa Medicare Ltd,SHILPAMED,stock,/stocks/shilpa-medicare-SHME,INE790G01031
SHVU,Shiv Aum Steels Ltd,SHIVAUM,stock,/stocks/shiv-aum-steels-SHVU,INE719F01016
SRDC,Shree Digvijay Cement Co Ltd,SHREDIGCEM,stock,/stocks/shree-digvijay-cement-co-SRDC,INE232A01011
SPCH,Shree Pushkar Chemicals & Fertilisers Ltd,SHREEPUSHK,stock,/stocks/shree-pushkar-chemicals-and-fertilisers-SPCH,INE712K01011
SMBH,Sambhaav Media Ltd,SAMBHAAV,stock,/stocks/sambhaav-media-SMBH,INE699B01027
SELM,Sel Manufacturing Company Ltd,SELMC,stock,/stocks/sel-manufacturing-company-SELM,INE105I01020
SHAY,Shalby Ltd,SHALBY,stock,/stocks/shalby-SHAY,INE597J01018
STDI,Standard Industries Ltd,SIL,stock,/stocks/standard-industries-STDI,INE173A01025
SIMB,Simbhaoli Sugars Ltd,SIMBHALS,stock,/stocks/simbhaoli-sugars-SIMB,INE748T01016
SABV,Sab Events & Governance Now Media Ltd,SABEVENTS,stock,/stocks/sab-events-and-governance-now-media-SABV,INE860T01019
SADB,Sadbhav Infrastructure Projects Ltd,SADBHIN,stock,/stocks/sadbhav-infrastructure-projects-SADB,INE764L01010
SALI,Salora International Ltd,SALORAINTL,stock,/stocks/salora-international-SALI,INE924A01013
SNGN,Sanginita Chemicals Ltd,SANGINITA,stock,/stocks/sanginita-chemicals-SNGN,INE753W01010
SARL,Sarla Performance Fibers Ltd,SARLAPOLY,stock,/stocks/sarla-performance-fibers-SARL,INE453D01025
SRNP,Shree Rama Newsprint Ltd,RAMANEWS,stock,/stocks/shree-rama-newsprint-SRNP,INE278B01020
SNGI,Sanghi Industries Ltd,SANGHIIND,stock,/stocks/sanghi-industries-SNGI,INE999B01013
SCHE,Schaeffler India Ltd,SCHAEFFLER,stock,/stocks/schaeffler-india-SCHE,INE513A01022
SCI,Shipping Corporation of India Ltd,SCI,stock,/stocks/shipping-corporation-of-india-SCI,INE109A01011
SHIE,Shriram Pistons & Rings Ltd,SHRIPISTON,stock,/stocks/shriram-pistons-and-rings-SHIE,INE526E01018
SLVR,Silverline Technologies Ltd,SILVERLINE,stock,/stocks/silverline-technologies-SLVR,INE368A01021
SOLA,Solara Active Pharma Sciences Ltd,SOLARA,stock,/stocks/solara-active-pharma-sciences-SOLA,INE624Z01016
SACE,Spacenet Enterprises India Ltd,SPCENET,stock,/stocks/spacenet-enterprises-india-SACE,INE970N01027
SAKE,Sakuma Exports Ltd,SAKUMA,stock,/stocks/sakuma-exports-SAKE,INE190H01024
SALZ,Salzer Electronics Ltd,SALZERELEC,stock,/stocks/salzer-electronics-SALZ,INE457F01013
SRVE,Sarveshwar Foods Ltd,SARVESHWAR,stock,/stocks/sarveshwar-foods-SRVE,INE324X01026
STLG,STL Global Ltd,SGL,stock,/stocks/stl-global-STLG,INE353H01010
SNTI,Shanti Overseas (India) Ltd,SHANTI,stock,/stocks/shanti-overseas-india-SNTI,INE933X01016
SHNT,Shanthi Gears Ltd,SHANTIGEAR,stock,/stocks/shanthi-gears-SHNT,INE631A01022
SHAU,Shivam Autotech Ltd,SHIVAMAUTO,stock,/stocks/shivam-autotech-SHAU,INE637H01024
SIKK,Sikko Industries Ltd,SIKKO,stock,/stocks/sikko-industries-SIKK,INE112X01025
SINF,Simplex Infrastructures Ltd,SIMPLEXINF,stock,/stocks/simplex-infrastructures-SINF,INE059B01024
SRSW,Shri Ram Switchgears Ltd,SRIRAM,stock,/stocks/shri-ram-switchgears-SRSW,INE634W01012
SBIL,SBI Life Insurance Company Ltd,SBILIFE,stock,/stocks/sbi-life-insurance-company-SBIL,INE123W01016
SERO,Servotech Renewable Power System Ltd,SERVOTECH,stock,/stocks/servotech-power-systems-SERO,INE782X01033
SHEF,Sheela Foam Ltd,SFL,stock,/stocks/sheela-foam-SHEF,INE916U01025
SHUL,Shubhlaxmi Jewel Art Ltd,SHUBHLAXMI,stock,/stocks/shubhlaxmi-jewel-art-SHUL,INE01Z401013
SLIN,Solar Industries India Ltd,SOLARINDS,stock,/stocks/solar-industries-india-SLIN,INE343H01029
SOMA,Soma Textiles & Industries Ltd,SOMATEX,stock,/stocks/soma-textiles-and-industries-SOMA,INE314C01013
SKSG,Sakthi Sugars Ltd,SAKHTISUG,stock,/stocks/sakthi-sugars-SKSG,INE623A01011
SAKS,Saksoft Ltd,SAKSOFT,stock,/stocks/saksoft-SAKS,INE667G01023
SATR,Satin Creditcare Network Ltd,SATIN,stock,/stocks/satin-creditcare-network-SATR,INE836B01017
SECC,SecUR Credentials Ltd,SECURCRED,stock,/stocks/secur-credentials-SECC,INE195Y01010
SSHA,Seshasayee Paper and Boards Ltd,SESHAPAPER,stock,/stocks/seshasayee-paper-and-boards-SSHA,INE630A01024
SETC,Setco Automotive Ltd,SETCO,stock,/stocks/setco-automotive-SETC,INE878E01021
SAIV,Shaival Reality Ltd,SHAIVAL,stock,/stocks/shaival-reality-SAIV,INE262S01010
SSPW,S & S Power Switchgear Ltd,S&SPOWER,stock,/stocks/s-and-s-power-switchgear-SSPW,INE902B01017
SCHA,S Chand and Company Ltd,SCHAND,stock,/stocks/s-chand-and-company-SCHA,INE807K01035
SDB,Som Distilleries and Breweries Ltd,SDBL,stock,/stocks/som-distilleries-and-breweries-SDB,INE480C01038
SEZA,Sejal Glass Ltd,SEJALLTD,stock,/stocks/sejal-glass-SEZA,INE955I01044
SHTE,Shiva Texyarn Ltd,SHIVATEX,stock,/stocks/shiva-texyarn-SHTE,INE705C01020
SECR,SIS Ltd,SIS,stock,/stocks/security-and-intelligence-services-india-SECR,INE285J01028
SAFA,Safari Industries (India) Ltd,SAFARI,stock,/stocks/safari-industries-india-SAFA,INE429E01023
SAEM,Sarda Energy & Minerals Ltd,SARDAEN,stock,/stocks/sarda-energy-and-minerals-SAEM,INE385C01021
SAOL,Savita Oil Technologies Ltd,SOTL,stock,/stocks/savita-oil-technologies-SAOL,INE035D01020
SPEN,Spencer's Retail Ltd,SPENCERS,stock,/stocks/spencers-retail-SPEN,INE020801028
SGRC,Sagar Cements Ltd,SAGCEM,stock,/stocks/sagar-cements-SGRC,INE229C01021
SALA,Salasar Techno Engineering Ltd,SALASAR,stock,/stocks/salasar-techno-engineering-SALA,INE170V01027
SAST,Sastasundar Ventures Ltd,SASTASUNDR,stock,/stocks/sastasundar-ventures-SAST,INE019J01013
SHAA,Shah Alloys Ltd,SHAHALLOYS,stock,/stocks/shah-alloys-SHAA,INE640C01011
SHAD,Sharda Motor Industries Ltd,SHARDAMOTR,stock,/stocks/sharda-motor-industries-SHAD,INE597I01028
SPRC,Sun Pharma Advanced Research Co Ltd,SPARC,stock,/stocks/sun-pharma-advanced-research-co-SPRC,INE232I01014
SUTI,Sutlej Textiles and Industries Ltd,SUTLEJTEX,stock,/stocks/sutlej-textiles-and-industries-SUTI,INE645H01027
SUPM,Supreme (India) Impex Ltd,SIIL,stock,/stocks/supreme-india-impex-SUPM,INE971P01012
SILL,Silly Monks Entertainment Ltd,SILLYMONKS,stock,/stocks/silly-monks-entertainment-SILL,INE203Y01012
SICR,Sirca Paints India Ltd,SIRCA,stock,/stocks/sirca-paints-india-SICR,INE792Z01011
SITI,Siti Networks Ltd,SITINET,stock,/stocks/siti-networks-SITI,INE965H01011
SOCE,Somany Ceramics Ltd,SOMANYCERA,stock,/stocks/somany-ceramics-SOCE,INE355A01028
SOMI,Somi Conveyor Beltings Ltd,SOMICONVEY,stock,/stocks/somi-conveyor-beltings-SOMI,INE323J01019
SOFT,Sonata Software Ltd,SONATSOFTW,stock,/stocks/sonata-software-SOFT,INE269A01021
SIBK,South Indian Bank Ltd,SOUTHBANK,stock,/stocks/south-indian-bank-SIBK,INE683A01023
STWH,Steel Strips Wheels Ltd,SSWL,stock,/stocks/steel-strips-wheels-STWH,INE802C01033
SUMH,Sumitomo Chemical India Ltd,SUMICHEM,stock,/stocks/sumitomo-chemical-india-SUMH,INE258G01013
SPRH,Super House Ltd,SUPERHOUSE,stock,/stocks/super-house-SPRH,INE712B01010
SREE,Sreeleathers Ltd,SREEL,stock,/stocks/sreeleathers-SREE,INE099F01013
STTL,Sterling Tools Ltd,STERTOOLS,stock,/stocks/sterling-tools-STTL,INE334A01023
SNFN,Sundaram Finance Ltd,SUNDARMFIN,stock,/stocks/sundaram-finance-SNFN,INE660A01013
SURR,Surya Roshni Ltd,SURYAROSNI,stock,/stocks/surya-roshni-SURR,INE335A01020
SWAR,Swaraj Engines Ltd,SWARAJENG,stock,/stocks/swaraj-engines-SWAR,INE277A01016
SKIL,Skil Infrastructure Ltd,SKIL,stock,/stocks/skil-infrastructure-SKIL,INE429F01012
STEL,STEL Holdings Ltd,STEL,stock,/stocks/stel-holdings-STEL,INE577L01016
SUPG,Supreme Engineering Ltd,SUPREMEENG,stock,/stocks/supreme-engineering-SUPG,INE319Z01021
SUVP,Suven Life Sciences Ltd,SUVEN,stock,/stocks/suven-life-sciences-SUVP,INE495B01038
SWAN,Swan Corp Ltd,SWANCORP,stock,/stocks/swan-energy-SWAN,INE665A01038
SPJT,Spicejet Ltd,SPICEJET,stock,/stocks/spicejet-SPJT,INE285B01017
SUMM,Summit Securities Ltd,SUMMITSEC,stock,/stocks/summit-securities-SUMM,INE519C01017
SIIL,Supreme Infrastructure India Ltd,SUPREMEINF,stock,/stocks/supreme-infrastructure-india-SIIL,INE550H01011
SYMP,Symphony Ltd,SYMPHONY,stock,/stocks/symphony-SYMP,INE225D01027
SICI,Sicagen India Ltd,SICAGEN,stock,/stocks/sicagen-india-SICI,INE176J01011
SMSP,SMS Pharmaceuticals Ltd,SMSPHARMA,stock,/stocks/sms-pharmaceuticals-SMSP,INE812G01025
SRID,Strides Pharma Science Ltd,STAR,stock,/stocks/strides-pharma-science-SRID,INE939A01011
SUBX,Subex Ltd,SUBEXLTD,stock,/stocks/subex-SUBX,INE754A01055
SUMP,Sundaram Multi Pap Ltd,SUNDARAM,stock,/stocks/sundaram-multi-pap-SUMP,INE108E01023
SUN,Sun Pharmaceutical Industries Ltd,SUNPHARMA,stock,/stocks/sun-pharmaceutical-industries-SUN,INE044A01036
SUPI,Supreme Industries Ltd,SUPREMEIND,stock,/stocks/supreme-industries-SUPI,INE195A01028
STEN,Sterling and Wilson Renewable Energy Ltd,SWSOLAR,stock,/stocks/sterling-and-wilson-solar-STEN,INE00M201021
SYNN,Syngene International Ltd,SYNGENE,stock,/stocks/syngene-international-SYNN,INE398R01022
SALO,Salona Cotspin Ltd,SALONA,stock,/stocks/salona-cotspin-SALO,INE498E01010
SANR,Sanco Industries Ltd,SANCO,stock,/stocks/sanco-industries-SANR,INE782L01012
SBIC,SBI Cards and Payment Services Ltd,SBICARD,stock,/stocks/sbi-cards-and-payment-services-SBIC,INE018E01016
SEAM,Seamec Ltd,SEAMECLTD,stock,/stocks/seamec-SEAM,INE497B01018
SCAC,Share India Securities Ltd,SHAREINDIA,stock,/stocks/share-india-securities-SCAC,INE932X01026
SHKE,S H Kelkar and Company Ltd,SHK,stock,/stocks/s-h-kelkar-and-company-SHKE,INE500L01026
SKST,SKS Textiles Ltd,SKSTEXTILE,stock,/stocks/s-k-s-textiles-SKST,INE507Y01016
SRTR,Shriram Finance Ltd,SHRIRAMFIN,stock,/stocks/shriram-transport-finance-company-SRTR,INE721A01047
SBKL,Sundaram Brake Linings Ltd,SUNDRMBRAK,stock,/stocks/sundaram-brake-linings-SBKL,INE073D01013
SPTL,Supreme Petrochem Ltd,SPLPETRO,stock,/stocks/supreme-petrochem-SPTL,INE663A01033
SUAN,Surani Steel Tubes Ltd,SURANI,stock,/stocks/surani-steel-tubes-SUAN,INE01ZJ01015
SUZL,Suzlon Energy Ltd,SUZLON,stock,/stocks/suzlon-energy-SUZL,INE040H01021
SHRR,Shreeram Proteins Ltd,SRPL,stock,/stocks/shreeram-proteins-SHRR,INE008Z01020
SUNT,Sunteck Realty Ltd,SUNTECK,stock,/stocks/sunteck-realty-SUNT,INE805D01034
SWEL,Swelect Energy Systems Ltd,SWELECTES,stock,/stocks/swelect-energy-systems-SWEL,INE409B01013
SNFS,Sundram Fasteners Ltd,SUNDRMFAST,stock,/stocks/sundram-fasteners-SNFS,INE387A01021
SUUM,Suumaya Industries Ltd,SUULD,stock,/stocks/suumaya-lifestyle-SUUM,INE591Q01016
SHOP,Shoppers Stop Ltd,SHOPERSTOP,stock,/stocks/shoppers-stop-SHOP,INE498B01024
SHDH,Shradha Infraprojects Ltd,SHRADHA,stock,/stocks/shradha-infraprojects-SHDH,INE715Y01031
SHRY,Shreyans Industries Ltd,SHREYANIND,stock,/stocks/shreyans-industries-SHRY,INE231C01019
SHRI,SEPC Ltd,SEPC,stock,/stocks/shriram-epc-SHRI,INE964H01014
SICA,Sical Logistics Ltd,SICALLOG,stock,/stocks/sical-logistics-SICA,INE075B01020
SKIP,Skipper Ltd,SKIPPER,stock,/stocks/skipper-SKIP,INE439E01022
SMVD,SMVD Poly Pack Ltd,SMVD,stock,/stocks/smvd-poly-pack-SMVD,INE702Y01013
SOTF,SoftTech Engineers Ltd,SOFTTECH,stock,/stocks/softtech-engineers-SOTF,INE728Z01015
SWPI,South West Pinnacle Exploration Ltd,SOUTHWEST,stock,/stocks/south-west-pinnacle-exploration-SWPI,INE980Y01015
SPET,Spectrum Electrical Industries Ltd,SPECTRUM,stock,/stocks/spectrum-electrical-industries-SPET,INE01EO01010
STCI,State Trading Corporation of India Ltd,STCINDIA,stock,/stocks/state-trading-corporation-of-india-STCI,INE655A01013
STEI,Steel Exchange India Ltd,STEELXIND,stock,/stocks/steel-exchange-india-STEI,INE503B01021
SUTV,Sun Tv Network Ltd,SUNTV,stock,/stocks/sun-tv-network-SUTV,INE424H01027
SURN,Surana Solar Ltd,SURANASOL,stock,/stocks/surana-solar-SURN,INE272L01022
SHRK,Shrenik Ltd,SHRENIK,stock,/stocks/shrenik-SHRK,INE632X01030
SILI,Sil Investments Ltd,SILINV,stock,/stocks/sil-investments-SILI,INE923A01015
SKFB,SKF India Ltd,SKFINDIA,stock,/stocks/skf-india-SKFB,INE640A01023
SOBH,Sobha Ltd,SOBHA,stock,/stocks/sobha-SOBH,INE671H01015
SPAP,S.P.Apparels Ltd,SPAL,stock,/stocks/s-p-apparels-SPAP,INE212I01016
SPIC,Southern Petrochemical Industries Corporation Ltd,SPIC,stock,/stocks/southern-petrochemical-industries-corporation-SPIC,INE147A01011
SRHL,Sree Rayalaseema Hi-Strength Hypo Ltd,SRHHYPOLTD,stock,/stocks/sree-rayalaseema-hi-strength-hypo-SRHL,INE917H01012
SUBR,Subros Ltd,SUBROS,stock,/stocks/subros-SUBR,INE287B01021
SDCH,Sudarshan Chemical Industries Ltd,SUDARSCHEM,stock,/stocks/sudarshan-chemical-industries-SDCH,INE659A01023
SUMW,Sumit Woods Ltd,SUMIT,stock,/stocks/sumit-woods-SUMW,INE748Z01013
SLCM,Surya Lakshmi Cotton Mills Ltd,SURYALAXMI,stock,/stocks/surya-lakshmi-cotton-mills-SLCM,INE713B01026
SVAM,Shiva Mills Ltd,SHIVAMILLS,stock,/stocks/shiva-mills-SVAM,INE644Y01017
SHCM,Shree Cement Ltd,SHREECEM,stock,/stocks/shree-cement-SHCM,INE070A01015
SILG,Silgo Retail Ltd,SILGO,stock,/stocks/silgo-retail-SILG,INE01II01013
SPRE,Speciality Restaurants Ltd,SPECIALITY,stock,/stocks/speciality-restaurants-SPRE,INE247M01014
SRFL,SRF Ltd,SRF,stock,/stocks/srf-SRFL,INE647A01010
SKME,SKM Egg Products Export India Ltd,SKMEGGPROD,stock,/stocks/skm-egg-products-export-india-SKME,INE411D01015
SMLI,SML Mahindra Limited,SMLMAH,stock,/stocks/sml-isuzu-SMLI,INE294B01019
SOEX,Solex Energy Ltd,SOLEX,stock,/stocks/solex-energy-SOEX,INE880Y01017
SOMC,Sonam Ltd,SONAMLTD,stock,/stocks/sonam-clock-SOMC,INE00LM01029
SCYS,Steel City Securities Ltd,STEELCITY,stock,/stocks/steel-city-securities-SCYS,INE395H01011
SUIN,Sumeet Industries Ltd,SUMEETINDS,stock,/stocks/sumeet-industries-SUIN,INE235C01036
SFLG,Sunflag Iron and Steel Co Ltd,SUNFLAG,stock,/stocks/sunflag-iron-and-steel-co-SFLG,INE947A01014
SSPM,Super Spinning Mills Ltd,SUPERSPIN,stock,/stocks/super-spinning-mills-SSPM,INE662A01027
SUPE,Suprajit Engineering Ltd,SUPRAJIT,stock,/stocks/suprajit-engineering-SUPE,INE399C01030
SHTR,Shree Tirupati Balajee FIBC Ltd,TIRUPATI,stock,/stocks/shree-tirupati-balajee-fibc-SHTR,INE238Y01018
SHYC,Shyam Century Ferrous Ltd,SHYAMCENT,stock,/stocks/shyam-century-ferrous-SHYC,INE979R01011
STAT,Star Cement Ltd,STARCEMENT,stock,/stocks/star-cement-STAT,INE460H01021
STPM,Star Paper Mills Ltd,STARPAPER,stock,/stocks/star-paper-mills-STPM,INE733A01018
SPND,SPL Industries Ltd,SPLIL,stock,/stocks/spl-industries-SPND,INE978G01016
SHEK,Shekhawati Industries Ltd,SHEKHAWATI,stock,/stocks/shekhawati-poly-yarn-SHEK,INE268L01046
SURT,Surana Telecom and Power Ltd,SURANAT&P,stock,/stocks/surana-telecom-and-power-SURT,INE130B01031
SHEV,Shree Vasu Logistics Ltd,SVLL,stock,/stocks/shree-vasu-logistics-SHEV,INE00CE01017
SMG,S M Gold Ltd,SMGOLD,stock,/stocks/sm-gold-SMG,INE00Q901014
SGI,Synergy Green Industries Ltd,SGIL,stock,/stocks/synergy-green-industries-SGI,INE00QT01015
SHIV,Shiva Granito Export Ltd,SHIVAEXPO,stock,/stocks/shiva-granito-export-SHIV,INE191V01015
SCT,Suncare Traders Ltd,SCTL,stock,/stocks/suncare-traders-SCT,INE452S01025
SHA,Sharika Enterprises Ltd,SHARIKA,stock,/stocks/sharika-enterprises-SHA,INE669Y01022
SUPEN,Supernova Advertising Ltd,SUPERNOVA,stock,/stocks/supernova-advertising-SUPEN,INE018Q01010
SKY,Sky Gold and Diamonds Ltd,SKYGOLD,stock,/stocks/sky-gold-SKY,INE01IU01018
SPA,Space Incubatrics Technologies Ltd,SPACEINCUBA,stock,/stocks/space-incubatrics-technologies-SPA,INE797Z01028
AMA,Sri Amarnath Finance Ltd,AMARNATH,stock,/stocks/sri-amarnath-finance-AMA,INE985Q01010
SPR,Sprayking Ltd,SPRAYKING,stock,/stocks/sprayking-agro-equipment-SPR,INE537U01037
SBC,SBC Exports Ltd,SBC,stock,/stocks/sbc-exports-SBC,INE04AK01028
SGR,Shree Ganesh Remedies Ltd,SGRL,stock,/stocks/shree-ganesh-remedies-SGR,INE414Y01015
SEI,Shanti Educational Initiatives Ltd,SEIL,stock,/stocks/shanti-educational-initiatives-SEI,INE440T01028
SMA,SM Auto Stamping Ltd,SMAUTO,stock,/stocks/sm-auto-stamping-SMA,INE0C4I01011
SBG,Suratwwala Business Group Ltd,SBGLP,stock,/stocks/suratwwala-business-group-SBG,INE05ST01028
SRD,Shankar Lal Rampal Dye-Chem Ltd,SRD,stock,/stocks/shankar-lal-rampal-dye-chem-SRD,INE01NE01012
SUNR,Sun Retail Ltd,SUNRETAIL,stock,/stocks/sun-retail-SUNR,INE206Z01020
SHI,Shish Industries Ltd,SHISHIND,stock,/stocks/shish-industries-SHI,INE145Y01023
STA,StarlinePS Enterprises Ltd,STARLENT,stock,/stocks/starline-precious-stone-STA,INE594W01042
SBL,Shivamshree Businesses Ltd,SBL,stock,/stocks/shivamshree-businesses-SBL,INE857P01021
MAY,Sattva Sukun Lifecare Ltd,MAYUKH,stock,/stocks/mayukh-dealtrade-MAY,INE280E01038
SUPER,Superior Finlease Ltd,SUPERIOR,stock,/stocks/superior-finlease-SUPER,INE574R01028
SBR,Sanghvi Brands Ltd,SBRANDS,stock,/stocks/sanghvi-brands-SBR,INE204Y01010
SII,Sabrimala Industries India Ltd,SIIL,stock,/stocks/sabrimala-industries-india-SII,INE400R01018
SHU,Shubham Polyspin Ltd,SHUBHAM,stock,/stocks/shubham-polyspin-SHU,INE01J501010
SUP,Supershakti Metaliks Ltd,SUPERSHAKT,stock,/stocks/supershakti-metaliks-SUP,INE00SY01011
SHR,Shreeshay Engineers Ltd,SHREESHAY,stock,/stocks/shreeshay-engineers-SHR,INE452Z01012
SKI,SK International Export Ltd,SKIEL,stock,/stocks/s-k-international-export-SKI,INE04ST01013
SCP,Sheetal Cool Products Ltd,SCPL,stock,/stocks/sheetal-cool-products-SCP,INE501Y01019
STL,Shreeji Translogistics Ltd,STL,stock,/stocks/shreeji-translogistics-STL,INE402Y01028
SHAS,Shashijit Infraprojects Ltd,SHASHIJIT,stock,/stocks/shashijit-infraprojects-SHAS,INE700V01021
SWA,Swagtam Trading and Services Ltd,SWAGTAM,stock,/stocks/swagtam-trading-and-services-SWA,INE150R01019
SHIVA,Shivansh Finserve Ltd,SHIVA,stock,/stocks/shivansh-finserve-SHIVA,INE728Q01014
SYM,Symbiox Investment & Trading Co Ltd,SYMBIOX,stock,/stocks/symbiox-investment-and-trading-co-SYM,INE653R01012
SDC,SDC Techmedia Ltd,SDC,stock,/stocks/sdc-techmedia-SDC,INE807O01011
SRGH,SRG Housing Finance Ltd,SRGHFL,stock,/stocks/srg-housing-finance-SRGH,INE559N01010
SKL,Super Fine Knitters Ltd,SKL,stock,/stocks/super-fine-knitters-SKL,INE459U01018
SKIF,Shree Krishna Infrastructure Ltd,SKIFL,stock,/stocks/shree-krishna-infrastructure-SKIF,INE951Z01013
SIR,Sirohia & Sons Ltd,SIROHIA,stock,/stocks/sirohia-and-sons-SIR,INE785O01019
STE,Stellar Capital Services Ltd,STELLAR,stock,/stocks/stellar-capital-services-STE,INE325P01011
SRG,SRG Fingrow Finance Ltd,SRGFFL,stock,/stocks/s-r-g-securities-finance-SRG,INE326P01019
STR,Sophia Traexpo Ltd,STRAEXPO,stock,/stocks/sophia-traexpo-STR,INE268X01017
SNI,Svarnim Trade Udyog Ltd,SNIM,stock,/stocks/svarnim-trade-udyog-SNI,INE730R01042
SHRIN,Shri Niwas Leasing and Finance Ltd,SHRINIWAS,stock,/stocks/shri-niwas-leasing-and-finance-SHRIN,INE201F01015
SME,Sungold Media and Entertainment Ltd,SMEL,stock,/stocks/sungold-media-and-entertainment-SME,INE266S01011
SEA,Seacoast Shipping Services Ltd,SEACOAST,stock,/stocks/seacoast-shipping-services-SEA,INE277T01024
ADA,SMT Engineering Ltd,SMTEL,stock,/stocks/adarsh-mercantile-ADA,INE673E01018
SHRE,Shree Ganesh Bio-Tech (India) Ltd,SHREEGANES,stock,/stocks/shree-ganesh-biotech-india-SHRE,INE051N01026
SSP,SSPN Finance Ltd,SSPNFIN,stock,/stocks/sspn-finance-SSP,INE820R01017
SHAH,Shahlon Silk Industries Ltd,SHAHLON,stock,/stocks/shahlon-silk-industries-SHAH,INE052001026
SHE,Sheshadri Industries Ltd,SHESHAINDS,stock,/stocks/sheshadri-industries-SHE,INE193R01019
RCR,Shanti Guru Industries Ltd,SHANTIGURU,stock,/stocks/rcl-retail-RCR,INE892L01019
SUY,Suyog Telematics Ltd,SUYOG,stock,/stocks/suyog-telematics-SUY,INE442P01014
ASHF,Star Housing Finance Ltd,STARHFL,stock,/stocks/akme-star-housing-finance-ASHF,INE526R01028
SEAT,Sea TV Network Ltd,SEATV,stock,/stocks/sea-tv-network-SEAT,INE351L01016
SON,Sonal Mercantile Ltd,SONAL,stock,/stocks/sonal-mercantile-SON,INE321M01017
SML,Sarthak Metals Ltd,SMLT,stock,/stocks/sarthak-metals-SML,INE017W01010
SHIVC,Shiva Cement Ltd,SHIVACEM,stock,/stocks/shiva-cement-SHIVC,INE555C01029
SVG,S V Global Mill Ltd,SVGLOBAL,stock,/stocks/s-v-global-mill-SVG,INE159L01013
SAL,Shree Salasar Investments Ltd,SALSAIN,stock,/stocks/shree-salasar-investments-SAL,INE315N01017
SOFC,SOFCOM Systems Ltd,SOFCOM,stock,/stocks/sofcom-systems-SOFC,INE499Q01012
SMAR,Smart Finsec Ltd,SMARTFIN,stock,/stocks/smart-finsec-SMAR,INE766D01020
SARV,Sarvottam Finvest Ltd,SARVOTTAM,stock,/stocks/sarvottam-finvest-SARV,INE822Q01015
SOU,Southern Infoconsultants Ltd,SOUTHERNIN,stock,/stocks/southern-infosys-SOU,INE298B01010
SAP,Sar Auto Products Ltd,SAPL,stock,/stocks/sar-auto-products-SAP,INE002E01010
SHAN,Shangar Decor Ltd,SHANGAR,stock,/stocks/shangar-decor-SHAN,INE118R01032
SIMP,Simplex Papers Ltd,SIMPLXPAP,stock,/stocks/simplex-papers-SIMP,INE456H01029
SUPRA,Supra Pacific Financial Services Ltd,SUPRAPFSL,stock,/stocks/supra-pacific-management-consultancy-SUPRA,INE268T01015
SANI,Sanmit Infra Ltd,SANINFRA,stock,/stocks/sanmit-infra-SANI,INE799C01031
DRH,Samsrita Labs Ltd,SAMSRITA,stock,/stocks/dr-habeebullah-life-sciences-DRH,INE579N01018
SAH,Sahyadri Industries Ltd,SAHYADRI,stock,/stocks/sahyadri-industries-SAH,INE280H01015
SUC,Sangam Finserv Ltd,SANGAMFIN,stock,/stocks/suchitra-finance-and-trading-company-SUC,INE475D01010
TEC,Saven Technologies Ltd,7TEC,stock,/stocks/saven-technologies-TEC,INE856B01023
SAGA,Sagarsoft (India) Ltd,SAGARSOFT,stock,/stocks/sagarsoft-india-SAGA,INE184B01012
SAGL,Spice Lounge Food Works Ltd,SPICELOUNG,stock,/stocks/shalimar-agencies-SAGL,INE631E01024
SHY,Shyamkamal Investments Ltd,SHYMINV,stock,/stocks/shyamkamal-investments-SHY,INE203N01015
SVPG,SVP Global Textiles Ltd,SVPGLOB,stock,/stocks/svp-global-ventures-SVPG,INE308E01029
SHIVL,Shivalik Rasayan Ltd,SHIVALIK,stock,/stocks/shivalik-rasayan-SHIVL,INE788J01021
SHAL,Shalimar Wires Industries Ltd,SHALIWIR,stock,/stocks/shalimar-wires-industries-SHAL,INE655D01025
ZSV,Svaraj Trading and Agencies Ltd,ZSVARAJT,stock,/stocks/svaraj-trading-and-agencies-ZSV,INE406N01014
SPACA,SPA Capital Advisors Ltd,SPACAPS,stock,/stocks/spa-capital-services-SPACA,INE726X01014
SHASH,Shashank Traders Ltd,SHASHANK,stock,/stocks/shashank-traders-SHASH,INE508R01018
SAB,SAB Industries Ltd,SAB,stock,/stocks/sab-industries-SAB,INE137M01017
SURY,Surya India Ltd,SURYAINDIA,stock,/stocks/surya-india-SURY,INE446E01019
SHAR,Sharp Investments Ltd,SHARPINV,stock,/stocks/sharp-investments-SHAR,INE909D01026
SHP,Shree Precoated Steels Ltd,SPSL,stock,/stocks/shree-precoated-steels-SHP,INE318K01025
BGP,String Metaverse Ltd,META,stock,/stocks/bio-green-papers-BGP,INE958L01026
SUR,Suryaamba Spinning Mills Ltd,SURYAAMBA,stock,/stocks/suryaamba-spinning-mills-SUR,INE360J01011
SHIVK,Shiv Kamal Impex Ltd,SHIVKAMAL,stock,/stocks/shiv-kamal-impex-SHIVK,INE429R01017
SEL,Sellwin Traders Ltd,SELLWIN,stock,/stocks/sellwin-traders-SEL,INE195F01027
START,Starteck Finance Ltd,STARTECK,stock,/stocks/startech-finance-START,INE992I01013
ZSO,Southern Gas Ltd,ZSOUTGAS,stock,/stocks/southern-gas-ZSO,INE532U01012
JOO,Shri Vasuprada Plantations Ltd,VASUPRADA,stock,/stocks/joonktolle-tea-and-industries-JOO,INE574G01013
SGN,S G N Telecoms Ltd,SGNTE,stock,/stocks/sgn-telecoms-SGN,INE266C01023
SALE,Salem Erode Investments Ltd,SALEM,stock,/stocks/salem-erode-investments-SALE,INE894E01028
SIN,Sindhu Trade Links Ltd,SINDHUTRAD,stock,/stocks/sindhu-trade-links-SIN,INE325D01025
SIM,Simplex Mills Company Ltd,SIMPLXMIL,stock,/stocks/simplex-mills-company-SIM,INE457H01027
SUJ,Sujala Trading & Holdings Ltd,SUJALA,stock,/stocks/sujala-trading-and-holdings-SUJ,INE029H01016
SOF,SoftSol India Ltd,SOFTSOL,stock,/stocks/softsol-india-SOF,INE002B01016
SUL,Sulabh Engineers and Services Ltd,SULABEN,stock,/stocks/sulabh-engineers-and-services-SUL,INE673M01029
SUNRI,Sunrise Industrial Traders Ltd,SUNRINV,stock,/stocks/sunrise-industrial-traders-SUNRI,INE371U01015
SBE,SBEC Sugar Ltd,SBECSUG,stock,/stocks/sbec-sugar-SBE,INE948G01019
SIDH,Sidh Automobiles Ltd,SIDH,stock,/stocks/sidh-automobiles-SIDH,INE403L01015
SAF,Saffron Industries Ltd,SAFFRON,stock,/stocks/saffron-industries-SAF,INE474D01013
VIC,Scoobee Day Garments (India) Ltd,SCOOBEEDAY,stock,/stocks/victory-paper-and-boards-india-VIC,INE962E01015
SRU,SRU Steels Ltd,SRUSTEELS,stock,/stocks/sru-steels-SRU,INE425C01017
SAPP,Shree Ajit Pulp and Paper Ltd,SAPPL,stock,/stocks/shree-ajit-pulp-and-paper-SAPP,INE185C01017
SUE,Sueryaa Knitwear Ltd,SUERYAAKNI,stock,/stocks/sueryaa-knitwear-SUE,INE249U01013
MOO,SG Finserve Ltd,SGFIN,stock,/stocks/moongipa-securities-MOO,INE618R01015
SART,Sarthak Industries Ltd,SARTHAKIND,stock,/stocks/sarthak-industries-SART,INE074H01012
SVA,Swasti Vinayaka Art and Heritage Corporation Ltd,SVARTCORP,stock,/stocks/swasti-vinayaka-art-and-heritage-corporation-SVA,INE895A01023
SHIK,Shikhar Leasing and Trading Ltd,SHIKHARLETR,stock,/stocks/shikhar-leasing-and-trading-SHIK,INE02BV01019
SAU,Saumya Consultants Ltd,SAUMYA,stock,/stocks/saumya-consultants-SAU,INE563C01015
SUPRB,Sumuka Agro Industries Ltd,SUMUKA,stock,/stocks/sumuka-agro-industries-SUPRB,INE311N01016
SKILV,Skyline Ventures India Ltd,SKILVEN,stock,/stocks/skyline-ventures-india-SKILV,INE055Q01012
SOUR,Source Natural Foods and Herbal Supplements Ltd,SOURCENTRL,stock,/stocks/source-natural-foods-and-herbal-supplements-SOUR,INE679C01027
SHK,Shri Kalyan Holdings Ltd,SHKALYN,stock,/stocks/shri-kalyan-holdings-SHK,INE079N01019
SHRES,Shree Securities Ltd,SHREESEC,stock,/stocks/shree-securities-SHRES,INE397C01026
SICL,Suvidha Infraestate Corporation Ltd,SICL,stock,/stocks/suvidha-infraestate-corporation-SICL,INE936N01010
STEP,Step Two Corporation Ltd,STEP2COR,stock,/stocks/step-two-corporation-STEP,INE623D01015
SYB,Sybly Industries Ltd,SYBLY,stock,/stocks/sybly-industries-SYB,INE080D01042
SAM,Sam Industries Ltd,SAMINDUS,stock,/stocks/sam-industries-SAM,INE653D01012
SPAR,Sparc Electrex Ltd,SPAR,stock,/stocks/sparc-systems-SPAR,INE960B01015
SCC,Scintilla Commercial & Credit Ltd,SCC,stock,/stocks/scintilla-commercial-and-credit-SCC,INE892C01018
SAIC,Sai Capital Ltd,SAICAPI,stock,/stocks/sai-capital-SAIC,INE531X01018
SPE,Spectrum Foods Ltd,SPECFOOD,stock,/stocks/spectrum-foods-SPE,INE547C01018
SESH,Seshachal Technologies Ltd,SESHACHAL,stock,/stocks/seshachal-technologies-SESH,INE331F01028
SILV,Silver Oak (India) Ltd,SILVOAK,stock,/stocks/silver-oak-india-SILV,INE870J01019
KRL,SG Mart Ltd,SGMART,stock,/stocks/kintech-renewables-KRL,INE385F01024
ZSA,Sarvamangal Marcantile Company Ltd,ZSARVAMA,stock,/stocks/sarvamangal-mercantile-co-ZSA,INE978L01016
TOWA,Shraddha Prime Projects Ltd,SHRADDHA,stock,/stocks/towa-sokki-TOWA,INE311M01018
ZSVT,S V Trading and Agencies Ltd,ZSVTRADI,stock,/stocks/sv-trading-and-agencies-ZSVT,INE404N01019
SYT,Systematix Securities Ltd,SYTIXSE,stock,/stocks/systematix-securities-SYT,INE07P301011
STARC,Starcom Information Technology Ltd,STARCOM,stock,/stocks/starcom-information-technology-STARC,INE347I01010
SHREM,Shree Metalloys Ltd,SHREMETAL,stock,/stocks/shree-metalloys-SHREM,INE914B01012
SOFTR,Softrak Venture Investment Ltd,SOFTRAKV,stock,/stocks/softrak-venture-investment-SOFTR,INE562E01021
SANJ,Sanjivani Paranteral Ltd,SANJIVIN,stock,/stocks/sanjivani-paranteral-SANJ,INE860D01013
SHANT,Shantai Industries Ltd,SHANTAI,stock,/stocks/shantai-industries-SHANT,INE408F01024
SHV,Shreevatsaa Finance and Leasing Ltd,SHVFL,stock,/stocks/shreevatsaa-finance-and-leasing-SHV,INE981C01019
SAS,Sashwat Technocrats Ltd,SASHWAT,stock,/stocks/sashwat-technocrats-SAS,INE789D01014
SURAJ,Suraj Ltd,SURAJLTD,stock,/stocks/suraj-SURAJ,INE713C01016
SHAIL,Shaily Engineering Plastics Ltd,SHAILY,stock,/stocks/shaily-engineering-plastics-SHAIL,INE151G01028
ZNE,Springform Technology Ltd,ZNEWSAGA,stock,/stocks/springform-technology-ZNE,INE02ZA01012
SKR,Shukra Bullions Ltd,SKRABUL,stock,/stocks/shukra-bullions-SKR,INE561E01015
SUNG,Sungold Capital Ltd,SUNGOLD,stock,/stocks/sungold-capital-SUNG,INE271D01013
SCL,Sunshine Capital Ltd,SCL,stock,/stocks/sunshine-capital-SCL,INE974F01025
SAW,Sawaca Enterprises Ltd,SAWACA,stock,/stocks/sawaca-business-machines-SAW,INE248B01023
SCA,Scan Projects Ltd,SCANPRO,stock,/stocks/scan-projects-SCA,INE393D01015
SPO,Sportking India Ltd,SPORTKING,stock,/stocks/sportking-india-SPO,INE885H01029
SENI,Senthil Infotek Ltd,SENINFO,stock,/stocks/senthil-infotek-SENI,INE564B01015
SAC,Sacheta Metals Ltd,SACHEMT,stock,/stocks/sacheta-metals-SAC,INE433G01020
SHKA,Shree Karthik Papers Ltd,SHKARTP,stock,/stocks/shree-karthik-papers-SHKA,INE538D01015
ABG,Starlog Enterprises Ltd,STARLOG,stock,/stocks/starlog-enterprises-ABG,INE580C01019
SCANS,Scan Steels Ltd,SCANSTL,stock,/stocks/scan-steels-SCANS,INE099G01011
SANB,Sanblue Corporation Ltd,SANBLUE,stock,/stocks/sanblue-corporation-SANB,INE602D01027
SAND,Sandu Pharmaceuticals Ltd,SANDUPHQ,stock,/stocks/sandu-pharmaceuticals-SAND,INE751D01014
SOLI,Solid Stone Co Ltd,SOLIDSTON,stock,/stocks/solid-stone-company-SOLI,INE584G01012
SRDA,Sarda Proteins Ltd,SRDAPRT,stock,/stocks/sarda-proteins-SRDA,INE995U01011
SIB,Sibar Auto Parts Ltd,SIBARAUT,stock,/stocks/sibar-auto-parts-SIB,INE441C01014
SKPS,SKP Securities Ltd,SKPSEC,stock,/stocks/skp-securities-SKPS,INE709B01016
SHIL,Shilchar Technologies Ltd,SHILCTECH,stock,/stocks/shilchar-technologies-SHIL,INE024F01011
SALG,Salguti Industries Ltd,SALGUTI,stock,/stocks/salguti-industries-SALG,INE159C01012
SFP,Square Four Projects India Ltd,SFPIL,stock,/stocks/square-four-projects-india-SFP,INE716K01020
SRE,Srestha Finvest Ltd,SRESTHA,stock,/stocks/srestha-finvest-SRE,INE606K01049
SDL,Span Divergent Ltd,SDL,stock,/stocks/span-divergent-SDL,INE004E01016
KANS,Spright Agro Ltd,SPRIGHT,stock,/stocks/kansal-fibres-KANS,INE179O01031
SRIKP,Sri KPR Industries Ltd,SRIKPRIND,stock,/stocks/sri-kpr-industries-SRIKP,INE009C01019
SIPT,Sharanam Infraproject & Trading Ltd,SIPTL,stock,/stocks/sharanam-infraproject-and-trading-SIPT,INE104S01022
SSL,Sir Shadi Lal Enterprises Ltd,SSLEL,stock,/stocks/sir-shadi-lal-enterprises-SSL,INE117H01019
SUG,Sugal and Damani Share Brokers Ltd,SUGALDAM,stock,/stocks/sugal-and-damani-share-brokers-SUG,INE309D01011
SHILG,Shilp Gravures Ltd,SHILGRAVQ,stock,/stocks/shilp-gravures-SHILG,INE960A01017
SSPD,SSPDL Ltd,SSPDL,stock,/stocks/sspdl-SSPD,INE838C01011
SOUT,Southern Latex Ltd,SOUTLAT,stock,/stocks/southern-latex-SOUT,INE410M01018
SOM,Som Datt Finance Corporation Ltd,SODFC,stock,/stocks/som-datt-finance-corporation-SOM,INE754C01010
SRA,Shriram Asset Management Co Ltd,SRAMSET,stock,/stocks/shriram-asset-management-co-SRA,INE777G01012
SUNSH,Sunshield Chemicals Ltd,SUNSHIEL,stock,/stocks/sunshield-chemicals-SUNSH,INE199E01014
SIK,Sikozy Realtors Ltd,SIKOZY,stock,/stocks/sikozy-realtors-SIK,INE528E01022
SUNL,Sunil Healthcare Ltd,SUNLOC,stock,/stocks/sunil-healthcare-SUNL,INE671C01016
SHRMF,Shree Manufacturing Co Ltd,SHRMFGC,stock,/stocks/shree-manufacturing-company-SHRMF,INE632A01012
SAMT,Samtex Fashions Ltd,SAMTEX,stock,/stocks/samtex-fashions-SAMT,INE931D01020
SANP,Sangal Papers Ltd,SANPA,stock,/stocks/sangal-papers-SANP,INE384D01022
SNL,SNL Bearings Ltd,SNL,stock,/stocks/snl-bearings-SNL,INE568F01017
AKSP,Sunrakshakk Industries India Ltd,SUNRAKSHAK,stock,/stocks/a-k-spintex-AKSP,INE671K01027
SYSC,Syschem (India) Ltd,SYSCHEM,stock,/stocks/syschem-india-SYSC,INE121D01036
SUNIT,Sunil Industries Ltd,SUNILTX,stock,/stocks/sunil-industries-SUNIT,INE124M01015
SAHA,Sahara Housingfina Corporation Ltd,SAHARAHOUS,stock,/stocks/sahara-housing-fina-corporation-SAHA,INE135C01012
SPECT,Spectra Industries Ltd,SPECTRA,stock,/stocks/spectra-industries-SPECT,INE848B01012
SAVF,Savani Financials Ltd,SAVFI,stock,/stocks/savani-financials-SAVF,INE304E01010
SHYAA,Shyama Computronics and Services Ltd,SHYAMACOMP,stock,/stocks/shyama-infosys-SHYAA,INE861E01019
SANC,Sanchay Finvest Ltd,SANCF,stock,/stocks/sanchay-finvest-SANC,INE654D01010
SMM,Soni Medicare Ltd,SML,stock,/stocks/soni-medicare-SMM,INE848R01018
STRG,Sterling Greenwoods Ltd,STRGRENWO,stock,/stocks/sterling-green-woods-STRG,INE398F01019
SALAU,Sal Automotive Ltd,SALAUTO,stock,/stocks/sal-automotive-SALAU,INE724G01014
SMR,Smruthi Organics Ltd,SMRUTHIORG,stock,/stocks/smruthi-organics-SMR,INE172E01011
SCANP,SGL Resources Ltd,SGLRES,stock,/stocks/scanpoint-geomatics-SCANP,INE967B01028
VCK,Shrydus Industries Ltd,SHRYDUS,stock,/stocks/vck-capital-market-services-VCK,INE488C01015
SKYI,Sky Industries Ltd,SKYIND,stock,/stocks/sky-industries-SKYI,INE765B01018
STU,Sturdy Industries Ltd,STURDY,stock,/stocks/sturdy-industries-STU,INE134F01026
SHAM,Shamrock Industrial Company Ltd,SHAMROIN,stock,/stocks/shamrock-industrial-co-SHAM,INE022F01015
STARD,Star Delta Transformers Ltd,STARDELTA,stock,/stocks/star-delta-transformers-STARD,INE541K01014
STRA,Stratmont Industries Ltd,STRATMONT,stock,/stocks/stratmont-industries-STRA,INE473C01025
SHIVR,Shivagrico Implements Ltd,SHIVAGR,stock,/stocks/shivagrico-implements-SHIVR,INE092H01014
SUPRE,Supreme Holdings & Hospitality (India) Ltd,SUPREME,stock,/stocks/supreme-holdings-and-hospitality-SUPRE,INE822E01011
SUPRT,Supra Trends Ltd,SUPRATRE,stock,/stocks/supra-trends-SUPRT,INE533B01028
SLS,Sri Lakshmi Saraswathi Textiles (Arni) Ltd,SLSTLQ,stock,/stocks/sri-lakshmi-saraswathi-textiles-arni-SLS,INE456D01010
SHARM,Sharma East India Hospitals and Medical Research Ltd,SHARMEH,stock,/stocks/sharma-east-india-hosp-and-medical-research-SHARM,INE465H01012
SHG,Shree Ganesh Elastoplast Ltd,SHGANEL,stock,/stocks/shree-ganesh-elastoplast-SHG,INE400N01017
SWAS,Swastika Investmart Ltd,SWASTIKA,stock,/stocks/swastika-investmart-SWAS,INE691C01022
SBF,Shree Bhavya Fabrics Ltd,SBFL,stock,/stocks/shree-bhavya-fabrics-SBF,INE363D01018
SHUK,Shukra Pharmaceuticals Ltd,SHUKRAPHAR,stock,/stocks/shukra-pharmaceuticals-SHUK,INE551C01044
SICAP,SI Capital & Financial Services Ltd,SICAPIT,stock,/stocks/s-i-capital-and-financial-services-SICAP,INE417F01017
SIDD,Siddha Ventures Ltd,SIDDHA,stock,/stocks/siddha-ventures-SIDD,INE140C01012
SHAHI,Shahi Shipping Ltd,SHAHISHIP,stock,/stocks/shahi-shipping-SHAHI,INE825D01016
SOUTH,Southern Magnesium and Chemicals Ltd,SOUTHMG,stock,/stocks/southern-magnesium-and-chemicals-SOUTH,INE308N01012
SARTH,Sarthak Global Ltd,SARTHAKGL,stock,/stocks/sarthak-global-SARTH,INE075H01019
STERP,Sterling Powergensys Ltd,STERPOW,stock,/stocks/sterling-powergensys-STERP,INE067E01013
SYL,Sylph Industries Ltd,SYLPH,stock,/stocks/sylph-technologies-SYL,INE706F01021
ATV,SVC Industries Ltd,SVCIND,stock,/stocks/svc-industries-ATV,INE038B01010
SIT,Sita Enterprises Ltd,SITAENT,stock,/stocks/sita-enterprises-SIT,INE579D01019
SKPM,Shree Krishna Paper Mills & Industries Ltd,SKPMIL,stock,/stocks/shree-krishna-paper-mills-and-industries-SKPM,INE970C01012
SWR,Swarna Securities Ltd,SWRNASE,stock,/stocks/swarna-securities-SWR,INE595G01018
STAN,Stanpacks (India) Ltd,STANPACK,stock,/stocks/stanpacks-india-STAN,INE457D01018
SHART,Sharat Industries Ltd,SHINDL,stock,/stocks/sharat-industries-SHART,INE220Z01013
SRM,Sri Ramakrishna Mills (Coimbatore) Ltd,SRMCL,stock,/stocks/sri-ramakrishna-mills-coimbatore-SRM,INE306D01017
SKCI,Shri Keshav Cements and Infra Ltd,SKCIL,stock,/stocks/shri-keshav-cements-and-infra-SKCI,INE260E01014
SIE,Superior Industrial Enterprises Ltd,SIEL,stock,/stocks/superior-industrial-enterprises-SIE,INE843L01012
SVAI,SVA India Ltd,SVAINDIA,stock,/stocks/sva-india-SVAI,INE763K01014
SHABC,Satiate Agri Ltd,SATAGRI,stock,/stocks/shaba-chemicals-SHABC,INE06DM01015
SUPEB,Super Bakers Ltd,SUPERBAK,stock,/stocks/super-bakers-india-SUPEB,INE897A01011
SYST,Systematix Corporate Services Ltd,SYSTMTXC,stock,/stocks/systematix-corporate-services-SYST,INE356B01024
KAPA,Sera Investments & Finance India Ltd,SERA,stock,/stocks/kapashi-commercial-KAPA,INE017I01027
SARU,Sarup Industries Ltd,SARUPINDUS,stock,/stocks/sarup-industries-SARU,INE305D01019
SAMP,Sampre Nutritions Ltd,SAMPRE,stock,/stocks/sampre-nutritions-SAMP,INE375C01022
SHRIK,Shri Krishna Devcon Ltd,SHRIKRISH,stock,/stocks/shri-krishna-devcon-SHRIK,INE997I01012
SUNIL,Sunil Agro Foods Ltd,SUNILAGR,stock,/stocks/sunil-agro-foods-SUNIL,INE224D01012
SURB,Surbhi Industries Ltd,SURBHIN,stock,/stocks/surbhi-industries-SURB,INE899E01019
SUCR,Super Crop Safe Ltd,SUCROSA,stock,/stocks/super-crop-safe-SUCR,INE366G01022
SUM,Sumeru Industries Ltd,SUMERUIND,stock,/stocks/sumeru-industries-SUM,INE764B01029
SUDI,Suditi Industries Ltd,SUDTIND-B,stock,/stocks/suditi-industries-SUDI,INE691D01012
SURAT,Surat Trade and Mercantile Ltd,SURATRAML,stock,/stocks/surat-textile-mills-SURAT,INE936A01025
SURJ,Suraj Industries Ltd,SURJIND,stock,/stocks/suraj-industries-SURJ,INE170U01011
STELL,Stellant Securities (India) Ltd,STELLANT,stock,/stocks/stellant-securities-india-STELL,INE395F01023
SABO,Saboo Sodium Chloro Ltd,SABOOSOD,stock,/stocks/saboo-sodium-chloro-SABO,INE440C01016
SIDDH,Siddheswari Garments Ltd,SIDDHEGA,stock,/stocks/siddheswari-garments-SIDDH,INE797C01019
SBEC,SBEC Systems (India) Ltd,SBECSYS,stock,/stocks/sbec-systems-india-SBEC,INE689V01018
SOB,Sobhaygya Mercantile Ltd,SOBME,stock,/stocks/sobhagya-mercantile-SOB,INE754D01018
SAINI,Sainik Finance & Industries Ltd,SAINIK,stock,/stocks/sainik-finance-and-industries-SAINI,INE584B01013
SHRA,Shree Rajiv Lochan Oil Extraction Ltd,SHRAJOI,stock,/stocks/shree-rajivlochan-oil-extraction-SHRA,INE418K01015
SAMY,Samyak International Ltd,SAMYAKINT,stock,/stocks/samyak-international-SAMY,INE607G01011
MEW,Sizemasters Technology Ltd,SIZEMASTER,stock,/stocks/mewat-zinc-MEW,INE235U01012
SHER,Shervani Industrial Syndicate Ltd,SHERVANI,stock,/stocks/shervani-industrial-syndicate-SHER,INE011D01013
SHREY,Shreyas Intermediates Ltd,SHREYASI,stock,/stocks/shreyas-intermediates-SHREY,INE115F01017
SHET,Shetron Ltd,SHETR,stock,/stocks/shetron-SHET,INE278C01010
SHREP,Shree Pacetronix Ltd,SHREEPAC,stock,/stocks/shree-pacetronix-SHREP,INE847D01010
SSW,Shree Steel Wire Ropes Ltd,SSWRL,stock,/stocks/shree-steel-wire-ropes-SSW,INE387D01025
SOLIM,Solitaire Machine Tools Ltd,SOLIMAC,stock,/stocks/solitaire-machine-tools-SOLIM,INE410A01013
STEEL,Steelco Gujarat Ltd,STEELCO,stock,/stocks/steelco-gujarat-STEEL,INE629B01024
STY,Stylam Industries Ltd,STYLAMIND,stock,/stocks/stylam-industries-STY,INE239C01020
SYNT,Synthiko Foils Ltd,SYNTHFO,stock,/stocks/synthiko-foils-SYNT,INE363L01045
SCAG,SC Agrotech Ltd,SCAGRO,stock,/stocks/sc-agrotech-SCAG,INE895E01017
SWOE,Swojas Foods Ltd,SWOJAS,stock,/stocks/swojas-energy-foods-SWOE,INE295B01016
SUBS,Subhash Silk Mills Ltd,SUBSM,stock,/stocks/subhash-silk-mills-SUBS,INE690D01014
SHIVG,Shiva Global Agro Industries Ltd,SHIVAAGRO,stock,/stocks/shiva-global-agro-industries-SHIVG,INE960E01019
SUPT,Super Tannery Ltd,SUPTANERY,stock,/stocks/super-tannery-SUPT,INE460D01038
STEE,Steelcast Ltd,STEELCAS,stock,/stocks/steelcast-STEE,INE124E01038
PEER,Shristi Infrastructure Development Corporation Ltd,SHRISTI,stock,/stocks/shristi-infrastructure-development-corporation-PEER,INE472C01027
SREEJ,Sparkle Gold Rock Ltd,SPARKLEGR,stock,/stocks/sree-jayalakshmi-autospin-SREEJ,INE618F01010
SIMPL,Simplex Castings Ltd,SIMPLEXCAS,stock,/stocks/simplex-castings-SIMPL,INE658D01011
SUPET,Supertex Industries Ltd,SUPERTEX,stock,/stocks/supertex-industries-SUPET,INE881B01054
SAMR,Samrat Pharmachem Ltd,SAMRATPH,stock,/stocks/samrat-pharmachem-SAMR,INE103E01016
SYN,Syncom Formulations (India) Ltd,SYNCOMF,stock,/stocks/syncom-formulations-india-SYN,INE312C01025
SUNC,Suncity Synthetics Ltd,SUNCITYSY,stock,/stocks/suncity-synthetics-SUNC,INE584D01019
SWARN,Swarnsarita Jewels India Ltd,SWARNSAR,stock,/stocks/swarnsarita-gems-SWARN,INE967A01012
SPC,S P Capital Financing Ltd,SPCAPIT,stock,/stocks/s-p-capital-financing-SPC,INE102F01015
STD,Standard Surfactants Ltd,STDSFAC,stock,/stocks/standard-surfactants-STD,INE307D01015
SANT,Santosh Fine Fab Ltd,SANTOSHF,stock,/stocks/santosh-fine-fab-SANT,INE612D01018
SHRD,Sharda Ispat Ltd,SHRDAIS,stock,/stocks/sharda-ispat-SHRD,INE385M01012
SUME,Sumedha Fiscal Services Ltd,SUMEDHA,stock,/stocks/sumedha-fiscal-services-SUME,INE886B01012
SPENT,Spenta International Ltd,SPENTA,stock,/stocks/spenta-international-SPENT,INE175C01018
SHB,Shri Bajrang Alliance Ltd,SHBAJRG,stock,/stocks/shri-bajrang-alliance-SHB,INE402H01015
SONA,Sonal Adhesives Ltd,SONALAD,stock,/stocks/sonal-adhesives-SONA,INE344I01017
SAV,Savera Industries Ltd,SAVERA,stock,/stocks/savera-industries-SAV,INE104E01014
SURFI,Suryo Foods and Industries Ltd,SURFI,stock,/stocks/suryo-foods-and-industries-SURFI,INE565E01016
SRINC,Sri Nachammai Cotton Mills Ltd,SRINACHA,stock,/stocks/sri-nachammai-cotton-mills-SRINC,INE443E01016
SAHL,Shalibhadra Finance Ltd,SAHLIBHFI,stock,/stocks/shalibhadra-finance-SAHL,INE861D01011
SANTE,Sanrhea Technical Textiles Ltd,SANTETX,stock,/stocks/sanrhea-technical-textile-SANTE,INE589J01015
SINC,Sinclairs Hotels Ltd,SINCLAIR,stock,/stocks/sinclairs-hotels-SINC,INE985A01022
SREC,Sreechem Resins Ltd,SRECR,stock,/stocks/sreechem-resins-SREC,INE377C01010
SVAMS,Svam Software Ltd,SVAMSOF,stock,/stocks/svam-software-SVAMS,INE119B01018
SOURC,Source Industries (India) Ltd,SOURCEIND,stock,/stocks/source-industries-india-SOURC,INE695C01015
SEASN,Seasons Textiles Ltd,SEASONST,stock,/stocks/seasons-textiles-SEASN,INE707B01010
SHUKR,Shukra Jewellery Ltd,SHUKJEW,stock,/stocks/shukra-jewellery-SHUKR,INE344E01016
STANC,Standard Capital Markets Ltd,STANCAP,stock,/stocks/standard-capital-markets-STANC,INE625D01028
SIMR,Simran Farms Ltd,SIMRAN,stock,/stocks/simran-farms-SIMR,INE354D01017
SOMAP,Soma Papers and Industries Ltd,SOMAPPR,stock,/stocks/soma-papers-and-industries-SOMAP,INE737E01011
SAY,Sayaji Hotels Ltd,SAYAJIHOTL,stock,/stocks/sayaji-hotels-SAY,INE318C01014
STC,S & T Corporation Ltd,STCORP,stock,/stocks/s-and-t-corporation-STC,INE110Q01023
ZSAN,Sanmitra Commercial Ltd,ZSANMCOM,stock,/stocks/sanmitra-commercial-ZSAN,INE896J01014
SIP,Shelter Infra Projects Ltd,SIPL,stock,/stocks/shelter-infra-projects-SIP,INE413C01013
SOV,Sovereign Diamonds Ltd,SOVERDIA,stock,/stocks/sovereign-diamonds-SOV,INE959D01013
SIMM,Simmonds Marshall Ltd,SIMMOND,stock,/stocks/simmonds-marshall-SIMM,INE657D01021
SURAS,Suraj Products Ltd,SURAJ,stock,/stocks/suraj-products-SURAS,INE069E01019
SPT,Saptarishi Agro Industries Ltd,SPTRSHI,stock,/stocks/saptarishi-agro-industries-SPT,INE233P01017
SHH,Shree Hari Chemicals Export Ltd,SHHARICH,stock,/stocks/shree-hari-chemicals-export-SHH,INE065E01017
SIPA,South India Paper Mills Ltd,STHINPA,stock,/stocks/south-india-paper-mills-SIPA,INE088G01014
SPICE,Spice Islands Industries Ltd,SPICEISLIN,stock,/stocks/spice-islands-apparels-SPICE,INE882D01017
CHEMO,Starsource Multitrade Ltd,STARSOURCE,stock,/stocks/chemo-pharma-laboratories-CHEMO,INE320M01019
SMF,Smiths & Founders (India) Ltd,SMFIL,stock,/stocks/smiths-and-founders-india-SMF,INE728B01032
SAMB,Sambandam Spinning Mills Ltd,SAMBANDAM,stock,/stocks/sambandam-spinning-mills-SAMB,INE304D01012
NETW,Swiss Military Consumer Goods Ltd,SWISSMLTRY,stock,/stocks/network-NETW,INE010C01025
SAGAS,Sagar Systech Ltd,SAGARSYST,stock,/stocks/sagar-systech-SAGAS,INE771Z01015
KALY,Sharp India Ltd,SHARP,stock,/stocks/sharp-india-KALY,INE207B01011
ZSP,Speedage Commercials Ltd,ZSPEEDCO,stock,/stocks/speedage-commercials-ZSP,INE497M01015
SUK,Sukhjit Starch and Chemicals Ltd,SUKHJITS,stock,/stocks/sukhjit-starch-and-chemicals-SUK,INE450E01029
SANDU,Sandur Manganese and Iron Ores Ltd,SANDUMA,stock,/stocks/sandur-manganese-and-iron-ores-SANDU,INE149K01016
SJC,Sj Corporation Ltd,SJCORP,stock,/stocks/sj-corporation-SJC,INE312B01027
STDS,Standard Shoe Sole and Mould (India) Ltd,STDSHOE,stock,/stocks/standard-shoe-sole-and-mould-india-STDS,INE888N01013
KAPI,Skybiotech Healthcare Ltd,KAPILCO,stock,/stocks/kapil-cotex-KAPI,INE393H01016
SHRJ,Shri Jagdamba Polymers Ltd,SHRJAGP,stock,/stocks/shri-jagdamba-polymers-SHRJ,INE564J01026
SAYA,Sayaji Industries Ltd,SAYAJIIND,stock,/stocks/sayaji-industries-SAYA,INE327G01032
SRIC,Sri Chakra Cement Ltd,SRICC,stock,/stocks/sri-chakra-cement-SRIC,INE827D01020
SHRIY,Shardul Securities Ltd,SHARDUL,stock,/stocks/shardul-securities-SHRIY,INE037B01020
SANCT,Sanco Trans Ltd,SANCTRN,stock,/stocks/sanco-trans-SANCT,INE391G01012
SURYL,Suryalata Spinning Mills Ltd,SURYALA,stock,/stocks/suryalata-spinning-mills-SURYL,INE132C01027
SAICO,Saianand Commercial Ltd,SAICOM,stock,/stocks/saianand-commercial-SAICO,INE092G01024
ZSAR,Saraswati Commercial (India) Ltd,ZSARACOM,stock,/stocks/saraswati-commercial-india-ZSAR,INE967G01019
SHRIC,Shricon Industries Ltd,SHRICON,stock,/stocks/shricon-industries-SHRIC,INE753D01010
SWAD,Swadeshi Industries and Leasing Ltd,SWADEIN,stock,/stocks/swadeshi-industries-and-leasing-SWAD,INE716M01034
SPV,SPV Global Trading Ltd,SPVGLOBAL,stock,/stocks/spv-global-trading-SPV,INE177E01010
SHBC,Shivalik Bimetal Controls Ltd,SBCL,stock,/stocks/shivalik-bimetal-controls-SHBC,INE386D01027
SURYV,Suryavanshi Spinning Mills Ltd,SURYVANSP,stock,/stocks/suryavanshi-spinning-mills-SURYV,INE431C01023
SHRIG,Shri Gang Industries and Allied Products Ltd,SHRIGANG,stock,/stocks/shri-gang-industries-and-allied-products-SHRIG,INE241V01018
SILVE,Silveroak Commercials Ltd,SILVERO,stock,/stocks/silveroak-commercial-SILVE,INE798C01017
SAMK,Samkrg Pistons and Rings Ltd,SAMKRG,stock,/stocks/samkrg-pistons-and-rings-SAMK,INE706B01012
STLS,Steel Strips Infrastructures Ltd,STLSTRINF,stock,/stocks/steel-strips-infrastructures-STLS,INE205F01016
ZSAT,Satyam Silk Mills Ltd,ZSATYASL,stock,/stocks/satyam-silk-mills-ZSAT,INE07MC01015
ZSH,Sheraton Properties and Finance Ltd,ZSHERAPR,stock,/stocks/sheraton-properties-and-finance-ZSH,INE495M01019
SHAHC,Shaw Construction Pvt Ltd,SHAHCON,stock,/stocks/shah-construction-company-SHAHC,INE02C301011
SHALP,Shalimar Productions Ltd,SHALPRO,stock,/stocks/shalimar-productions-SHALP,INE435E01020
SINN,Sinnar Bidi Udyog Ltd,SINNAR,stock,/stocks/sinnar-bidi-udyog-SINN,INE896E01023
SHREN,Shreenath Investment Company Ltd,SHRENTI,stock,/stocks/shreenath-investment-company-SHREN,INE475V01012
SUPEU,Super Sales India Ltd,SUPER,stock,/stocks/super-sales-india-SUPEU,INE091C01017
SWI,Switching Technologies Gunther Ltd,SWITCHTE,stock,/stocks/switching-technologies-gunther-SWI,INE311D01017
SPICL,SPEL Semiconductor Ltd,SPELS,stock,/stocks/spel-semiconductor-SPICL,INE252A01019
SHVS,Shiva Suitings Ltd,SHVSUIT,stock,/stocks/shiva-suitings-SHVS,INE02Z901011
SHAHF,Shah Foods Ltd,SHAHFOOD,stock,/stocks/shah-foods-SHAHF,INE455D01012
SRME,SRM Energy Ltd,SRMENERGY,stock,/stocks/srm-energy-SRME,INE173J01018
SUDA,Sudal Industries Ltd,SUDAI,stock,/stocks/sudal-industries-SUDA,INE618D01015
SAINT,Saint-Gobain Sekurit India Ltd,SEKURITIND,stock,/stocks/saint-gobain-sekurit-india-SAINT,INE068B01017
SIKA,Sika Interplant Systems Ltd,SIKA,stock,/stocks/sika-interplant-systems-SIKA,INE438E01032
SIMPX,Simplex Realty Ltd,SIMPLXREA,stock,/stocks/simplex-realty-SIMPX,INE167H01014
SKYL,Skyline Millars Ltd,SKYLMILAR,stock,/stocks/skyline-millars-SKYL,INE178E01026
STANR,Stanrose Mafatlal Investments and Finance Ltd,STANROS,stock,/stocks/stanrose-mafatlal-investment-and-finance-STANR,INE441L01015
SHREA,Shree Rajasthan Syntex Ltd,SHRAJSYNQ,stock,/stocks/shree-rajasthan-syntex-SHREA,INE796C01011
SWAST,Swasti Vinayaka Synthetics Ltd,SWASTIVI,stock,/stocks/swasti-vinayaka-synthetics-SWAST,INE804A01025
SWADP,Swadeshi Polytex Ltd,SWADPOL,stock,/stocks/swadeshi-polytex-SWADP,INE243N01029
STAND,Standard Batteries Ltd,STDBAT,stock,/stocks/standard-batteries-STAND,INE502C01039
SAGR,Signature Green Corporation Ltd,SIGNGCL,stock,/stocks/sagar-soya-products-SAGR,INE131O01024
STOV,Stovec Industries Ltd,STOVACQ,stock,/stocks/stovec-industries-STOV,INE755D01015
SAUR,Saurashtra Cement Ltd,SAURASHCEM,stock,/stocks/saurashtra-cement-SAUR,INE626A01014
SECM,SecMark Consultancy Ltd,SECMARK,stock,/stocks/secmark-consultancy-SECM,INE0BTM01013
SHIN,Shine Fashions (India) Ltd,SHINEFASH,stock,/stocks/shine-fashions-india-SHIN,INE0BLY01023
SHRID,Shri Dinesh Mills Ltd,SHRIDINE,stock,/stocks/shri-dinesh-mills-SHRID,INE204C01024
BAK,Sanathnagar Enterprises Ltd,SEL,stock,/stocks/sanathnagar-enterprises-BAK,INE367E01033
SIGM,Sigma Solve Ltd,SIGMA,stock,/stocks/sigma-solve-SIGM,INE0A0S01028
SAMRA,Samrat Forgings Ltd,SAMRATFORG,stock,/stocks/samrat-forgings-SAMRA,INE412J01010
SCB,Saptak Chem and Business Ltd,SCBL,stock,/stocks/saptak-chem-and-business-SCB,INE467X01023
SADH,Sadhana Nitro Chem Ltd,SADHNANIQ,stock,/stocks/sadhana-nitro-chem-SADH,INE888C01040
SING,Singer India Ltd,SINGER,stock,/stocks/singer-india-SING,INE638A01035
SMC,SMC Global Securities Ltd,SMCGLOBAL,stock,/stocks/smc-global-securities-SMC,INE103C01036
STOVE,Stove Kraft Ltd,STOVEKRAFT,stock,/stocks/stove-kraft-STOVE,INE00IN01015
RTL,Suumaya Corporation Ltd,SUUMAYA,stock,/stocks/rangoli-tradecomm-RTL,INE0EMB01015
SUV,Suvidhaa Infoserve Ltd,SUVIDHAA,stock,/stocks/suvidhaa-infoserve-SUV,INE018401013
SHARP,Sharpline Broadcast Ltd,SHARPLINE,stock,/stocks/sharpline-broadcast-SHARP,INE647W01014
SONAC,Sona BLW Precision Forgings Ltd,SONACOMS,stock,/stocks/sona-blw-precision-forgings-SONAC,INE073K01018
SANS,Sansera Engineering Ltd,SANSERA,stock,/stocks/sansera-engineering-SANS,INE953O01021
SURYO,Suryoday Small Finance Bank Ltd,SURYODAY,stock,/stocks/suryoday-small-finance-bank-SURYO,INE428Q01011
SHYAE,Shyam Metalics and Energy Ltd,SHYAMMETL,stock,/stocks/shyam-metalics-and-energy-SHYAE,INE810G01011
SIDDI,Siddhika Coatings Ltd,SIDDHIKA,stock,/stocks/siddhika-coatings-SIDDI,INE0A1E01018
SHREI,Shrem InvIT,SHREMINVIT,stock,/stocks/shrem-invit-SHREI,INE0GTI23014
SAMO,Samor Reality Ltd,SAMOR,stock,/stocks/samor-reality-SAMO,INE0GD201014
SBLI,SBL Infratech Ltd,SBLI,stock,/stocks/sbl-infratech-SBLI,INE0DLM01024
SAPPH,Sapphire Foods India Ltd,SAPPHIRE,stock,/stocks/sapphire-foods-india-SAPPH,INE806T01020
SJS,SJS Enterprises Ltd,SJS,stock,/stocks/s-j-s-enterprises-SJS,INE284S01014
SGF,Suyog Gurbaxani Funicular Ropeways Ltd,SGFRL,stock,/stocks/suyog-gurbaxani-funicular-ropeways-SGF,INE07GA01011
SVR,Shri Venkatesh Refineries Ltd,SVRL,stock,/stocks/shri-venkatesh-refineries-SVR,INE0HLJ01013
SHRIR,Shriram Properties Ltd,SHRIRAMPPS,stock,/stocks/shriram-properties-SHRIR,INE217L01019
HANS,Shree Hanuman Sugar & Industries Ltd,HANSUGAR,stock,/stocks/shree-hanuman-sugar-and-industries-HANS,INE101H01013
SIGA,Sigachi Industries Ltd,SIGACHI,stock,/stocks/sigachi-industries-SIGA,INE0D0K01022
STARH,Star Health and Allied Insurance Company Ltd,STARHEALTH,stock,/stocks/star-health-and-allied-insurance-company-STARH,INE575P01011
SST,Safa Systems & Technologies Ltd,SSTL,stock,/stocks/safa-systems-and-technologies-SST,INE0JNA01014
SUPRI,Supriya Lifescience Ltd,SUPRIYA,stock,/stocks/supriya-lifescience-SUPRI,INE07RO01027
SHIG,Shigan Quantum Technologies Ltd,SHIGAN,stock,/stocks/shigan-quantum-technologies-SHIG,INE03KJ01013
SEM,Sunrise Efficient Marketing Ltd,SEML,stock,/stocks/sunrise-efficient-marketing-SEM,INE0KPY01017
SKS,SKP Bearing Industries Ltd,SKP,stock,/stocks/skp-bearing-industries-SKS,INE0KZA01016
SWARA,Swaraj Suiting Ltd,SWARAJ,stock,/stocks/swaraj-suiting-SWARA,INE0GMR01016
SAILA,Sailani Tours N Travel Limited,SAILANI,stock,/stocks/sailani-tours-n-travels-SAILA,INE0KHQ01010
SYR,Syrma SGS Technology Ltd,SYRMA,stock,/stocks/syrma-sgs-technology-SYR,INE0DYJ01015
SHIKH,Shikhar Consultants Ltd,SHIKHAR,stock,/stocks/shikhar-consultants-SHIKH,INE641B01011
SULA,Sula Vineyards Ltd,SULA,stock,/stocks/sula-vineyards-SULA,INE142Q01026
SHAK,Shakti Press Ltd,SHAKTIPR,stock,/stocks/shakti-press-SHAK,INE794C01016
SOT,Sotac Pharmaceuticals Ltd,SOTAC,stock,/stocks/sotac-pharmaceuticals-SOT,INE0O2D01012
SVJ,S V J Enterprises Ltd,SVJ,stock,/stocks/s-v-j-enterprises-SVJ,INE0JZS01010
SWASI,Swastik Pipe Ltd,SWASTIK,stock,/stocks/swastik-pipe-SWASI,INE0DGC01025
SILVP,Silver Pearl Hospitality & Luxury Spaces Ltd,SILVERPRL,stock,/stocks/silver-pearl-hospitality-and-luxury-spaces-SILVP,INE0KXN01014
SPRL,SP Refractories Ltd,SPRL,stock,/stocks/sp-refractories-SPRL,INE0JW501011
SONU,Sonu Infratech Ltd,SONUINFRA,stock,/stocks/sonu-infratech-SONU,INE0JZA01018
SVS,SVS Ventures Ltd,SVS,stock,/stocks/svs-ventures-SVS,INE0MID01012
SYNO,Synoptics Technologies Ltd,SYNOPTICS,stock,/stocks/synoptics-technologies-SYNO,INE0BTR01012
SYSTA,Systango Technologies Ltd,SYSTANGO,stock,/stocks/systango-technologies-SYSTA,INE0O7R01011
SHEL,Shelter Pharma Ltd,SHELTER,stock,/stocks/shelter-pharma-SHEL,INE013V01011
SHO,Shoora Designs Ltd,SHOORA,stock,/stocks/shoora-designs-SHO,INE0OJZ01019
SWAT,Swati Projects Ltd,SWATIPRO,stock,/stocks/swati-projects-SWAT,INE210F01016
SIGNA,Signatureglobal (India) Ltd,SIGNATURE,stock,/stocks/signatureglobal-india-SIGNA,INE903U01023
SRSO,Silicon Rental Solutions Ltd,SRSOLTD,stock,/stocks/silicon-rental-solutions-SRSO,INE0MNV01014
SMCR,SMC Credits Ltd,SMCREDT,stock,/stocks/smc-credits-SMCR,INE440E01012
SCAR,Scarnose International Ltd,SCARNOSE,stock,/stocks/scarnose-international-SCAR,INE0IXR01019
SABA,Sabar Flex India Ltd,SABAR,stock,/stocks/sabar-flex-india-SABA,INE0DZ101013
SANCO,Sancode Technologies Ltd,SANCODE,stock,/stocks/sancode-technologies-SANCO,INE0P7001013
SFS,Shashwat Furnishing Solutions Ltd,SFSL,stock,/stocks/shashwat-furnishing-solutions-SFS,INE0JMN01019
SIS,Shantidoot Infra Services Ltd,SISL,stock,/stocks/shantidoot-infra-services-SIS,INE0LU301014
SEAL,Sealmatic India Ltd,SEALMATIC,stock,/stocks/sealmatic-india-SEAL,INE0O4601016
STM,Steelman Telecom Ltd,STML,stock,/stocks/steelman-telecom-STM,INE0MSK01016
SONAL,Sonalis Consumer Products Ltd,SONALIS,stock,/stocks/sonalis-consumer-products-SONAL,INE0N5O01013
SUDAR,Sudarshan Pharma Industries Ltd,SUDARSHAN,stock,/stocks/sudarshan-pharma-industries-SUDAR,INE00TV01023
SHERA,Shera Energy Ltd,SHERA,stock,/stocks/shera-energy-SHERA,INE0MM001019
SRIVA,Srivasavi Adhesive Tapes Ltd,SRIVASAVI,stock,/stocks/srivasavi-adhesive-tapes-SRIVA,INE0NPI01014
SPECS,Spectrum Talent Management Ltd,SPECTSTM,stock,/stocks/spectrum-talent-management-SPECS,INE0OL001018
SBFC,SBFC Finance Ltd,SBFC,stock,/stocks/sbfc-finance-SBFC,INE423Y01016
SAMH,Samhi Hotels Ltd,SAMHI,stock,/stocks/samhi-hotels-SAMH,INE08U801020
SHRAD,Shradha AI Technologies Ltd,SHRAAITECH,stock,/stocks/shradha-industries-SHRAD,INE489B01031
SAHAN,Sahana System Ltd,SAHANA,stock,/stocks/sahana-systems-SAHAN,INE0LEX01011
SENC,Senco Gold Ltd,SENCO,stock,/stocks/senco-gold-SENC,INE602W01027
SSF,Srivari Spices and Foods Ltd,SSFL,stock,/stocks/srivari-spices-and-foods-SSF,INE0ON201012
SARO,Saroja Pharma Industries India Ltd,SAROJA,stock,/stocks/saroja-pharma-industries-india-SARO,INE0PCL01011
SAAK,Saakshi Medtech and Panels Ltd,SAAKSHI,stock,/stocks/saakshi-medtech-and-panels-SAAK,INE0PSK01027
SEE,SunGarner Energies Ltd,SEL,stock,/stocks/sungarner-energies-SEE,INE0O3O01017
SERV,Service Care Ltd,SERVICE,stock,/stocks/service-care-SERV,INE0P1Q01015
SHRIT,Shri Techtex Ltd,SHRITECH,stock,/stocks/shri-techtex-SHRIT,INE0OMF01015
SANGA,Sangani Hospitals Ltd,SANGANI,stock,/stocks/sangani-hospitals-SANGA,INE0OVI01010
SAHAJ,Sahaj Fashions Ltd,SAHAJ,stock,/stocks/sahaj-fashions-SAHAJ,INE013901017
KALAM,Sai Silks (Kalamandir) Ltd,KALAMANDIR,stock,/stocks/sai-silks-kalamandir-KALAM,INE438K01021
SCM,Sharp Chucks and Machines Ltd,SCML,stock,/stocks/sharp-chucks-and-machines-SCM,INE460Q01014
SUNIA,Sunita Tools Ltd,SUNITATOOL,stock,/stocks/sunita-tools-SUNIA,INE0Q1S01010
SILK,Silkflex Polymers (India) Ltd,SILKFLEX,stock,/stocks/silkflex-polymers-india-SILK,INE0STN01015
SMARI,Sahara Maritime Ltd,SMARITIME,stock,/stocks/sahara-maritime-SMARI,INE0PSJ01011
SHREH,Shree Marutinandan Tubes Ltd,SHREE,stock,/stocks/shree-marutinandan-tubes-SHREH,INE0QIS01011
SKIPP,Skipper Ltd Partly Paidup,SKIPPERPP,stock,/stocks/skipper-partly-paidup-SKIPP,IN9439E01012
SWADH,Swadha Nature Ltd,SWADHATURE,stock,/stocks/swadha-nature-SWADH,INE0P4R01017
SOLAR,Solara Active Pharma Sciences Ltd Partly Paidup,SOLARAPP1,stock,/stocks/solara-active-pharma-sciences-partly-paidup-SOLAR,IN9624Z01022
SURAP,Suraj Industries Ltd Partly Paid-up,SURAJINDPP,stock,/stocks/suraj-industries-partly-paid-up-SURAP,IN9170U01027
SUPRM,Supreme Power Equipment Ltd,SUPREMEPWR,stock,/stocks/supreme-power-equipment-SUPRM,INE0QHG01026
SBV,Shri Balaji Valve Components Ltd,SBVCL,stock,/stocks/shri-balaji-valve-components-SBV,INE0RNZ01014
STANL,Stanley Lifestyles Ltd,STANLEY,stock,/stocks/stanley-lifestyles-STANL,INE01A001028
SATIP,Sati Poly Plast Ltd,SATIPOLY,stock,/stocks/sati-poly-plast-SATIP,INE0RPM01017
SANST,Sanstar Ltd,SANSTAR,stock,/stocks/sanstar-SANST,INE08NE01025
SURAE,Suraj Estate Developers Ltd,SURAJEST,stock,/stocks/suraj-estate-developers-SURAE,INE843S01025
SEIT,Sustainable Energy Infra Trust,SEITINVIT,stock,/stocks/sustainable-energy-infra-trust-SEIT,INE0R8O23017
SHIVS,Shivam Chemicals Ltd,SHIVAM,stock,/stocks/shivam-chemicals-SHIVS,INE0SGR01013
SAIF,Sameera Agro and Infra Ltd,SAIFL,stock,/stocks/sameera-agro-and-infra-SAIF,INE0PZA01015
SADHA,Sadhav Shipping Ltd,SADHAV,stock,/stocks/sadhav-shipping-SADHA,INE0K5H01010
SHEEA,Sheetal Universal Ltd,SHEETAL,stock,/stocks/sheetal-universal-SHEEA,INE04VX01019
SSE,Sathlokhar Synergys E&C Global Ltd,SSEGL,stock,/stocks/sathlokhar-synergys-eandc-global-SSE,INE0RFP01011
SIGNO,Signoria Creation Ltd,SIGNORIA,stock,/stocks/signoria-creation-SIGNO,INE0RDE01010
SHANI,Shanti Spintex Ltd,SHANTIDENM,stock,/stocks/shanti-spintex-SHANI,INE0QZQ01019
SIY,Siyaram Recycling Industries Ltd,SIYARAM,stock,/stocks/siyaram-recycling-industries-SIY,INE0QSK01017
SLO,Slone Infosystems Ltd,SLONE,stock,/stocks/slone-infosystems-SLO,INE0SMA01017
SHRKE,Shree Karni Fabcom Ltd,SHREEKARNI,stock,/stocks/shree-karni-fabcom-SHRKE,INE0S4Y01010
SHILI,Sayaji Hotels (Indore) Ltd,SHILINDORE,stock,/stocks/sayaji-hotels-indore-SHILI,INE0MGS01014
SHPL,Sayaji Hotels (Pune) Ltd,SHPLPUNE,stock,/stocks/sayaji-hotels-pune-SHPL,INE07G501017
SIGNP,Signpost India Ltd,SIGNPOST,stock,/stocks/signpost-india-SIGNP,INE0KGZ01021
SPL,Swashthik Plascon Ltd,SPL,stock,/stocks/swashthik-plascon-SPL,INE0RDR01012
SJL,S J Logistics (India) Ltd,SJLOGISTIC,stock,/stocks/s-j-logistics-india-SJL,INE0F3301020
SATT,Sattrix Information Security Ltd,SATTRIX,stock,/stocks/sattrix-information-security-SATT,INE0QUV01010
SUNLI,Sunlite Recycling Industries Ltd,SUNLITE,stock,/stocks/sunlite-recycling-industries-SUNLI,INE0U2N01013
SHREO,Shree Osfm E-Mobility Ltd,SHREEOSFM,stock,/stocks/shree-osfm-e-mobility-SHREO,INE02S501018
SHEN,Shentracon Chemicals Ltd,SHENTRA,stock,/stocks/shentracon-chemicals-SHEN,INE0OUS01011
SCIL,Shipping Corporation of India Land and Assets Ltd,SCILAL,stock,/stocks/shipping-corporation-of-india-land-and-assets-SCIL,INE0PB301013
SRR,SRM Contractors Ltd,SRM,stock,/stocks/srm-contractors-SRR,INE0R6Z01013
SARTE,SAR Televenture Ltd,SARTELE,stock,/stocks/sar-televenture-SARTE,INE0PUC01020
SUNRE,Sunrest Lifescience Ltd,SUNREST,stock,/stocks/sunrest-lifescience-SUNRE,INE0PLZ01012
SONAM,Sona Machinery Ltd,SONAMAC,stock,/stocks/sona-machinery-SONAM,INE0Q6H01012
SHANH,Shanthala FMCG Products Ltd,SHANTHALA,stock,/stocks/shanthala-fmcg-products-SHANH,INE0Q9Q01017
SUNCL,Sundaram Clayton Ltd,SUNCLAY,stock,/stocks/sundaram-clayton-SUNCL,INE0Q3R01026
STAL,Storage Technologies and Automation Ltd,STAL,stock,/stocks/storage-technologies-and-automation-STAL,INE0RGM01016
SSD,Saraswati Saree Depot Ltd,SSDL,stock,/stocks/saraswati-saree-depot-SSD,INE0PQ101010
SAHAS,Sahaj Solar Ltd,SAHAJSOLAR,stock,/stocks/sahaj-solar-SAHAS,INE0P4701011
SPCL,Shivalic Power Control Ltd,SPCL,stock,/stocks/shivalic-power-control-SPCL,INE0T7B01010
BALC,Solve Plastic Products Ltd,BALCO,stock,/stocks/solve-plastic-products-BALC,INE0U0201016
SYLV,Sylvan Plyboard (India) Ltd,SYLVANPLY,stock,/stocks/sylvan-plyboard-india-SYLV,INE01IH01015
SATE,S A Tech Software India Ltd,SATECH,stock,/stocks/s-a-tech-software-india-SATE,INE0BSN01013
BALA,Shree Tirupati Balajee Agro Trading Company Ltd,BALAJEE,stock,/stocks/shree-tirupati-balajee-agro-trading-co-BALA,INE0S2G01011
SURAK,Suraksha Diagnostic Ltd,SURAKSHA,stock,/stocks/suraksha-diagnostic-SURAK,INE877V01027
SAILI,Sai Life Sciences Ltd,SAILIFE,stock,/stocks/sai-life-sciences-SAILI,INE570L01029
SANOF,Sanofi Consumer Healthcare India Ltd,SANOFICONR,stock,/stocks/sanofi-consumer-healthcare-india-SANOF,INE0UOS01011
SHIVT,Shiv Texchem Ltd,SHIVTEXCHEM,stock,/stocks/shiv-texchem-SHIVT,INE0YRO01015
SSS,Share Samadhan Ltd,SSL,stock,/stocks/share-samadhan-SSS,INE0LY301010
SAHAA,Sahasra Electronic Solutions Ltd,SAHASRA,stock,/stocks/sahasra-electronic-solutions-SAHAA,INE0RBQ01018
SANA,Sanathan Textiles Ltd,SANATHAN,stock,/stocks/sanathan-textiles-SANA,INE0JPD01013
SENO,Senores Pharmaceuticals Ltd,SENORES,stock,/stocks/senores-pharmaceuticals-SENO,INE0RB801010
SGL,Standard Engineering Technology Ltd,SGLTL,stock,/stocks/standard-glass-lining-technology-SGL,INE0M4D01010
SPP,SPP Polymer Ltd,SPPPOLY,stock,/stocks/spp-polymer-SPP,INE0QR801013
SFM,Supreme Facility Management Ltd,SFML,stock,/stocks/supreme-facility-management-SFM,INE0U6N01014
SHUB,Shubhshree Biofuels Energy Ltd,SHUBHSHREE,stock,/stocks/shubhshree-biofuels-energy-SHUB,INE0UL701015
SAGI,Sagility Ltd,SAGILITY,stock,/stocks/sagility-india-SAGI,INE0W2G01015
SAJ,Saj Hotels Ltd,SAJHOTELS,stock,/stocks/saj-hotels-SAJ,INE00MT01022
SAFE,Sodhani Academy of Fintech Enablers Ltd,SAFE,stock,/stocks/sodhani-academy-of-fintech-enablers-SAFE,INE0Q3401017
SDR,S D Retail Ltd,SDREAMS,stock,/stocks/s-d-retail-SDR,INE0X6F01017
SUBA,Subam Papers Ltd,SUBAM,stock,/stocks/subam-papers-SUBA,INE0U6201010
SWIG,Swiggy Ltd,SWIGGY,stock,/stocks/swiggy-SWIG,INE00H001014
SATK,Sat Kartar Shopping Ltd,SATKARTAR,stock,/stocks/sat-kartar-shopping-SATK,INE0NB801022
STALL,Stallion India Fluorochemicals Ltd,STALLION,stock,/stocks/stallion-india-fluorochemicals-STALL,INE0RYC01010
SOLAI,Solarium Green Energy Ltd,SOLARIUM,stock,/stocks/solarium-green-energy-SOLAI,INE0W0H01017
SHANM,Shanmuga Hospital Ltd,SHANMUGA,stock,/stocks/shanmuga-hospital-SHANM,INE0TD301017
SWASH,Swasth Foodtech India Ltd,SWASTH,stock,/stocks/swasth-foodtech-india-SWASH,INE0TIR01017
SHRET,Shreenath Paper Products Ltd,SHREENATH,stock,/stocks/shreenath-paper-products-SHRET,INE0RXS01018
SUPEI,Super Iron Foundry Ltd,SUPERIRON,stock,/stocks/super-iron-foundry-SUPEI,INE16IQ01014
SHRIA,Shri Ahimsa Naturals Ltd,SHRIAHIMSA,stock,/stocks/shri-ahimsa-naturals-SHRIA,INE0DM401012
SPIN,Spinaroo Commercial Ltd,SPINAROO,stock,/stocks/spinaroo-commercial-SPIN,INE10XX01012
SNLF,Shri Niwas Leasing & Finance Ltd Partly Paidup,SNLFPP,stock,/stocks/shri-niwas-leasing-and-finance-partly-paidup-SNLF,IN9201F01013
SRIG,Srigee DLM Ltd,SRIGEE,stock,/stocks/srigee-dlm-SRIG,INE0RJ901010
SCOD,Scoda Tubes Ltd,SCODATUBES,stock,/stocks/scoda-tubes-SCOD,INE090501011
SACH,Sacheerome Ltd,SACHEEROME,stock,/stocks/sacheerome-SACH,INE1ARD01016
ENR,Siemens Energy India Ltd,ENRIN,stock,/stocks/siemens-energy-india-ENR,INE1NPP01017
SAMA,Samay Project Services Ltd,SAMAY,stock,/stocks/samay-project-services-SAMA,INE124101010
SAFEE,Safe Enterprises Retail Fixtures Ltd,SAFEENTP,stock,/stocks/safe-enterprises-retail-fixtures-SAFEE,INE17D601016
SHKS,Shri Hare-Krishna Sponge Iron Ltd,SHKSIL,stock,/stocks/shri-hare-krishna-sponge-iron-SHKS,INE0NON01025
SEVL,Supertech EV Ltd,SEVL,stock,/stocks/supertech-ev-SEVL,INE0SC101013
SUNTC,Suntech Infra Solutions Ltd,SUNTECH,stock,/stocks/suntech-infra-solutions-SUNTC,INE0SGZ01016
SAMBH,Sambhv Steel Tubes Ltd,SAMBHV,stock,/stocks/sambhv-steel-tubes-SAMBH,INE12NJ01018
SILKY,Silky Overseas Ltd,SILKY,stock,/stocks/silky-overseas-SILKY,INE0SN801015
SMART,Smarten Power Systems Ltd,SMARTEN,stock,/stocks/smarten-power-systems-SMART,INE14GK01016
SMARW,Smartworks Coworking Spaces Ltd,SMARTWORKS,stock,/stocks/smartworks-coworking-spaces-SMARW,INE0NAZ01010
SPU,Spunweb Nonwoven Ltd,SPUNWEB,stock,/stocks/spunweb-nonwoven-SPU,INE19QH01010
SAVY,Savy Infra and Logistics Ltd,SAVY,stock,/stocks/savy-infra-and-logistics-SAVY,INE0UCN01017
SWASK,Swastika Castal Ltd,SWASTIKAAL,stock,/stocks/swastika-castal-SWASK,INE0PTF01017
SHREF,Shree Refrigerations Ltd,SHREEREF,stock,/stocks/shree-refrigerations-SHREF,INE0FMZ01045
SELL,Sellowrap Industries Ltd,SELLOWRAP,stock,/stocks/sellowrap-industries-SELL,INE0IJF01013
SHANG,Shanti Gold International Ltd,SHANTIGOLD,stock,/stocks/shanti-gold-international-SHANG,INE06ZD01017
LOTU,Sri Lotus Developers and Realty Ltd,LOTUSDEV,stock,/stocks/sri-lotus-developers-and-realty-LOTU,INE0V9Q01010
SAWA,Sawaliya Food Products Ltd,SAWALIYA,stock,/stocks/sawaliya-food-products-SAWA,INE10VS01016
STARI,Star Imaging and Path Lab Ltd,STARIMAGIN,stock,/stocks/star-imaging-and-path-lab-STARI,INE0YG001013
STUD,Studio LSD Ltd,STUDIOLSD,stock,/stocks/studio-lsd-STUD,INE17VO01028
SSFL,Spandana Sphoorty Financial Ltd Partly Paidup,SSFLPP,stock,/stocks/spandana-sphoorty-financial-partly-paidup-SSFL,IN9572J01019
SHREG,Shreeji Shipping Global Ltd,SHREEJISPG,stock,/stocks/shreeji-shipping-global-SHREG,INE1B6101010
SHIVH,Shivashrit Foods Ltd,SHIVASHRIT,stock,/stocks/shivashrit-foods-SHIVH,INE1DLF01018
SATTV,Sattva Engineering Construction Ltd,SATTVAENGG,stock,/stocks/sattva-engineering-construction-SATTV,INE14DW01018
STLN,STL Networks Ltd,STLNETWORK,stock,/stocks/stl-networks-STLN,INE1VXE01018
SNE,Snehaa Organics Ltd,SNEHAA,stock,/stocks/snehaa-organics-SNE,INE1OIC01018
SUGS,Sugs Lloyd Ltd,SUGSLLOYD,stock,/stocks/sugs-lloyd-SUGS,INE0XX801016
SHARV,Sharvaya Metals Ltd,SHARVAYA,stock,/stocks/sharvaya-metals-SHARV,INE0UJF01018
SHRIM,Shringar House of Mangalsutra Ltd,SHRINGARMS,stock,/stocks/shringar-house-of-mangalsutra-SHRIM,INE1B3L01017
SAMPA,Sampat Aluminium Ltd,SAMPAT,stock,/stocks/sampat-aluminium-SAMPA,INE10XS01012
SAAT,Saatvik Green Energy Ltd,SAATVIKGL,stock,/stocks/saatvik-green-energy-SAAT,INE13B501022
SIDDC,Siddhi Cotspin Ltd,SIDDHICOTS,stock,/stocks/siddhi-cotspin-SIDDC,INE0SVO01019
SOLAW,Solarworld Energy Solutions Ltd,SOLARWORLD,stock,/stocks/solarworld-energy-solutions-SOLAW,INE0TY101024
STYS,Seshaasai Technologies Ltd,STYL,stock,/stocks/seshaasai-technologies-STYS,INE04VU01023
SOLV,Solvex Edibles Ltd,SOLVEX,stock,/stocks/solvex-edibles-SOLV,INE1IIQ01028
SYSTE,Systematic Industries Ltd,SYSTEMATIC,stock,/stocks/systematic-industries-SYSTE,INE1KLZ01011
SUBAH,Suba Hotels Ltd,SUBAHOTELS,stock,/stocks/suba-hotels-SUBAH,INE0RYR01018
SOD,Sodhani Capital Ltd,SODHACAP,stock,/stocks/sodhani-capital-SOD,INE0QU501030
SHEEL,Sheel Biotech Ltd,SHEEL,stock,/stocks/sheel-biotech-SHEEL,INE0YJV01017
SUNSK,Sunsky Logistics Ltd,SUNSKY,stock,/stocks/sunsky-logistics-SUNSK,INE10CM01027
SIH,Sihora Industries Ltd,SIHORA,stock,/stocks/sihora-industries-SIH,INE0SFA01011
SHL,Shlokka Dyes Limited,SHLOKKA,stock,/stocks/shlokka-dyes-SHL,INE1EUB01016
SKM,SK Minerals & Additives Ltd,SKM,stock,/stocks/sk-minerals-and-additives-SKM,INE13YH01017
SAFEC,SAFECURE SERVICES LIMITED,SAFECURE,stock,/stocks/safecure-services-SAFEC,INE0SVZ01015
STUDD,Studds Accessories Ltd,STUDDS,stock,/stocks/studds-accessories-STUDD,INE00Q601028
SHETH,Shreeji Global FMCG Ltd,SHETHJI,stock,/stocks/shreeji-global-fmcg-SHETH,INE1FL101016
SHT,Shining Tools Ltd,SHTL,stock,/stocks/shining-tools-SHT,INE0D8001018
SUDE,Sudeep Pharma Ltd,SUDEEPPHRM,stock,/stocks/sudeep-pharma-SUDE,INE0QPI01025
SSM,SSMD Agrotech India Ltd,SSMD,stock,/stocks/ssmd-agrotech-india-SSM,INE1U2R01013
SKFI,SKF India (Industrial) Ltd,SKFINDUS,stock,/stocks/skf-india-industrial-SKFI,INE2J8701016
SPEB,SPEB Adhesives Ltd,SPEB,stock,/stocks/speb-adhesives-SPEB,INE1CW901027
SHRIH,Shri Kanha Stainless Ltd,SHRIKANHA,stock,/stocks/shri-kanha-stainless-SHRIH,INE1V4601019
SHIP,Shipwaves Online Ltd,SHIPWAVES,stock,/stocks/shipwaves-online-SHIP,INE0O9L01010
STANB,Stanbik Agro Ltd,STANBIK,stock,/stocks/stanbik-agro-STANB,INE16QA01011
SIMA,Simandhar Impex Ltd,SIMANDHAR,stock,/stocks/simandhar-impex-SIMA,INE0VI201010
SOC,Sundrex Oil Company Limited,SOCL,stock,/stocks/sundrex-oil-company-SOC,INE0CTB01014
SHYAD,Shyam Dhani Industries Ltd,SHYAMDHANI,stock,/stocks/shyam-dhani-industries-SHYAD,INE1CRP01016
TATN,Tata Nifty 50 ETF,NETF,etf,/etfs/tata-nifty-50-etf-TATN,INF277K015R5
TATF,Tata Nifty Private Bank Exchange Traded Fund,NPBET,etf,/etfs/tata-nifty-bank-etf-TATF,INF277K010X4
TNI,Tata Nifty India Digital Exchange Traded Fund,TNIDETF,etf,/etfs/tata-nifty-india-digital-etf-TNI,INF277KA1364
TATSI,Tata Silver Exchange Traded Fund,TATSILV,etf,/etfs/tata-silver-exchange-traded-fund-TATSI,INF277KA1984
TATAG,Tata Gold Exchange Traded Fund,TATAGOLD,etf,/etfs/tata-gold-exchange-traded-fund-TATAG,INF277KA1976
TWC,The Wealth Company Gold ETF,TWCGOLDETF,etf,/etfs/the-wealth-company-gold-etf-TWC,INF2F0001370
TWMS,Twentyfirst Century Management Services Ltd,21STCENMGM,stock,/stocks/twentyfirst-century-management-services-TWMS,INE253B01015
CNPL,True Green Bio Energy Ltd,TRUEGREEN,stock,/stocks/cil-nova-petrochemicals-CNPL,INE672K01025
GIEN,Teamo Productions HQ Ltd,TPHQ,stock,/stocks/gi-engineering-solutions-GIEN,INE065J01024
SNDA,TSF Investments Ltd,TSFINV,stock,/stocks/sundaram-finance-holdings-SNDA,INE202Z01029
RUBY,The Ruby Mills Ltd,RUBYMILLS,stock,/stocks/ruby-mills-RUBY,INE301D01026
TCIE,TCI Express Ltd,TCIEXP,stock,/stocks/tci-express-TCIE,INE586V01016
TSIL,Thomas Scott (India) Ltd,THOMASCOTT,stock,/stocks/thomas-scott-india-TSIL,INE480M01011
THYO,Thyrocare Technologies Ltd,THYROCARE,stock,/stocks/thyrocare-technologies-THYO,INE594H01019
TVVI,TV Vision Ltd,TVVISION,stock,/stocks/tv-vision-TVVI,INE871L01013
TANC,Twamev Construction and Infrastructure Ltd,TICL,stock,/stocks/tantia-constructions-TANC,INE388G01026
TPL,Tamilnadu Petroproducts Ltd,TNPETRO,stock,/stocks/tamilnadu-petroproducts-TPL,INE148A01019
TTKL,TTK Prestige Ltd,TTKPRESTIG,stock,/stocks/ttk-prestige-TTKL,INE690A01028
TTL,T T Ltd,TTL,stock,/stocks/t-t-TTL,INE592B01024
TEXA,Texmaco Rail & Engineering Ltd,TEXRAIL,stock,/stocks/texmaco-rail-and-engineering-TEXA,INE621L01012
TOPO,Torrent Power Ltd,TORNTPOWER,stock,/stocks/torrent-power-TOPO,INE813H01021
TOTA,Total Transport Systems Ltd,TOTAL,stock,/stocks/total-transport-systems-TOTA,INE336X01012
TREI,Triveni Engineering and Industries Ltd,TRIVENI,stock,/stocks/triveni-engineering-and-industries-TREI,INE256C01024
TTML,Tata Teleservices (Maharashtra) Ltd,TTML,stock,/stocks/tata-teleservices-maharashtra-TTML,INE517B01013
TABE,Tasty Bite Eatables Ltd,TASTYBITE,stock,/stocks/tasty-bite-eatables-TABE,INE488B01017
TAMO,Tata Motors Passenger Vehicles Ltd,TMPV,stock,/stocks/tata-motors-TAMO,INE155A01022
TERA,Tera Software Ltd,TERASOFT,stock,/stocks/tera-software-TERA,INE482B01010
TIMK,Timken India Ltd,TIMKEN,stock,/stocks/timken-india-TIMK,INE325A01013
TAMT,Tamilnadu Telecommunication Ltd,TNTELE,stock,/stocks/tamilnadu-telecommunication-TAMT,INE141D01018
TOUC,Touchwood Entertainment Ltd,TOUCHWOOD,stock,/stocks/touchwood-entertainment-TOUC,INE486Y01013
TVEL,TVS Electronics Ltd,TVSELECT,stock,/stocks/tvs-electronics-TVEL,INE236G01019
TARA,Tarapur Transformers Ltd,TARAPUR,stock,/stocks/tarapur-transformers-TARA,INE747K01017
TITN,Titan Company Ltd,TITAN,stock,/stocks/titan-company-TITN,INE280A01028
TREN,Trent Ltd,TRENT,stock,/stocks/trent-TREN,INE849A01020
TRNF,Transformers and Rectifiers (India) Ltd,TARIL,stock,/stocks/transformers-and-rectifiers-india-TRNF,INE763I01026
TVSC,TVS Srichakra Ltd,TVSSRICHAK,stock,/stocks/tvs-srichakra-TVSC,INE421C01016
TITW,Titagarh Rail Systems Ltd,TITAGARH,stock,/stocks/titagarh-wagons-TITW,INE615H01020
TGBB,TGB Banquets and Hotels Ltd,TGBHOTELS,stock,/stocks/tgb-banquets-and-hotels-TGBB,INE797H01018
TEIN,Technocraft Industries (India) Ltd,TIIL,stock,/stocks/technocraft-industries-india-TEIN,INE545H01011
TBEI,Tube Investments of India Ltd,TIINDIA,stock,/stocks/tube-investments-of-india-TBEI,INE974X01010
TIJA,Tijaria Polypipes Ltd,TIJARIA,stock,/stocks/tijaria-polypipes-TIJA,INE440L01017
TPLP,TPL Plastech Ltd,TPLPLASTEH,stock,/stocks/tpl-plastech-TPLP,INE413G01022
TVTO,TV Today Network Limited,TVTODAY,stock,/stocks/tv-today-network-TVTO,INE038F01029
SRSH,Transworld Shipping Lines Ltd,TRANSWORLD,stock,/stocks/shreyas-shipping-and-logistics-SRSH,INE757B01015
TAJG,TAJ GVK Hotels and Resorts Ltd,TAJGVK,stock,/stocks/taj-gvk-hotels-and-resorts-TAJG,INE586B01026
TAMF,Tanfac Industries Ltd,TANFACIND,stock,/stocks/tanfac-industries-TAMF,INE639B01015
TATA,Tata Communications Ltd,TATACOMM,stock,/stocks/tata-communications-TATA,INE151A01013
TAKE,Take Solutions Ltd,TAKE,stock,/stocks/take-solutions-TAKE,INE142I01023
TRFI,Transwarranty Finance Ltd,TFL,stock,/stocks/transwarranty-finance-TRFI,INE804H01012
TORP,Torrent Pharmaceuticals Ltd,TORNTPHARM,stock,/stocks/torrent-pharmaceuticals-TORP,INE685A01028
TARM,Tarmat Ltd,TARMAT,stock,/stocks/tarmat-TARM,INE924H01018
TISC,Tata Steel Ltd,TATASTEEL,stock,/stocks/tata-steel-TISC,INE081A01020
TCS,Tata Consultancy Services Ltd,TCS,stock,/stocks/tata-consultancy-services-TCS,INE467B01029
TEJS,Tejas Networks Ltd,TEJASNET,stock,/stocks/tejas-networks-TEJS,INE010J01012
THRM,Thirumalai Chemicals Ltd,TIRUMALCHM,stock,/stocks/thirumalai-chemicals-THRM,INE338A01024
TPLI,Tokyo Plast International Ltd,TOKYOPLAST,stock,/stocks/tokyo-plast-international-TPLI,INE932C01012
TEEC,Techno Electric & Engineering Company Ltd,TECHNOE,stock,/stocks/techno-electric-and-engineering-company-TEEC,INE285K01026
TILK,Tilaknagar Industries Ltd,TI,stock,/stocks/tilaknagar-industries-TILK,INE133E01013
TTCH,Tata Chemicals Ltd,TATACHEM,stock,/stocks/tata-chemicals-TTCH,INE092A01019
THEM,Themis Medicare Ltd,THEMISMED,stock,/stocks/themis-medicare-THEM,INE083B01024
THMX,Thermax Limited,THERMAX,stock,/stocks/thermax-THMX,INE152A01029
TNEC,Tulsyan NEC Ltd,TULSYAN,stock,/stocks/tulsyan-nec-TNEC,INE463D01016
TNSL,Tanla Platforms Ltd,TANLA,stock,/stocks/tanla-platforms-TNSL,INE483C01032
TARC,Tara Chand Infralogistic Solutions Ltd,TARACHAND,stock,/stocks/tara-chand-logistic-solutions-TARC,INE555Z01020
TCIL,Transport Corporation of India Ltd,TCI,stock,/stocks/transport-corporation-of-india-TCIL,INE688A01022
TEML,Tech Mahindra Ltd,TECHM,stock,/stocks/tech-mahindra-TEML,INE669C01036
TEMB,Tembo Global Industries Ltd,TEMBO,stock,/stocks/tembo-global-industries-TEMB,INE869Y01010
THOM,Thomas Cook (India) Ltd,THOMASCOOK,stock,/stocks/thomas-cook-india-THOM,INE332A01027
TACN,Tata Consumer Products Ltd,TATACONSUM,stock,/stocks/tata-consumer-products-TACN,INE192A01025
TCPL,TCPL Packaging Ltd,TCPLPACK,stock,/stocks/tcpl-packaging-TCPL,INE822C01015
TENI,Techindia Nirman Ltd,TECHIN,stock,/stocks/techindia-nirman-TENI,INE778A01021
TREJ,Trejhara Solutions Ltd,TREJHARA,stock,/stocks/trejhara-solutions-TREJ,INE00CA01015
TVSM,TVS Motor Company Ltd,TVSMOTOR,stock,/stocks/tvs-motor-company-TVSM,INE494B01023
TALB,Talbros Automotive Components Ltd,TALBROAUTO,stock,/stocks/talbros-automotive-components-TALB,INE187D01029
TCII,Tci Finance Ltd,TCIFINANCE,stock,/stocks/tci-finance-TCII,INE911B01018
THNG,Thangamayil Jewellery Ltd,THANGAMAYL,stock,/stocks/thanga-mayil-jewellery-THNG,INE085J01014
TGFL,Team India Guaranty Ltd,TEAMGTY,stock,/stocks/times-guaranty-TGFL,INE289C01025
TRIG,Trigyn Technologies Ltd,TRIGYN,stock,/stocks/trigyn-technologies-TRIG,INE948A01012
TAIN,Tainwala Chemicals and Plastics (India) Ltd,TAINWALCHM,stock,/stocks/tainwala-chemicals-and-plastics-india-TAIN,INE123C01018
TTEX,Tata Elxsi Ltd,TATAELXSI,stock,/stocks/tata-elxsi-TTEX,INE670A01012
TEXM,Texmaco Infrastructure & Holdings Ltd,TEXINFRA,stock,/stocks/texmaco-infrastructure-and-holdings-TEXM,INE435C01024
THEJ,Thejo Engineering Ltd,THEJO,stock,/stocks/thejo-engineering-THEJ,INE121N01019
TIRF,Tirupati Forge Ltd,TIRUPATIFL,stock,/stocks/tirupati-forge-TIRF,INE319Y01024
TRAW,Transwind Infrastructures Ltd,TRANSWIND,stock,/stocks/transwind-infrastructures-TRAW,INE792X01016
TRVT,Triveni Turbine Ltd,TRITURBINE,stock,/stocks/triveni-turbine-TRVT,INE152M01016
SUND,TVS Holdings Ltd,TVSHLTD,stock,/stocks/sundaram-clayton-SUND,INE105A01035
TINV,Tata Investment Corporation Ltd,TATAINVEST,stock,/stocks/tata-investment-corporation-TINV,INE672A01026
TTPW,Tata Power Company Ltd,TATAPOWER,stock,/stocks/tata-power-company-TTPW,INE245A01021
TDPS,TD Power Systems Ltd,TDPOWERSYS,stock,/stocks/td-power-systems-TDPS,INE419M01027
TLSV,TeamLease Services Ltd,TEAMLEASE,stock,/stocks/teamlease-services-TLSV,INE985S01024
TFCI,Tourism Finance Corporation of India Ltd,TFCILTD,stock,/stocks/tourism-finance-corporation-of-india-TFCI,INE305A01023
TILL,TIL Ltd,TIL,stock,/stocks/til-TILL,INE806C01018
TBZL,Tribhovandas Bhimji Zaveri Ltd,TBZ,stock,/stocks/tribhovandas-bhimji-zaveri-TBZL,INE760L01018
TEXO,Texmo Pipes and Products Ltd,TEXMOPIPES,stock,/stocks/texmo-pipes-and-products-TEXO,INE141K01013
TNNP,Tamilnadu Newsprint & Papers Ltd,TNPL,stock,/stocks/tamilnadu-newsprint-and-papers-TNNP,INE107A01015
TRIE,Trident Ltd,TRIDENT,stock,/stocks/trident-TRIE,INE064C01022
TTKH,TTK Healthcare Ltd,TTKHLTCARE,stock,/stocks/ttk-healthcare-TTKH,INE910C01018
TIME,Time Technoplast Ltd,TIMETECHNO,stock,/stocks/time-technoplast-TIME,INE508G01029
TIPS,Tips Music Ltd,TIPSMUSIC,stock,/stocks/tips-industries-TIPS,INE716B01029
THEA,Tree House Education and Accessories Ltd,TREEHOUSE,stock,/stocks/tree-house-education-and-accessories-THEA,INE040M01013
TTRO,TRF Ltd,TRF,stock,/stocks/trf-TTRO,INE391D01019
TEJ,Tejnaksh Healthcare Ltd,TEJNAKSH,stock,/stocks/tejnaksh-healthcare-TEJ,INE030T01027
DHA,Trucap Finance Ltd,TRU,stock,/stocks/dhanvarsha-finvest-DHA,INE615R01029
TRA,Tranway21 Technologies Ltd,TRANWAY21,stock,/stocks/tranway-technologies-TRA,INE0BIW01023
TRAN,Transpact Enterprises Ltd,TRANSPACT,stock,/stocks/transpact-enterprises-TRAN,INE06YD01010
TAN,Tanvi Foods (India) Ltd,TANVI,stock,/stocks/tanvi-foods-india-TAN,INE978V01015
TIT,Titaanium Ten Enterprise Ltd,TITAANIUM,stock,/stocks/titaanium-ten-enterprise-TIT,INE120V01014
THI,Thinkink Picturez Ltd,THINKINK,stock,/stocks/thinkink-picturez-THI,INE365S01045
TTF,Trident Texofab Ltd,TTFL,stock,/stocks/trident-texofab-TTF,INE071Y01013
TAA,TAAL Tech Ltd,TAALENT,stock,/stocks/taal-enterprises-TAA,INE524T01011
TRL,Taylormade Renewables Ltd,TRL,stock,/stocks/taylormade-renewables-TRL,INE459Z01017
TDS,Tasty Dairy Specialities Ltd,TDSL,stock,/stocks/tasty-dairy-specialities-TDS,INE773Y01014
TIG,Tiger Logistics (India) Ltd,TIGERLOGS,stock,/stocks/tiger-logistics-india-TIG,INE906O01029
TRI,Triveni Enterprises Ltd,TRIVENIENT,stock,/stocks/triveni-enterprises-TRI,INE916P01025
TAR,Tarini International Ltd,TARINI,stock,/stocks/tarini-international-TAR,INE849M01017
TOY,Toyam Sports Ltd,TOYAMSL,stock,/stocks/toyam-industries-TOY,INE457P01020
TAM,Tamboli Industries Ltd,TAMBOLIIN,stock,/stocks/tamboli-capital-TAM,INE864J01012
AIS,Telogica Ltd,TELOGICA,stock,/stocks/aishwarya-technologies-and-telecom-AIS,INE778I01024
TRIO,Trio Mercantile And Trading Ltd,TRIOMERC,stock,/stocks/trio-mercantile-and-trading-TRIO,INE234G01022
TPR,Thirani Projects Ltd,TPROJECT,stock,/stocks/thirani-projects-TPR,INE901C01017
TCF,TCFC Finance Ltd,TCFCFINQ,stock,/stocks/tcfc-finance-TCF,INE389D01013
TRAD,Trade Wings Ltd,TRADWIN,stock,/stocks/trade-wings-TRAD,INE961E01017
TIL,Tilak Ventures Ltd,TILAK,stock,/stocks/tilak-ventures-TIL,INE026L01022
TSP,T Spiritual World Ltd,TSPIRITUAL,stock,/stocks/t-spiritual-world-TSP,INE541C01037
TYC,Tyche Industries Ltd,TYCHE,stock,/stocks/tyche-industries-TYC,INE443B01012
TTIL,Tirupati Innovar Ltd,TIRUPATIIN,stock,/stocks/tirupati-tyres-TTIL,INE812Q01016
TTI,TTI Enterprise Ltd,TTIENT,stock,/stocks/tti-enterprise-TTI,INE404F01031
TEJA,Tejassvi Aaharam Ltd,TEJASSVI,stock,/stocks/tejassvi-aaharam-TEJA,INE173E01019
TAL,Talbros Engineering Ltd,TALBROSENG,stock,/stocks/talbros-engineering-TAL,INE717E01013
TFL,Tirupati Finlease Ltd,TFLL,stock,/stocks/tirupati-fin-lease-TFL,INE027S01017
ASHU,Tridev Infraestates Ltd,ASHUTPM,stock,/stocks/tridev-infraestates-ASHU,INE723K01018
TRANS,Transcorp International Ltd,TRANSCOR,stock,/stocks/transcorp-international-TRANS,INE330E01023
TIR,Tirupati Foam Ltd,TIRUFOAM,stock,/stocks/tirupati-foam-TIR,INE115G01015
TRIN,Trinity League India Ltd,TRINITYLEA,stock,/stocks/trinity-league-india-TRIN,INE884X01011
TRE,Trescon Ltd,TRESCON,stock,/stocks/trescon-TRE,INE088D01011
TVO,Tivoli Construction Ltd,TVOLCON,stock,/stocks/tivoli-construction-TVO,INE747V01014
TAS,Tashi India Ltd,TASHIND,stock,/stocks/tashi-india-TAS,INE552H01017
TAH,Tiaan Consumer Ltd,TIAANC,stock,/stocks/tiaan-ayurvedic-and-herbs-TAH,INE864T01011
TIRS,Tirupati Sarjan Ltd,TIRSARJ,stock,/stocks/tirupati-sarjan-TIRS,INE297J01023
ADIE,Trustedge Capital Ltd,TRUSTEDGE,stock,/stocks/adinath-exim-resources-ADIE,INE398H01015
ASIF,Thakkers Group Ltd,THAKKERS,stock,/stocks/asian-food-products-ASIF,INE04VT01017
TRIC,Tricom Fruit Products Ltd,TRICOMFRU,stock,/stocks/tricom-fruit-products-TRIC,INE843F01014
TOK,Tokyo Finance Ltd,TOKYOFIN,stock,/stocks/tokyo-finance-TOK,INE546D01018
TFS,Typhoon Financial Services Ltd,TFSL,stock,/stocks/typhoon-financial-services-TFS,INE761R01013
TUN,Tuni Textile Mills Ltd,TUNITEX,stock,/stocks/tuni-textile-mills-TUN,INE560D01027
TATI,Tatia Global Vennture Ltd,TATIAGLOB,stock,/stocks/tatia-global-venture-TATI,INE083G01031
TEXE,Texel Industries Ltd,TEXELIN,stock,/stocks/texel-industries-TEXE,INE594V01028
TRIS,Trishakti Industries Ltd,TRISHAKT,stock,/stocks/trishakti-electronics-and-industries-TRIS,INE238C01022
ASW,TCC Concept Ltd,TCC,stock,/stocks/aaswa-trading-and-exports-ASW,INE887D01016
HIG,Tusaldah Ltd,TUSALDAH,stock,/stocks/high-street-filatex-HIG,INE319M01011
TAI,Tai Industries Ltd,TAIIND,stock,/stocks/tai-industries-TAI,INE358D01018
TITAN,Titan Biotech Ltd,TITANBIO,stock,/stocks/titan-biotech-TITAN,INE150C01011
BRAND,Tradewell Holdings Ltd,TRADEWELL,stock,/stocks/brand-realty-services-BRAND,INE819G01012
TUL,Tulive Developers Ltd,TULIVE,stock,/stocks/tulive-developers-TUL,INE637D01015
TIRT,Tirth Plastic Ltd,TIRTPLS,stock,/stocks/tirth-plastic-TIRT,INE008N01018
THAK,Thakkers Developers Ltd,THAKDEV,stock,/stocks/thakkers-developers-THAK,INE403F01017
LAD,Turner Industries Ltd,LADIAMO,stock,/stocks/turner-industries-LAD,INE995E01015
TER,Terai Tea Co Ltd,TERAI,stock,/stocks/terai-tea-co-TER,INE390D01011
TELE,TeleCanor Global Ltd,TELECANOR,stock,/stocks/telecanor-global-TELE,INE381G01013
TIRUS,Tirupati Starch & Chemicals Ltd,TIRUSTA,stock,/stocks/tirupati-starch-and-chemicals-TIRUS,INE314D01011
RAH,Tacent Projects Ltd,TACENT,stock,/stocks/rahul-merchandising-RAH,INE149D01011
TANE,Taneja Aerospace and Aviation Ltd,TANAA,stock,/stocks/taneja-aerospace-and-aviation-TANE,INE692C01020
TULA,Tulasee Bio-Ethanol Ltd,TULASEEBIOE,stock,/stocks/tulasee-bio-ethanol-TULA,INE276N01011
TNS,Tamil Nadu Steel Tubes Ltd,TNSTLTU,stock,/stocks/tamilnadu-steel-tubes-TNS,INE176E01012
TRAND,Transglobe Foods Ltd,TRANSFD,stock,/stocks/transglobe-foods-TRAND,INE213P01027
TYR,Tyroon Tea Co Ltd,TYROON,stock,/stocks/tyroon-tea-company-TYR,INE945B01016
TITA,Titan Securities Ltd,TITANSEC,stock,/stocks/titan-securities-TITA,INE090D01017
TRAB,Transgene Biotek Ltd,TRABI,stock,/stocks/transgene-biotek-TRAB,INE773D01018
TMT,TMT (India) Ltd,TMTIND-B1,stock,/stocks/tmt-i-TMT,INE182E01010
TIM,Timex Group India Ltd,TIMEX,stock,/stocks/timex-group-india-TIM,INE064A01026
TARAI,Tarai Foods Ltd,TARAI,stock,/stocks/tarai-foods-TARAI,INE906C01016
TINN,Tinna Rubber and Infrastructure Ltd,TINNARUBR,stock,/stocks/tinna-rubber-and-infrastructure-TINN,INE015C01016
TIGL,T & I Global Ltd,TIGLOB,stock,/stocks/t-and-i-global-TIGL,INE811B01010
TTLE,TTL Enterprises Ltd,TTLEL,stock,/stocks/ttl-enterprises-TTLE,INE664X01025
TRITO,Triton Valves Ltd,TRITONV,stock,/stocks/triton-valves-TRITO,INE440G01017
TRANC,Transchem Ltd,TRANSCHEM,stock,/stocks/transchem-TRANC,INE019B01010
SARD,Tahmar Enterprises Ltd,TAHMARENT,stock,/stocks/sarda-papers-SARD,INE385D01029
IOS,Trans India House Impex Ltd,TIHIL,stock,/stocks/io-system-IOS,INE502D01011
ZLE,Triliance Polymers Ltd,TRILIANCE,stock,/stocks/leena-consultancy-ZLE,INE778N01016
THAC,Thacker and Company Ltd,THACKER,stock,/stocks/thacker-and-company-THAC,INE077P01034
TERRA,Terraform Realstate Ltd,TERRAREAL,stock,/stocks/terraform-realstate-TERRA,INE123V01018
TEE,Teesta Agro Industries Ltd,TEEAI,stock,/stocks/teesta-agro-industries-TEE,INE757D01011
TWIR,Twin Roses Trades and Agencies Ltd,TWIROST,stock,/stocks/twin-roses-trades-and-agencies-TWIR,INE436U01016
TRANR,Trans Freight Containers Ltd,TRANSFRE,stock,/stocks/trans-freight-containers-TRANR,INE360D01014
TECI,Tecil Chemicals and Hydro Power Ltd,TECILCHEM,stock,/stocks/tecil-chemical-and-hydro-power-TECI,INE014B01011
TERRF,Terraform Magnum Ltd,TERRAFORM,stock,/stocks/terraform-magnum-TERRF,INE122V01010
TPI,TPI India Ltd,TPINDIA,stock,/stocks/tpi-india-TPI,INE578C01021
THAKR,Thakral Services (India) Ltd,THAKRAL,stock,/stocks/thakral-services-india-THAKR,INE190F01028
CNI,Tomorrow Technologies Global Innovations Ltd,TTGIL,stock,/stocks/cni-research-CNI,INE135H01029
TCM,TCM Ltd,TCMLMTD,stock,/stocks/tcm-TCM,INE034F01010
INDOV,Titan Intech Ltd,TITANIN,stock,/stocks/titan-intech-INDOV,INE807M01031
TAP,Taparia Tools Ltd,TAPARIA,stock,/stocks/taparia-tools-TAP,INE614R01014
TECH,TechNVision Ventures Ltd,TECHNVISN,stock,/stocks/technvision-ventures-TECH,INE314H01012
TECHC,Technojet Consultants Ltd,TECHCON,stock,/stocks/technojet-consultants-TECHC,INE881P01013
TRIP,Triochem Products Ltd,TRIPR,stock,/stocks/triochem-products-TRIP,INE331E01013
ADORM,Thrive Future Habitats Ltd,THRIVE,stock,/stocks/ador-multi-products-ADORM,INE628D01014
STRL,Trustwave Securities Ltd,TRUSTWAVE,stock,/stocks/sterling-guaranty-and-finance-STRL,INE668Y01016
TRIVE,Triveni Glass Ltd,TRIVENIGQ,stock,/stocks/triveni-glass-TRIVE,INE094C01011
SREER,TGV SRAAC Ltd,TGVSL,stock,/stocks/tgv-sraac-SREER,INE284B01028
TRANP,Transpek Industry Ltd,TRANSPEK,stock,/stocks/transpek-industry-TRANP,INE687A01016
TUT,Tuticorin Alkali Chemicals and Fertilizers Ltd,TUTIALKA,stock,/stocks/tuticorin-alkali-chemicals-and-fertilizers-TUT,INE400A01014
PHI,Team24 Consumer Products Ltd,TEAM24,stock,/stocks/kore-foods-PHI,INE601A01017
TCI,TCI Industries Ltd,TCIIND,stock,/stocks/tci-industries-TCI,INE920B01019
TART,Tarc Ltd,TARC,stock,/stocks/anant-raj-global-TART,INE0EK901012
TIMES,Times Green Energy (India) Ltd,TIMESGREEN,stock,/stocks/times-green-energy-india-TIMES,INE0B6101012
TATV,Tatva Chintan Pharma Chem Ltd,TATVA,stock,/stocks/tatva-chintan-pharma-chem-TATV,INE0GK401011
TEG,Tega Industries Ltd,TEGA,stock,/stocks/tega-industries-TEG,INE011K01018
TARS,Tarsons Products Ltd,TARSONS,stock,/stocks/tarsons-products-TARS,INE144Z01023
TIMEC,Timescan Logistics (India) Ltd,TIMESCAN,stock,/stocks/timescan-logistics-india-TIMEC,INE0IJY01014
TECHN,Technopack Polymers Ltd,TECHNOPACK,stock,/stocks/technopack-polymers-TECHN,INE0MXP01015
TIE,Tierra Agrotech Ltd,TIERRA,stock,/stocks/tierra-agrotech-TIE,INE05CY01014
TAPI,Tapi Fruit Processing Ltd,TAPIFRUIT,stock,/stocks/tapi-fruit-processing-TAPI,INE0M7001010
TIP,Tips Films Ltd,TIPSFILMS,stock,/stocks/tips-films-TIP,INE0LQS01015
TRANV,Transvoy Logistics India Ltd,TRANSVOY,stock,/stocks/transvoy-logistics-india-TRANV,INE0MPU01011
TLL,Trident Lifeline Ltd,TLL,stock,/stocks/trident-lifeline-TLL,INE0MKA01014
TREL,Transindia Real Estate Ltd,TREL,stock,/stocks/transindia-real-estate-TREL,INE0O3901029
TRIU,Triumph International Finance India Ltd,TRIUMPIN,stock,/stocks/triumph-international-finance-india-TRIU,INE382B01012
TRAC,Tracxn Technologies Ltd,TRACXN,stock,/stocks/tracxn-technologies-TRAC,INE0HMF01019
TMB,Tamilnad Mercantile Bank Ltd,TMB,stock,/stocks/tamilnad-mercantile-bank-TMB,INE668A01016
TECHK,Techknowgreen Solutions Ltd,TECHKGREEN,stock,/stocks/techknowgreen-solutions-TECHK,INE0P4P01011
TVS,TVS Supply Chain Solutions Ltd,TVSSCS,stock,/stocks/tvs-supply-chain-solutions-TVS,INE395N01027
TRIDH,Tridhya Tech Ltd,TRIDHYA,stock,/stocks/tridhya-tech-TRIDH,INE0LWY01029
TBI,TBI Corn Ltd,TBI,stock,/stocks/tbi-corn-TBI,INE0N2D01013
TROM,Trom Industries Ltd,TROM,stock,/stocks/trom-industries-TROM,INE0SYV01018
TAC,TAC Infosec Ltd,TAC,stock,/stocks/tac-infosec-TAC,INE0SOY01013
THR,Three M Paper Boards Ltd,THREEMPAPE,stock,/stocks/three-m-paper-boards-THR,INE0UK501010
TGL,Teerth Gopicon Ltd,TGL,stock,/stocks/teerth-gopicon-TGL,INE0K6601012
TECHL,Trident Techlabs Ltd,TECHLABS,stock,/stocks/trident-techlabs-TECHL,INE0QD201012
TATAT,Tata Technologies Ltd,TATATECH,stock,/stocks/tata-technologies-TATAT,INE142M01025
TBO,Tbo Tek Ltd,TBOTEK,stock,/stocks/tbo-tek-TBO,INE673O01025
TRANT,Transteel Seating Technologies Ltd,TRANSTEEL,stock,/stocks/transteel-seating-technologies-TRANT,INE0NVI01020
TGI,TGIF Agribusiness Ltd,TGIF,stock,/stocks/tgif-agribusiness-TGI,INE0SMU01015
TCL,Thaai Casting Limited,TCL,stock,/stocks/thaai-casting-TCL,INE0QJL01014
TRU,Trust Fintech Ltd,TRUST,stock,/stocks/trust-fintech-TRU,INE0SWN01019
TUNW,Tunwal E-Motors Ltd,TUNWAL,stock,/stocks/tunwal-e-motors-TUNW,INE0OXV01027
TRAV,Travels & Rentals Ltd,TRAVELS,stock,/stocks/travels-and-rentals-TRAV,INE0SG001011
TECHE,TechEra Engineering (India) Ltd,TECHERA,stock,/stocks/techera-engineering-india-TECHE,INE0JQS01019
TECHI,Technichem Organics Ltd,TECHNICHEM,stock,/stocks/technichem-organics-TECHI,INE0ZHT01012
TOL,Tolins Tyres Ltd,TOLINS,stock,/stocks/tolins-tyres-TOL,INE0RWQ01014
TRANI,Transrail Lighting Ltd,TRANSRAILL,stock,/stocks/transrail-lighting-TRANI,INE454P01035
THE,Thinking Hats Entertainment Solutions Ltd,THESL,stock,/stocks/thinking-hats-entertainment-solutions-THE,INE0SHE01019
TTC,Toss The Coin Ltd,TTC,stock,/stocks/toss-the-coin-TTC,INE0XAY01012
TEJAS,Tejas Cargo India Ltd,TEJASCARGO,stock,/stocks/tejas-cargo-india-TEJAS,INE17WC01013
TANK,Tankup Engineers Ltd,TANKUP,stock,/stocks/tankup-engineers-TANK,INE0Z7N01017
TVSI,TVS Infrastructure Trust,TVSINVIT,stock,/stocks/tvs-infrastructure-trust-TVSI,INE1JNC23012
TRAVE,Travel Food Services Ltd,TRAVELFOOD,stock,/stocks/travel-food-services-TRAVE,INE103V01028
TSC,TSC India Ltd,TSC,stock,/stocks/tsc-india-TSC,INE16VK01010
TAK,Takyon Networks Ltd,TAKYON,stock,/stocks/takyon-networks-TAK,INE14OX01013
TAU,Taurian MPS Ltd,TAURIAN,stock,/stocks/taurian-mps-TAU,INE0XWS01018
TECHD,TechD Cybersecurity Ltd,TECHD,stock,/stocks/techd-cybersecurity-TECHD,INE0Y5H01014
TRUE,True Colors Ltd,TRUECOLORS,stock,/stocks/true-colors-TRUE,INE1LDV01015
TRUA,TruAlt Bioenergy Ltd,TRUALT,stock,/stocks/trualt-bioenergy-TRUA,INE0MWH01014
TELG,Telge Projects Ltd,TELGE,stock,/stocks/telge-projects-TELG,INE0SRP01014
TATAC,Tata Capital Ltd,TATACAP,stock,/stocks/tata-capital-TATAC,INE976I01016
TMC,Tata Motors Ltd,TMCV,stock,/stocks/tata-motors-TMC,INE1TAE01010
TENN,Tenneco Clean Air India Ltd,TENNIND,stock,/stocks/tenneco-clean-air-india-TENN,INE19RI01016
UTGF,UTI Gold Exchange Traded Fund,GOLDBETA,etf,/etfs/uti-gold-etf-UTGF,INF789F1AUX7
HOTR,Univa Foods Ltd,UNIVAFOODS,stock,/stocks/hotel-rugby-HOTR,INE275F01019
UNSP,United Spirits Ltd,UNITDSPR,stock,/stocks/united-spirits-UNSP,INE854D01024
MNDA,UNO Minda Ltd,UNOMINDA,stock,/stocks/minda-industries-MNDA,INE405E01023
MROT,Umiya Buildcon Ltd,UMIYA-MRO,stock,/stocks/mro-tek-reality-MROT,INE398B01018
URJA,Urja Global Ltd,URJA,stock,/stocks/urja-global-URJA,INE550C01020
UCAF,UCAL Ltd,UCAL,stock,/stocks/ucal-fuel-systems-UCAF,INE139B01016
UFOM,UFO Moviez India Ltd,UFO,stock,/stocks/ufo-moviez-india-UFOM,INE527H01019
UNBK,Union Bank of India Ltd,UNIONBANK,stock,/stocks/union-bank-of-india-UNBK,INE692A01016
UTIS,UTI BSE Sensex ETF,SENSEXBETA,etf,/etfs/uti-sensex-30-etf-UTIS,INF789FB1X58
USBL,Usha Martin Ltd,USHAMART,stock,/stocks/usha-martin-USBL,INE228A01035
UNLB,Unichem Laboratories Ltd,UNICHEMLAB,stock,/stocks/unichem-laboratories-UNLB,INE351A01035
UNPH,Uniphos Enterprises Ltd,UNIENTER,stock,/stocks/uniphos-enterprises-UNPH,INE037A01022
UNNI,Uniinfo Telecom Services Ltd,UNIINFO,stock,/stocks/uniinfo-telecom-services-UNNI,INE481Z01011
UHZ,U H Zaveri Ltd,UHZAVERI,stock,/stocks/u-h-zaveri-UHZ,INE556Z01010
UGSW,Ugar Sugar Works Ltd,UGARSUGAR,stock,/stocks/ugar-sugar-works-UGSW,INE071E01023
UNIL,United Nilgiri Tea Estates Company Ltd,UNITEDTEA,stock,/stocks/united-nilgiri-tea-estates-company-UNIL,INE458F01011
URAV,Uravi Defence and Technology Ltd,URAVIDEF,stock,/stocks/uravi-t-and-wedge-lamps-URAV,INE568Z01015
UTII,UTI Nifty Next 50 Exchange Traded Fund,NEXT50BETA,etf,/etfs/uti-nifty-next-50-etf-UTII,INF789F1AUW9
UNTD,United Polyfab Gujarat Ltd,UNITEDPOLY,stock,/stocks/united-polyfab-gujarat-UNTD,INE368U01029
UTIB,UTI Nifty Bank ETF,BANKBETA,etf,/etfs/uti-bank-etf-UTIB,INF789F1AUV1
UTSM,Uttam Sugar Mills Ltd,UTTAMSUGAR,stock,/stocks/uttam-sugar-mills-UTSM,INE786F01031
USHN,Ushanti Colour Chem Ltd,UCL,stock,/stocks/ushanti-colour-chem-USHN,INE00NI01015
UMDA,Umang Dairies Ltd,UMANGDAIRY,stock,/stocks/umang-dairies-UMDA,INE864B01027
UTIP,UTI BSE Sensex Next 50 ETF,SNXT50BETA,etf,/etfs/uti-sensex-next-50-etf-UTIP,INF789F1AUU3
UBBW,United Breweries Ltd,UBL,stock,/stocks/united-breweries-UBBW,INE686F01025
UPLL,UPL Ltd,UPL,stock,/stocks/upl-UPLL,INE628A01036
UNIH,Universus Photo Imagings Ltd,UNIVPHOTO,stock,/stocks/universus-photo-imagings-UNIH,INE03V001013
UTIN,UTI Nifty 50 ETF,NIFTYBETA,etf,/etfs/uti-nifty-50-etf-UTIN,INF789F1AZC0
UJAA,Ujaas Energy Ltd,UEL,stock,/stocks/ujaas-energy-UJAA,INE899L01030
UCBK,UCO Bank,UCOBANK,stock,/stocks/uco-bank-UCBK,INE691A01018
USME,Usha Martin Education And Solutions Ltd,UMESLTD,stock,/stocks/usha-martin-education-and-solutions-USME,INE240C01028
ULRA,Ultra Wiring Connectivity Systems Ltd,UWCSL,stock,/stocks/ultra-wiring-connectivity-system-ULRA,INE00F301010
UFLX,Uflex Ltd,UFLEX,stock,/stocks/uflex-UFLX,INE516A01017
UJJI,Ujjivan Small Finance Bank Ltd,UJJIVANSFB,stock,/stocks/ujjivan-small-finance-bank-UJJI,INE551W01018
ULTC,UltraTech Cement Ltd,ULTRACEMCO,stock,/stocks/ultratech-cement-ULTC,INE481G01011
UNTE,Unitech Ltd,UNITECH,stock,/stocks/unitech-UNTE,INE694A01020
UIVA,Univastu India Ltd,UNIVASTU,stock,/stocks/univastu-india-UIVA,INE562X01013
UNVR,Universal Cables Ltd,UNIVCABLES,stock,/stocks/universal-cables-UNVR,INE279A01012
YOG,UR Sugar Industries Ltd,URSUGAR,stock,/stocks/hkg-YOG,INE904R01027
UMI,Umiya Tubes Ltd,UMIYA,stock,/stocks/umiya-tubes-UMI,INE173U01015
ULT,Ultracab (India) Ltd,ULTRACAB,stock,/stocks/ultracab-india-ULT,INE010R01023
SHW,Unifinz Capital India Ltd,UCIL,stock,/stocks/shree-worstex-SHW,INE926R01012
UNI,Unishire Urban Infra Ltd,UNISHIRE,stock,/stocks/unishire-urban-infra-UNI,INE210P01015
UNIA,Universal Autofoundry Ltd,UNIAUTO,stock,/stocks/universal-autofoundry-UNIA,INE203T01012
UDA,Uday Jewellery Industries Ltd,UDAYJEW,stock,/stocks/uday-jewellery-industries-UDA,INE551B01012
UNIJ,Unijolly Investments Company Ltd,UNIJOLL,stock,/stocks/unijolly-investments-company-UNIJ,INE130N01010
UNIV,Universal Arts Ltd,UNIVARTS,stock,/stocks/universal-arts-UNIV,INE464B01018
USG,USG Tech Solutions Ltd,USGTECH,stock,/stocks/usg-tech-solutions-USG,INE718B01017
UNISO,Unison Metals Ltd,UNISON,stock,/stocks/unison-metals-UNISO,INE099D01026
UFM,U F M Industries Ltd,UFMINDL,stock,/stocks/ufm-industries-UFM,INE832E01010
UPR,Unipro Technologies Ltd,UPROTECH,stock,/stocks/unipro-technologies-UPR,INE448F01012
UNJ,Unjha Formulations Ltd,UNJHAFOR,stock,/stocks/unjha-formulations-UNJ,INE576D01015
UNIT,Unitech International Ltd,UNITINT,stock,/stocks/unitech-international-UNIT,INE929K01011
THIRD,UVS Hospitality and Services Ltd,UVS,stock,/stocks/thirdwave-financial-intermediaries-THIRD,INE528C01018
UPS,Upsurge Investment and Finance Ltd,UPSURGE,stock,/stocks/upsurge-investment-and-finance-UPS,INE890B01014
UNIR,Uniroyal Industries Ltd,UNIROYAL,stock,/stocks/uniroyal-industries-UNIR,INE980D01019
UNITE,United Textiles Ltd,UNITEDTE,stock,/stocks/united-textiles-UNITE,INE727E01012
UNICK,Unick Fix-A-Form And Printers Ltd,UNICK,stock,/stocks/unick-fix-a-form-and-printers-UNICK,INE250G01010
UTL,UTL Industries Ltd,UTLINDS,stock,/stocks/utl-industries-UTL,INE184E01024
UNIQ,Unique Organics Ltd,UNIQUEO,stock,/stocks/unique-organics-UNIQ,INE333E01019
UNITD,United Credit Ltd,UNITDCR,stock,/stocks/united-credit-UNITD,INE858C01027
USHA,Ushakiran Finance Ltd,USHAKIRA,stock,/stocks/ushakiran-finance-USHA,INE697C01011
UYF,U. Y. Fincorp Ltd,UYFINCORP,stock,/stocks/u-y-fincorp-UYF,INE152C01025
UNR,Uniroyal Marine Exports Ltd,UNRYLMA,stock,/stocks/uniroyal-marine-exports-UNR,INE602H01010
UNIVS,Universal Starch Chem Allied Ltd,UNIVSTAR,stock,/stocks/universal-starch-chem-allied-UNIVS,INE113E01015
UPH,U. P. Hotels Ltd,UPHOT,stock,/stocks/u-p-hotels-UPH,INE726E01014
UNQ,Union Quality Plastics Ltd,UNQTYMI,stock,/stocks/union-quality-plastics-UNQ,INE338N01019
UGR,Ugro Capital Ltd,UGROCAP,stock,/stocks/ugro-capital-UGR,INE583D01011
UNT,United Leasing & Industries Ltd,UNTTEMI,stock,/stocks/united-leasing-and-industries-UNT,INE357P01014
UNIO,Universal Office Automation Ltd,UNIOFFICE,stock,/stocks/universal-office-automation-UNIO,INE951C01012
UVD,United Van Der Horst Ltd,UVDRHOR,stock,/stocks/united-van-der-horst-UVD,INE890G01021
UNITI,United Interactive Ltd,UNITEDINT,stock,/stocks/united-interactive-UNITI,INE706D01018
UNID,United Drilling Tools Ltd,UNIDT,stock,/stocks/united-drilling-tools-UNID,INE961D01019
UNIAB,Uni-Abex Alloy Products Ltd,UNIABEXAL,stock,/stocks/uni-abex-alloy-products-UNIAB,INE361D01012
UTI,UTI Asset Management Company Ltd,UTIAMC,stock,/stocks/uti-asset-management-company-UTI,INE094J01016
APPL,Utique Enterprises Ltd,UTIQUE,stock,/stocks/utique-enterprises-APPL,INE096A01010
ULTR,ULTRAMARINE & PIGMENTS Ltd,ULTRAMAR,stock,/stocks/ultramarine-and-pigments-ULTR,INE405A01021
BARBE,United Foodbrands Ltd,UFBL,stock,/stocks/barbeque-nation-hospitality-BARBE,INE382M01027
UMA,UMA Exports Ltd,UMAEXPORTS,stock,/stocks/uma-exports-UMA,INE0GIU01018
USA,Upsurge Seeds Of Agriculture Ltd,USASEEDS,stock,/stocks/upsurge-seeds-of-agriculture-USA,INE0CBM01019
URB,Urban Enviro Waste Management Ltd,URBAN,stock,/stocks/urban-enviro-waste-management-URB,INE0O0201019
UMU,UMA Converter Ltd,UMA,stock,/stocks/uma-converter-UMU,INE067901012
USK,Udayshivakumar Infra Ltd,USK,stock,/stocks/udayshivakumar-infra-USK,INE0N0Y01013
SILVT,UTI Silver Exchange Traded Fund,SILVERBETA,etf,/etfs/uti-silver-etf-SILVT,INF789F1AYK6
NIFM,UTI Nifty Midcap 150 Exchange Traded Fund,MIDCAPBETA,etf,/etfs/uti-nifty-midcap-150-etf-NIFM,INF789F1AYX9
UTK,Utkarsh Small Finance Bank Ltd,UTKARSHBNK,stock,/stocks/utkarsh-small-finance-bank-UTK,INE735W01017
UNIP,Uniparts India Ltd,UNIPARTS,stock,/stocks/uniparts-india-UNIP,INE244O01017
UDS,Updater Services Ltd,UDS,stock,/stocks/updater-services-UDS,INE851I01011
UNIHE,Unihealth Hospitals Ltd,UNIHEALTH,stock,/stocks/unihealth-consultancy-UNIHE,INE0PRF01011
NIFGE,UTI Nifty 5 yr Benchmark G-Sec ETF,GILT5BETA,etf,/etfs/uti-nifty-5-yr-benchmark-g-sec-etf-NIFGE,INF789F1AZE6
NIFG,UTI Nifty 10 yr Benchmark G-Sec ETF,GILT10BETA,etf,/etfs/uti-nifty-10-yr-benchmark-g-sec-etf-NIFG,INF789F1AZF3
NIFI,UTI Nifty IT ETF,ITBETA,etf,/etfs/uti-nifty-it-etf-NIFI,INF789F1AZD8
UTS,Utssav CZ Gold Jewels Ltd,UTSSAV,stock,/stocks/utssav-cz-gold-jewels-UTS,INE06IJ01010
UNIE,Unicommerce eSolutions Ltd,UNIECOM,stock,/stocks/unicommerce-esolutions-UNIE,INE00U401027
COT,United Cotfab Ltd,COTFAB,stock,/stocks/united-cotfab-COT,INE0S0I01011
UNIMC,Unimech Aerospace and Manufacturing Ltd,UNIMECH,stock,/stocks/unimech-aerospace-and-manufacturing-UNIMC,INE0U3I01011
UHT,United Heat Transfer Ltd,UHTL,stock,/stocks/united-heat-transfer-UHT,INE0SMR01011
UNILE,Unilex Colours and Chemicals Ltd,UNILEX,stock,/stocks/unilex-colour-and-chemical-UNILE,INE0B2801011
USHAF,Usha Financial Services Ltd,USHAFIN,stock,/stocks/usha-financial-services-USHAF,INE0LS001014
UNIOG,Union Gold ETF,UNIONGOLD,etf,/etfs/union-gold-etf-UNIOG,INF582M01KS4
UNIF,Unified Data-Tech Solutions Limited,UNIFIED,stock,/stocks/unified-data--tech-solutions-UNIF,INE1ABX01018
UML,Umiya Mobile Ltd,UML,stock,/stocks/umiya-mobile-UML,INE1P1A01018
URBA,Urban Company Ltd,URBANCO,stock,/stocks/urban-company-URBA,INE0CAZ01013
UNISE,Unisem Agritech Ltd,UNISEM,stock,/stocks/unisem-agritech-UNISE,INE1FHV01026
AADM,Varvee Global Ltd,VGL,stock,/stocks/aarvee-denims-and-exports-AADM,INE273D01019
DBRL,Valor Estate Ltd,DBREALTY,stock,/stocks/d-b-realty-DBRL,INE879I01012
VODA,Vodafone Idea Ltd,IDEA,stock,/stocks/vodafone-idea-VODA,INE669E01016
VIJI,Viji Finance Ltd,VIJIFIN,stock,/stocks/viji-finance-VIJI,INE159N01027
VNYL,Vinyl Chemicals (India) Ltd,VINYLINDIA,stock,/stocks/vinyl-chemicals-india-VNYL,INE250B01029
VARM,Vardhman Special Steels Ltd,VSSL,stock,/stocks/vardhman-special-steels-VARM,INE050M01012
VAIH,Vaishali Pharma Ltd,VAISHALI,stock,/stocks/vaishali-pharma-VAIH,INE972X01022
VGUA,V Guard Industries Ltd,VGUARD,stock,/stocks/v-guard-industries-VGUA,INE951I01027
TIDE,Veedol Corporation Ltd,VEEDOL,stock,/stocks/tide-water-oil-co-india-TIDE,INE484C01030
VERZ,Vertoz Ltd,VERTOZ,stock,/stocks/vertoz-advertising-VERZ,INE188Y01031
VAIB,Vaibhav Global Ltd,VAIBHAVGBL,stock,/stocks/vaibhav-global-VAIB,INE884A01027
VRDM,Vardhman Holdings Ltd,VHL,stock,/stocks/vardhman-holdings-VRDM,INE701A01023
VINN,Vinny Overseas Ltd,VINNY,stock,/stocks/vinny-overseas-VINN,INE01KI01027
VIFA,Vishal Fabrics Ltd,VISHAL,stock,/stocks/vishal-fabrics-VIFA,INE755Q01025
VDLI,Vadilal Industries Ltd,VADILALIND,stock,/stocks/vadilal-industries-VDLI,INE694D01016
VNDY,Vindhya Telelinks Ltd,VINDHYATEL,stock,/stocks/vindhya-telelinks-VNDY,INE707A01012
VARP,Vardhman Polytex Ltd,VARDMNPOLY,stock,/stocks/vardhman-polytex-VARP,INE835A01029
VASA,Vasa Retail and Overseas Ltd,VASA,stock,/stocks/vasa-retail-and-overseas-VASA,INE068Z01016
VIPL,Vipul Ltd,VIPULLTD,stock,/stocks/vipul-VIPL,INE946H01037
VSKI,Visaka Industries Ltd,VISAKAIND,stock,/stocks/visaka-industries-VSKI,INE392A01021
VIPO,Visagar Polytex Ltd,VIVIDHA,stock,/stocks/visagar-polytex-VIPO,INE370E01029
VOTL,Voltamp Transformers Ltd,VOLTAMP,stock,/stocks/voltamp-transformers-VOTL,INE540H01012
VATE,Va Tech Wabag Ltd,WABAG,stock,/stocks/va-tech-wabag-VATE,INE956G01038
VREL,V2 Retail Ltd,V2RETAIL,stock,/stocks/v2-retail-VREL,INE945H01013
VDAN,Vedanta Ltd,VEDL,stock,/stocks/vedanta-VDAN,INE205A01025
VRLL,VRL Logistics Ltd,VRLLOG,stock,/stocks/vrl-logistics-VRLL,INE366I01010
VWSP,Vikas WSP Ltd,VIKASWSP,stock,/stocks/vikas-wsp-VWSP,INE706A01022
VIPI,V I P Industries Ltd,VIPIND,stock,/stocks/v-i-p-industries-VIPI,INE054A01027
VAKR,Vakrangee Limited,VAKRANGEE,stock,/stocks/vakrangee-VAKR,INE051B01021
VATX,Vaxtex Cotfab Ltd,VCL,stock,/stocks/vaxtex-cotfab-VATX,INE098201036
VIKS,Vikas Proppant & Granite Ltd,VIKASPROP,stock,/stocks/vikas-proppant-and-granite-VIKS,INE767B01022
VESU,Vesuvius India Ltd,VESUVIUS,stock,/stocks/vesuvius-india-VESU,INE386A01023
VICH,Vishnu Chemicals Ltd,VISHNU,stock,/stocks/vishnu-chemicals-VICH,INE270I01022
VMAR,V-mart Retail Ltd,VMART,stock,/stocks/v-mart-retail-VMAR,INE665J01013
VIEC,Vikas Ecotech Ltd,VIKASECO,stock,/stocks/vikas-ecotech-VIEC,INE806A01020
VIPC,VIP Clothing Ltd,VIPCLOTHNG,stock,/stocks/vip-clothing-VIPC,INE450G01024
VADV,Vadivarhe Speciality Chemicals Ltd,VSCL,stock,/stocks/vadivarhe-speciality-chemicals-VADV,INE551Q01028
VARB,Varun Beverages Ltd,VBL,stock,/stocks/varun-beverages-VARB,INE200M01039
VETO,VETO Switch Gears And Cables Ltd,VETO,stock,/stocks/veto-switch-gears-and-cables-VETO,INE918N01018
VICE,Viceroy Hotels Ltd,VHLTD,stock,/stocks/viceroy-hotels-VICE,INE048C01025
VARE,Varroc Engineering Ltd,VARROC,stock,/stocks/varroc-engineering-VARE,INE665L01035
VASC,Vascon Engineers Ltd,VASCONEQ,stock,/stocks/vascon-engineers-VASC,INE893I01013
VNTI,Vinati Organics Ltd,VINATIORGA,stock,/stocks/vinati-organics-VNTI,INE410B01037
VIFY,Visesh Infotecnics Ltd,VISESHINFO,stock,/stocks/mps-infotecnics-VIFY,INE861A01058
VENK,Venky's (India) Ltd,VENKEYS,stock,/stocks/venkys-india-VENK,INE398A01010
VIKM,Vikas Lifecare Ltd,VIKASLIFE,stock,/stocks/vikas-multicorp-VIKM,INE161L01027
VNSS,Vishwaraj Sugar Industries Ltd,VISHWARAJ,stock,/stocks/vishwaraj-sugar-industries-VNSS,INE430N01022
VST,VST Tillers Tractors Ltd,VSTTILLERS,stock,/stocks/vst-tillers-tractors-VST,INE764D01017
VIDH,Vidhi Specialty Food Ingredients Ltd,VIDHIING,stock,/stocks/vidhi-specialty-food-ingredients-VIDH,INE632C01026
VLSF,VLS Finance Ltd,VLSFINANCE,stock,/stocks/v-l-s-finance-VLSF,INE709A01018
VARD,Vardhman Acrylics Ltd,VARDHACRLC,stock,/stocks/vardhman-acrylics-VARD,INE116G01013
VASW,Vaswani Industries Ltd,VASWANI,stock,/stocks/vaswani-industries-VASW,INE590L01019
VENR,Venus Remedies Ltd,VENUSREM,stock,/stocks/venus-remedies-VENR,INE411B01019
VIML,Vimta Labs Ltd,VIMTALABS,stock,/stocks/vimta-labs-VIML,INE579C01029
VISA,Visa Steel Ltd,VISASTEEL,stock,/stocks/visa-steel-VISA,INE286H01012
VOLT,Voltas Ltd,VOLTAS,stock,/stocks/voltas-VOLT,INE226A01021
VSTI,VST Industries Ltd,VSTIND,stock,/stocks/vst-industries-VSTI,INE710A01016
VERA,Vera Synthetic Ltd,VERA,stock,/stocks/vera-synthetic-VERA,INE709Z01015
VVMD,Vivimed Labs Ltd,VIVIMEDLAB,stock,/stocks/vivimed-labs-VVMD,INE526G01021
VART,Vardhman Textiles Ltd,VTL,stock,/stocks/vardhman-textiles-VART,INE825A01020
VAL,Valencia Nutrition Ltd,VALENCIA,stock,/stocks/valencia-nutrition-VAL,INE08RT01016
VLL,Virat Leasing Ltd,VLL,stock,/stocks/virat-leasing-VLL,INE347L01022
VIV,Vivid Mercantile Ltd,VIVIDM,stock,/stocks/vivid-mercantile-VIV,INE647Z01025
VSL,Viram Suvarn Ltd,VSL,stock,/stocks/veeram-securities-VSL,INE607V01028
VRF,VR Films & Studios Ltd,VRFILMS,stock,/stocks/v-r-films-and-studios-VRF,INE06LG01010
VAN,Vanta Bioscience Ltd,VANTABIO,stock,/stocks/vanta-bioscience-VAN,INE695X01011
SPAC,Vintage Coffee and Beverages Ltd,VINCOFE,stock,/stocks/spaceage-products-SPAC,INE498Q01014
VGC,Vibrant Global Capital Ltd,VGCL,stock,/stocks/vibrant-global-capital-VGC,INE761Q01015
VISH,Vishal Bearings Ltd,VISHALBL,stock,/stocks/vishal-bearings-VISH,INE060T01024
VIVA,Vivanta Industries Ltd,VIVANTA,stock,/stocks/vivanta-industries-VIVA,INE299W01022
VANI,Vani Commercials Ltd,VANICOM,stock,/stocks/vani-commercial-VANI,INE661Q01017
VID,Vikram Kamats Hospitality Ltd,KAMATS,stock,/stocks/vidli-restaurants-VID,INE564S01019
VALI,Valiant Organics Ltd,VALIANTORG,stock,/stocks/valiant-organics-VALI,INE565V01010
VKA,Vantage Knowledge Academy Ltd,VKAL,stock,/stocks/vantage-knowledge-academy-VKA,INE427T01025
VIN,Vinayak Polycon International Ltd,VINAYAKPOL,stock,/stocks/vinayak-polycon-international-VIN,INE581M01016
VIST,Vistar Amar Ltd,VISTARAMAR,stock,/stocks/vistar-amar-VIST,INE878P01019
VMS,VMS Industries Ltd,VMS,stock,/stocks/vms-industries-VMS,INE932K01015
VCU,VCU Data Management Ltd,VCU,stock,/stocks/vcu-data-management-VCU,INE962O01014
VED,Vedavaag Systems Ltd,VEDAVAAG,stock,/stocks/vedavaag-systems-VED,INE359B01010
VIRG,Virgo Global Ltd,VIRGOGLOB,stock,/stocks/virgo-global-VIRG,INE400B01020
VBI,VB Industries Ltd,VBIND,stock,/stocks/v-b-industries-VBI,INE334E01017
VINV,Vinayak Vanijya Ltd,VINVANI,stock,/stocks/vinayak-vanijya-VINV,INE132V01019
VIRI,Virinchi Ltd,VIRINCHI,stock,/stocks/virinchi-VIRI,INE539B01017
VEE,Veer Energy & Infrastructure Ltd,VEERENRGY,stock,/stocks/veer-energy-and-infrastructure-VEE,INE255E01030
VALL,Valley Magnesite Company Ltd,VALLEY,stock,/stocks/valley-magnesite-company-VALL,INE834E01016
VER,Veritas (India) Ltd,VERITAS,stock,/stocks/veritas-india-VER,INE379J01029
ELL,Vaxfab Enterprises Ltd,VEL,stock,/stocks/ellora-trading-ELL,INE560T01015
ZKH,Velox Shipping and Logistics Ltd,VELOX,stock,/stocks/velox-industries-ZKH,INE092P01017
VIR,Virtual Global Education Ltd,VIRTUALG,stock,/stocks/virtual-global-education-VIR,INE247C01023
VSD,Vsd Confin Ltd,VSDCONF,stock,/stocks/vsd-confin-VSD,INE489F01016
VARDA,Vardhan Capital and Finance Ltd,VARDHANCFL,stock,/stocks/vardhan-capital-and-finance-VARDA,INE128G01018
VISV,Vishvprabha Ventures Ltd,VISVEN,stock,/stocks/vishvprabha-ventures-VISV,INE762D01011
VARDH,Vardhman Concrete Ltd,VARDHMAN,stock,/stocks/vardhman-concrete-VARDH,INE115C01014
VERT,VERTEX Securities Ltd,VERTEX,stock,/stocks/vertex-securities-VERT,INE316D01024
POOJ,Vashu Bhagnani Industries Ltd,POOJAENT,stock,/stocks/pooja-entertainment-and-films-POOJ,INE147C01017
VAR,Variman Global Enterprises Ltd,VARIMAN,stock,/stocks/variman-global-enterprises-VAR,INE717F01028
SHYAM,Ventura Guaranty Ltd,SHYAM,stock,/stocks/ventura-guaranty-SHYAM,INE139J01019
OZO,Vasudhagama Enterprises Ltd,VASUDHAGAM,stock,/stocks/ozone-world-OZO,INE583K01016
VISI,Vision Corporation Ltd,VISIONCO,stock,/stocks/vision-corporation-VISI,INE661D01015
VAS,Vas Infrastructure Ltd,VASINFRA,stock,/stocks/vas-infrastructure-VAS,INE192C01013
VJL,Veejay Lakshmi Engineering Works Ltd,VJLAXMIE,stock,/stocks/veejay-lakshmi-engineering-works-VJL,INE466D01019
VIKA,Vikalp Securities Ltd,VIKALPS,stock,/stocks/vikalp-securities-VIKA,INE186E01011
VEN,Venmax Drugs and Pharmaceuticals Ltd,VENMAX,stock,/stocks/venmax-drugs-and-pharmaceuticals-VEN,INE154G01022
VENT,Ventura Textiles Ltd,VENTURA,stock,/stocks/ventura-textiles-VENT,INE810C01044
VISTA,Vista Pharmaceuticals Ltd,VISTAPH,stock,/stocks/vista-pharmaceuticals-VISTA,INE427C01021
VEL,Veljan Denison Ltd,VELJAN,stock,/stocks/veljan-denison-VEL,INE232E01013
VIJ,Vijay Solvex Ltd,VIJSOLX,stock,/stocks/vijay-solvex-VIJ,INE362D01010
VINT,Vintage Securities Ltd,VINTAGES,stock,/stocks/vintage-securities-VINT,INE153C01015
VISIO,Vision Cinemas Ltd,VISIONCINE,stock,/stocks/vision-cinemas-VISIO,INE515B01025
NIYA,Veerhealth Care Ltd,VEERHEALTH,stock,/stocks/veerhealth-care-NIYA,INE882C01035
VIVO,Vivo Bio Tech Ltd,VIVOBIOT,stock,/stocks/vivo-bio-tech-VIVO,INE380K01017
VISAG,Visagar Financial Services Ltd,VISAGAR,stock,/stocks/visagar-financial-services-VISAG,INE309H01038
VIVI,Vivid Global Industries Ltd,VIVIDIND,stock,/stocks/vivid-global-industries-VIVI,INE737C01023
VIRAT,Virat Crane Industries Ltd,VIRATCRA,stock,/stocks/virat-crane-industries-VIRAT,INE295C01014
VIP,Vipul Organics Ltd,VIPULORG,stock,/stocks/vipul-organics-VIP,INE834D01018
VINY,Vinyoflex Ltd,VINYOFL,stock,/stocks/vinyoflex-VINY,INE526H01011
VAM,Vamshi Rubber Ltd,VAMSHIRU,stock,/stocks/vamshi-rubber-VAM,INE380C01014
VIKR,Vikram Thermo (India) Ltd,VIKRAMTH,stock,/stocks/vikram-thermo-india-VIKR,INE337E01010
VIJA,Vijay Textiles Ltd,VIJAYTX,stock,/stocks/vijay-textiles-VIJA,INE256G01033
VAIC,Vaishno Cement Company Ltd,VAICC,stock,/stocks/vaishno-cement-co-VAIC,INE116E01018
VAA,Vaarad Ventures Ltd,VAARAD,stock,/stocks/vaarad-ventures-VAA,INE418B01048
VIPP,Vippy Spinpro Ltd,VIPPYSP,stock,/stocks/vippy-spinpro-VIPP,INE660D01017
VIRA,Virat Industries Ltd,VIRAT,stock,/stocks/virat-industries-VIRA,INE467D01017
VSF,VSF Projects Ltd,VSFPROJ,stock,/stocks/vsf-projects-VSF,INE923K01014
VALS,Valson Industries Ltd,VALSONQ,stock,/stocks/valson-industries-VALS,INE808A01018
SPSI,VK Global Industries Ltd,VKGLOBAL,stock,/stocks/sps-international-SPSI,INE758B01013
VXL,VXL Instruments Ltd,VXLINSTR,stock,/stocks/vxl-instruments-VXL,INE756A01019
VIVAN,Vivanza Biosciences Ltd,VIVANZA,stock,/stocks/vivanza-biosciences-VIVAN,INE984E01035
PORR,Voith Paper Fabrics India Ltd,VOITHPAPR,stock,/stocks/voith-paper-fabrics-india-PORR,INE285C01015
VALLB,Vallabh Steels Ltd,VALLABHSQ,stock,/stocks/vallabh-steels-VALLB,INE457E01016
VALIA,Valiant Communications Ltd,VALIANT,stock,/stocks/valiant-communications-VALIA,INE760B01019
VRL,Vasundhara Rasayans Ltd,VRL,stock,/stocks/vasundhara-rasayans-VRL,INE406F01010
VRW,VR Woodart Ltd,VRWODAR,stock,/stocks/v-r-woodart-VRW,INE317D01014
VELH,Velan Hotels Ltd,VELHO,stock,/stocks/velan-hotels-VELH,INE548D01014
VAMA,VAMA Industries Ltd,VAMA,stock,/stocks/vama-industries-VAMA,INE685D01022
PHT,VEGA Jewellers Ltd,VEGA,stock,/stocks/ph-trading-PHT,INE603D01017
VJT,VJTF Eduservices Ltd,VJTFEDU,stock,/stocks/vjtf-eduservices-VJT,INE117F01013
VARU,Varun Mercantile Ltd,VARUNME,stock,/stocks/varun-mercantile-VARU,INE442U01014
VOL,Voltaire Leasing and Finance Ltd,VOLLF,stock,/stocks/voltaire-leasing-and-finance-VOL,INE763D01019
VTM,VTM Ltd,VTMLTD,stock,/stocks/vtm-VTM,INE222F01029
VADI,Vadilal Enterprises Ltd,VADILENT,stock,/stocks/vadilal-enterprises-VADI,INE693D01018
VAP,Vapi Enterprise Ltd,VAPIENTER,stock,/stocks/vapi-paper-mills-VAP,INE464D01014
VBD,V B Desai Financial Services Ltd,VBDESAI,stock,/stocks/v-b-desai-financial-services-VBD,INE848D01018
VICTM,Victoria Mills Ltd,VICTMILL,stock,/stocks/victoria-mills-VICTM,INE203D01016
GYT,Virya Resources Ltd,VIRYA,stock,/stocks/gayatri-tissue-and-papers-GYT,INE661K01010
VENL,Venlon Enterprises Ltd,VENLONENT,stock,/stocks/venlon-enterprises-VENL,INE204D01022
VGI,Veer Global Infraconstruction Ltd,VGIL,stock,/stocks/veer-global-infraconstruction-VGI,INE244W01010
VIJAY,Vijaya Diagnostic Centre Ltd,VIJAYA,stock,/stocks/vijaya-diagnostic-centre-VIJAY,INE043W01024
VMA,V-Marc India Ltd,VMARCIND,stock,/stocks/v-marc-india-VMA,INE0GXK01018
VINE,Vineet Laboratories Ltd,VINEETLAB,stock,/stocks/vineet-laboratories-VINE,INE505Y01010
VIVV,Vivo Collaboration Solutions Ltd,VIVO,stock,/stocks/vivo-collaboration-solutions-VIVV,INE0IA701014
MANY,Vedant Fashions Ltd,MANYAVAR,stock,/stocks/vedant-fashions-MANY,INE825V01034
MADHA,Vaidya Sane Ayurved Laboratories Ltd,MADHAVBAUG,stock,/stocks/vaidya-sane-ayurved-laboratories-MADHA,INE0JR301013
VERAN,Veranda Learning Solutions Ltd,VERANDA,stock,/stocks/veranda-learning-solutions-VERAN,INE0IQ001011
VEER,Veerkrupa Jewellers Ltd,VEERKRUPA,stock,/stocks/veerkrupa-jewellers-VEER,INE0ID001024
VIVIA,Viviana Power Tech Ltd,VIVIANA,stock,/stocks/viviana-power-tech-VIVIA,INE0MEG01014
VEDA,Vedant Asset Ltd,VEDANTASSET,stock,/stocks/vedant-asset-VEDA,INE0NC801013
VLE,VL E-Governance & IT Solutions Ltd,VLEGOV,stock,/stocks/vl-e-governance-and-it-solutions-VLE,INE03HW01020
VIAZ,Viaz Tyres Ltd,VIAZ,stock,/stocks/viaz-tyres-VIAZ,INE0MO401019
VELS,Vels Film International Ltd,VELS,stock,/stocks/vels-film-international-VELS,INE0I3H01019
VITAL,Vital Chemtech Ltd,VITAL,stock,/stocks/vital-chemtech-VITAL,INE0L4K01016
HIGHW,Vertis Infrastructure Trust,VERTIS,stock,/stocks/highways-infrastructure-trust-HIGHW,INE0KXY23015
VEEF,Veefin Solutions Ltd,VEEFIN,stock,/stocks/veefin-solutions-VEEF,INE0Q0M01015
VPR,Vishnu Prakash R Punglia Ltd,VPRPL,stock,/stocks/vishnu-prakash-r-punglia-VPR,INE0AE001013
VENUS,Venus Pipes and Tubes Ltd,VENUSPIPES,stock,/stocks/venus-pipes-and-tubes-VENUS,INE0JA001018
VEEK,Veekayem Fashion & Apparels Ltd,VEEKAYEM,stock,/stocks/veekayem-fashion-and-apparels-VEEK,INE0KTW01013
VERTE,Vertexplus Technologies Ltd,VERTEXPLUS,stock,/stocks/vertexplus-technologies-VERTE,INE0NLB01018
VOE,Virtuoso Optoelectronics Ltd,VOEPL,stock,/stocks/virtuoso-optoelectronics-VOE,INE0I0T01010
VIL,Vilin Bio Med Ltd,VILINBIO,stock,/stocks/vilin-bio-med-VIL,INE0L4V01013
DENT,Vasa Denticity Ltd,DENTALKART,stock,/stocks/vasa-denticity-DENT,INE0N5801013
VINS,Vinsys IT Services India Ltd,VINSYS,stock,/stocks/vinsys-it-services-india-VINS,INE0OSJ01014
VINYA,Vinyas Innovative Technologies Ltd,VINYAS,stock,/stocks/vinyas-innovative-technologies-VINYA,INE0OLS01010
VALIN,Valiant Laboratories Ltd,VALIANTLAB,stock,/stocks/valiant-laboratories-VALIN,INE0JWS01017
VIVAA,Vivaa Tradecom Ltd,VIVAA,stock,/stocks/vivaa-tradecom-VIVAA,INE0PA601017
VR,V R Infraspace Ltd,VR,stock,/stocks/v-r-infraspace-VR,INE0QQM01017
VISAM,Visaman Global Sales Ltd,VISAMAN,stock,/stocks/visaman-global-sales-VISAM,INE0BHK01012
VRA,Vraj Iron and Steel Ltd,VRAJ,stock,/stocks/vraj-iron-and-steel-VRA,INE0S2V01010
VISHN,Vishnusurya Projects and Infra Ltd,VISHNUINFR,stock,/stocks/vishnusurya-projects-and-infra-VISHN,INE0PQ001012
VARY,Varyaa Creations Ltd,VARYAA,stock,/stocks/varyaa-creations-VARY,INE0R6801013
VPL,Vrundavan Plantation Ltd,VPL,stock,/stocks/vrundavan-plantation-VPL,INE0Q6901013
VRU,Vruddhi Engineering Works Ltd,VRUDDHI,stock,/stocks/vruddhi-engineering-works-VRU,INE0OMZ01013
VSTL,Vibhor Steel Tubes Ltd,VSTL,stock,/stocks/vibhor-steel-tubes-VSTL,INE0QTF01015
VERI,Veritaas Advertising Ltd,VERITAAS,stock,/stocks/veritaas-advertising-VERI,INE0SRI01019
VILA,Vilas Transcore Ltd,VILAS,stock,/stocks/vilas-transcore-VILA,INE0AZY01017
VISHW,Vishwas Agri Seeds Ltd,VISHWAS,stock,/stocks/vishwas-agri-seeds-VISHW,INE0S2E01016
VLIN,VL Infraprojects Ltd,VLINFRA,stock,/stocks/vlinfraprojects-VLIN,INE0QXL01015
VVI,VVIP Infratech Ltd,VVIPIL,stock,/stocks/vvip-infratech-VVI,INE0MNP01016
VIE,Vision Infra Equipment Solutions Ltd,VIESL,stock,/stocks/vision-infra-equipment-solutions-VIE,INE0TR001017
VDE,Vdeal System Ltd,VDEAL,stock,/stocks/vdeal-system-VDE,INE0U2M01015
VMM,Vishal Mega Mart Ltd,VMM,stock,/stocks/vishal-mega-mart-VMM,INE01EA01019
VENTI,Ventive Hospitality Ltd,VENTIVE,stock,/stocks/ventive-hospitality-VENTI,INE781S01027
VOLE,Voler Car Ltd,VOLERCAR,stock,/stocks/voler-car-VOLE,INE241X01014
VIKRA,Vikram Aroma Ltd,VIKRAMAR,stock,/stocks/vikram-aroma-VIKRA,INE0NR501012
VGIN,Virtual Galaxy Infotech Ltd,VGINFOTECH,stock,/stocks/virtual-galaxy-infotech-VGIN,INE0VRH01015
VALID,Valencia India Ltd,VALINDIA,stock,/stocks/valencia-india-VALID,INE130701019
VANDA,Vandan Foods Ltd,VANDAN,stock,/stocks/vandan-foods-VANDA,INE0RDJ01019
VIKRM,Vikram Solar Ltd,VIKRAMSOLR,stock,/stocks/vikram-solar-VIKRM,INE078V01014
VIKRN,Vikran Engineering Ltd,VIKRAN,stock,/stocks/vikran-engineering-VIKRN,INE01R501028
VIG,Vigor Plast India Ltd,VIGOR,stock,/stocks/vigor-plast-india-VIG,INE1DM601016
VASH,Vashishtha Luxury Fashion Ltd,VASHISHTHA,stock,/stocks/vashishtha-luxury-fashion-VASH,INE0WRP01016
VMST,VMS TMT Ltd,VMSTMT,stock,/stocks/vms-tmt-VMST,INE0SJA01013
VIJAP,VijayPD Ceutical Ltd,VIJAYPD,stock,/stocks/vijaypd-ceutical-VIJAP,INE0WL901019
VALP,Valplast Technologies Ltd,VALPLAST,stock,/stocks/valplast-technologies-VALP,INE0QP701017
VIDY,Vidya Wires Ltd,VIDYAWIRES,stock,/stocks/vidya-wires-VIDY,INE14UN01029
JUMP,Winpro Industries Ltd,WINPRO,stock,/stocks/jump-networks-JUMP,INE974C01022
WEAL,Wealth First Portfolio Managers Ltd,WEALTH,stock,/stocks/wealth-first-portfolio-managers-WEAL,INE658T01017
WALC,Walchandnagar Industries Ltd,WALCHANNAG,stock,/stocks/walchandnagar-industries-WALC,INE711A01022
WORP,Worth Peripherals Ltd,WORTHPERI,stock,/stocks/worth-peripherals-WORP,INE196Y01018
WSIN,W S Industries (India) Ltd,WSI,stock,/stocks/ws-industries-india-WSIN,INE100D01014
WGSR,Welspun Corp Ltd,WELCORP,stock,/stocks/welspun-corp-WGSR,INE191B01025
WNDT,Wendt (India) Limited,WENDT,stock,/stocks/wendt-india-WNDT,INE274C01019
WEWI,We Win Ltd,WEWIN,stock,/stocks/we-win-WEWI,INE082W01014
WINY,Winsome Yarns Ltd,WINSOME,stock,/stocks/winsome-yarns-WINY,INE784B01035
WESL,Websol Energy System Ltd,WEBELSOLAR,stock,/stocks/websol-energy-system-WESL,INE855C01023
WIND,Windsor Machines Ltd,WINDMACHIN,stock,/stocks/windsor-machines-WIND,INE052A01021
WSTC,West Coast Paper Mills Ltd,WSTCSTPAPR,stock,/stocks/west-coast-paper-mills-WSTC,INE976A01021
WLSP,Welspun Living Ltd,WELSPUNLIV,stock,/stocks/welspun-india-WLSP,INE192B01031
WOND,Wonder Electricals Ltd,WEL,stock,/stocks/wonder-fibromats-WOND,INE02WG01024
WICL,Welspun Investments and Commercials Ltd,WELINV,stock,/stocks/welspun-investments-and-commercials-WICL,INE389K01018
WEST,Westlife Foodworld Ltd,WESTLIFE,stock,/stocks/westlife-development-WEST,INE274F01020
WOHL,Wonderla Holidays Ltd,WONDERLA,stock,/stocks/wonderla-holidays-WOHL,INE066O01014
WILM,Williamson Magor and Co Ltd,WILLAMAGOR,stock,/stocks/williamson-magor-and-co-WILM,INE210A01017
WTRB,Waterbase Ltd,WATERBASE,stock,/stocks/waterbase-WTRB,INE054C01015
WEIZ,Weizmann Limited,WEIZMANIND,stock,/stocks/weizmann-WEIZ,INE080A01014
WEIP,Western India Plywoods Ltd,WIPL,stock,/stocks/western-india-plywoods-WEIP,INE215F01023
WHEL,Wheels India Ltd,WHEELS,stock,/stocks/wheels-india-WHEL,INE715A01015
WIPR,Wipro Ltd,WIPRO,stock,/stocks/wipro-WIPR,INE075A01022
WANB,Wanbury Ltd,WANBURY,stock,/stocks/wanbury-WANB,INE107F01022
WELS,Welspun Enterprises Ltd,WELENT,stock,/stocks/welspun-enterprises-WELS,INE625G01013
WHIR,Whirlpool of India Ltd,WHIRLPOOL,stock,/stocks/whirlpool-of-india-WHIR,INE716A01013
WCKH,Wockhardt Ltd,WOCKPHARMA,stock,/stocks/wockhardt-WCKH,INE049B01025
WAA,WAA Solar Ltd,WAA,stock,/stocks/waa-solar-WAA,INE799N01012
WEB,Web Element Solutions Ltd,WEBSL,stock,/stocks/web-element-solutions-WEB,INE562Q01017
WAAR,Waaree Technologies Ltd,WAAREE,stock,/stocks/waaree-technologies-WAAR,INE725P01012
WORT,Worth Investment & Trading Co Ltd,WORTH,stock,/stocks/worth-investment-and-trading-company-WORT,INE114O01020
WAR,Wardwizard Innovations & Mobility Ltd,WARDINMOBI,stock,/stocks/wardwizard-innovations-and-mobility-WAR,INE945P01024
WES,West Leisure Resorts Ltd,WESTLEIRES,stock,/stocks/west-leisure-resorts-WES,INE266P01017
AYO,Wardwizard Healthcare Ltd,AYOME,stock,/stocks/ayoki-merchantile-AYO,INE048E01013
SAR,Waaree Renewable Technologies Ltd,WAAREERTL,stock,/stocks/sangam-renewables-SAR,INE299N01021
VEG,Wardwizard Foods and Beverages Ltd,WARDWIZFBL,stock,/stocks/vegetable-products-VEG,INE761D01021
WEP,WeP Solutions Ltd,WEPSOLN,stock,/stocks/wep-solutions-WEP,INE434B01029
WAL,Wallfort Financial Services Ltd,WALLFORT,stock,/stocks/wallfort-financial-services-WAL,INE121B01014
WAG,Wagend Infra Venture Ltd,WAGEND,stock,/stocks/wagend-infra-venture-WAG,INE786K01023
WHI,White Organic Agro Ltd,WHITEORG,stock,/stocks/white-organic-agro-WHI,INE146C01019
WINS,Winsome Textile Industries Ltd,WINSOMTX,stock,/stocks/winsome-textile-industries-WINS,INE837B01031
WELCU,Welcure Drugs and Pharmaceuticals Ltd,WELCURE,stock,/stocks/welcure-drugs-and-pharmaceuticals-WELCU,INE331C01025
WIM,Wim Plast Ltd,WIMPLAST,stock,/stocks/wim-plast-WIM,INE015B01018
WWA,Worldwide Aluminium Ltd,WWALUM,stock,/stocks/worldwide-aluminium-WWA,INE550D01010
WELT,Welterman International Ltd,WELTI,stock,/stocks/welterman-international-WELT,INE662D01013
WINSO,Winsome Breweries Ltd,WINSOMBR,stock,/stocks/winsome-breweries-WINSO,INE391C01011
REMI,Welspun Specialty Solutions Ltd,WELSPLSOL,stock,/stocks/welspun-specialty-solutions-REMI,INE731F01037
WOO,Woodsvilla Ltd,WOODSVILA,stock,/stocks/woodsvilla-WOO,INE374J01020
WHITH,Whitehall Commercial Company Ltd,WHITHAL,stock,/stocks/white-hall-commercial-company-WHITH,INE416X01012
WHB,W H Brady & Company Ltd,WHBRADY,stock,/stocks/w-h-brady-and-co-WHB,INE855A01019
WINR,Winro Commercial (India) Ltd,WINROC,stock,/stocks/winro-commercial-india-WINR,INE837E01019
WSF,WSFX Global Pay Ltd,WSFX,stock,/stocks/wall-street-finance-WSF,INE549D01012
WIR,Wires and Fabriks (SA) Ltd,WIREFABR,stock,/stocks/wires-and-fabriks-sa-WIR,INE469D01013
WMI,Western Ministil Ltd,WMINIMT,stock,/stocks/western-ministil-WMI,INE187U01015
WARR,Warren Tea Ltd,WARRENTEA,stock,/stocks/warren-tea-WARR,INE712A01012
WIL,Williamson Financial Services Ltd,WILLIMFI,stock,/stocks/williamson-financial-services-WIL,INE188E01017
WALCH,Walchand Peoplefirst Ltd,WALCHPF,stock,/stocks/walchand-peoplefirst-WALCH,INE695D01021
WPI,WPIL Ltd,WPIL,stock,/stocks/wpil-WPI,INE765D01022
ZWE,Welcast Steels Ltd,ZWELCAST,stock,/stocks/welcast-steels-ZWE,INE380G01015
WALP,Walpar Nutritions Ltd,WALPAR,stock,/stocks/walpar-nutritions-WALP,INE0G2G01015
WINDL,Windlas Biotech Ltd,WINDLAS,stock,/stocks/windlas-biotech-WINDL,INE0H5O01029
WIT,Wherrelz IT Solutions Ltd,WITS,stock,/stocks/wherrelz-it-solutions-WIT,INE0IM001015
WOMA,Womancart Ltd,WOMANCART,stock,/stocks/womancart-WOMA,INE0Q9601016
WTI,Wise Travel India Ltd,WTICAB,stock,/stocks/wise-travel-india-WTI,INE623Y01011
WINSL,Winsol Engineers Ltd,WINSOL,stock,/stocks/winsol-engineers-WINSL,INE0S3D01016
WINN,Winny Immigration & Education Services Ltd,WINNY,stock,/stocks/winny-immigration-and-education-services-WINN,INE0S9101013
WCI,Western Carriers (India) Ltd,WCIL,stock,/stocks/western-carriers-india-WCI,INE0CJF01024
WAARE,Waaree Energies Ltd,WAAREEENER,stock,/stocks/waaree-energies-WAARE,INE377N01017
WOL,WOL 3D India Ltd,WOL3D,stock,/stocks/wol-3d-india-WOL,INE0OO201011
WEW,WeWork India Management Ltd,WEWORK,stock,/stocks/wework-india-management-WEW,INE085001019
WORK,Workmates Core2cloud Solution Ltd,WORKMATES,stock,/stocks/workmates-core2cloud-solution-WORK,INE1I1301016
WOS,Western Overseas Study Abroad Ltd,WOSAL,stock,/stocks/western-overseas-study-abroad-WOS,INE1MF401019
WAK,Wakefit Innovations Ltd,WAKEFIT,stock,/stocks/wakefit-innovations-WAK,INE0E7301029
XELP,Xelpmoc Design and Tech Ltd,XELPMOC,stock,/stocks/xelpmoc-design-and-tech-XELP,INE01P501012
XCHA,Xchanging Solutions Ltd,XCHANGING,stock,/stocks/xchanging-solutions-XCHA,INE692G01013
XPRO,Xpro India Ltd,XPROINDIA,stock,/stocks/xpro-india-XPRO,INE445C01015
XTG,Xtglobal Infotech Ltd,XTGLOBAL,stock,/stocks/xt-global-infotech-XTG,INE547B01028
YESB,Yes Bank Ltd,YESBANK,stock,/stocks/yes-bank-YESB,INE528G01035
YAS,Yash Chemex Ltd,YASHCHEM,stock,/stocks/yash-chemex-YAS,INE571U01010
YASH,Yasho Industries Ltd,YASHO,stock,/stocks/yasho-industries-YASH,INE616Z01012
YUG,Yug Decor Ltd,YUG,stock,/stocks/yug-decor-YUG,INE796W01019
ESS,Yunik Managing Advisors Ltd,YUNIKM,stock,/stocks/essar-securities-ESS,INE143K01019
YSL,Yamuna Syndicate Ltd,YSL,stock,/stocks/yamuna-syndicate-YSL,INE868X01014
CRO,Yaan Enterprises Ltd,YAANENT,stock,/stocks/crown-tours-CRO,INE969E01010
YUR,Yuranus Infrastructure Ltd,YURANUS,stock,/stocks/yuranus-infrastructure-YUR,INE156M01017
YUV,Yuvraaj Hygiene Products Ltd,YUVRAAJHPL,stock,/stocks/yuvraaj-hygiene-products-YUV,INE139D01020
YASHM,Yash Management & Satellite Ltd.,YASHMGM,stock,/stocks/yash-management-and-satelite-YASHM,INE216B01012
YAR,Yarn Syndicate Ltd,YARNSYN,stock,/stocks/yarn-syndicate-YAR,INE564C01013
YOR,York Exports Ltd,YORKEXP,stock,/stocks/york-exports-YOR,INE057Q01018
YASHR,Yashraj Containeurs Ltd,YASHRAJC,stock,/stocks/yashraj-containeurs-YASHR,INE095C01018
YOGI,Yogi Infra Projects Ltd,YOGISUNG,stock,/stocks/yogi-infra-projects-YOGI,INE429B01011
PARSH,Yogi Ltd,YOGI,stock,/stocks/parsharti-investment-PARSH,INE290E01011
RED,Yash Innoventures Ltd,YASHINNO,stock,/stocks/redex-protech-RED,INE823D01011
YUK,Yuken India Ltd,YUKEN,stock,/stocks/yuken-india-YUK,INE384C01016
YAST,Yash Trading and Finance Ltd,YASTF,stock,/stocks/yash-trading-and-finance-YAST,INE745A01012
YAM,Yamini Investments Company Ltd,YAMNINV,stock,/stocks/yamini-investment-company-YAM,INE457N01025
YUD,Yudiz Solutions Ltd,YUDIZ,stock,/stocks/yudiz-solutions-YUD,INE09FA01019
YATR,Yatra Online Ltd,YATRA,stock,/stocks/yatra-online-YATR,INE0JR601024
YCC,Yasons Chemex Care Ltd,YCCL,stock,/stocks/yasons-chemex-care-YCC,INE08S201019
YAT,Yatharth Hospital & Trauma Care Services Ltd,YATHARTH,stock,/stocks/yatharth-hospital-and-trauma-care-services-YAT,INE0JO301016
YARN,Yarn Syndicate Ltd Partly Paidup,YARNPP,stock,/stocks/yarn-syndicate-partly-paidup-YARN,IN9564C01011
YASHO,Yash Optics & Lens Ltd,YASHOPTICS,stock,/stocks/yash-optics-and-lens-YASHO,INE0TO601017
YASHH,Yash Highvoltage Ltd,YASHHV,stock,/stocks/yash-highvoltage-YASHH,INE00GK01023
CADI,Zydus Lifesciences Ltd,ZYDUSLIFE,stock,/stocks/cadila-healthcare-CADI,INE010B01027
ZEEE,Zee Learn Ltd,ZEELEARN,stock,/stocks/zee-learn-ZEEE,INE565L01011
ZETE,Zen Technologies Ltd,ZENTEC,stock,/stocks/zen-technologies-ZETE,INE251B01027
ZEE,Zee Entertainment Enterprises Ltd,ZEEL,stock,/stocks/zee-entertainment-enterprises-ZEE,INE256A01028
ZODA,Zodiac Energy Ltd,ZODIAC,stock,/stocks/zodiac-energy-ZODA,INE761Y01019
ZOTA,Zota Health Care Ltd,ZOTA,stock,/stocks/zota-health-care-ZOTA,INE358U01012
ZNTH,Zenith Steel Pipes & Industries Ltd,ZENITHSTL,stock,/stocks/zenith-steel-pipes-and-industries-ZNTH,INE318D01020
ZURI,Zuari Industries Ltd,ZUARIIND,stock,/stocks/zuari-global-ZURI,INE217A01012
ZENT,Zensar Technologies Ltd,ZENSARTECH,stock,/stocks/zensar-technologies-ZENT,INE520A01027
ZUAR,Zuari Agro Chemicals Ltd,ZUARI,stock,/stocks/zuari-agro-chemicals-ZUAR,INE840M01016
ZENX,Zenith Exports Ltd,ZENITHEXPO,stock,/stocks/zenith-exports-ZENX,INE058B01018
ZODC,Zodiac-JRD-MKJ Ltd,ZODJRDMKJ,stock,/stocks/zodiac-jrd-mkj-ZODC,INE077B01018
ZCCL,Zodiac Clothing Company Ltd,ZODIACLOTH,stock,/stocks/zodiac-clothing-company-ZCCL,INE206B01013
WABC,ZF Commercial Vehicle Control Systems India Ltd,ZFCVINDIA,stock,/stocks/wabco-india-WABC,INE342J01019
ZYDS,Zydus Wellness Ltd,ZYDUSWELL,stock,/stocks/zydus-wellness-ZYDS,INE768C01028
ZEEN,Zee Media Corporation Ltd,ZEEMEDIA,stock,/stocks/zee-media-corporation-ZEEN,INE966H01019
ZEA,Zeal Aqua Ltd,ZEAL,stock,/stocks/zeal-aqua-ZEA,INE819S01025
TRIV,Zinema Media and Entertainment Ltd,ZINEMA,stock,/stocks/trivikrama-industries-TRIV,INE641Q01019
ZEN,Zenotech Laboratories Ltd,ZENOTECH,stock,/stocks/zenotech-laboratories-ZEN,INE486F01012
ZIM,ZIM Laboratories Ltd,ZIMLAB,stock,/stocks/zim-laboratories-ZIM,INE518E01015
ZENL,Zenlabs Ethica Ltd,ZENLABS,stock,/stocks/zenlabs-ethica-ZENL,INE546F01013
ZENI,Zenith Healthcare Ltd,ZENITHHE,stock,/stocks/zenith-health-care-ZENI,INE812B01026
ZENIF,Zenith Fibres Ltd,ZENIFIB,stock,/stocks/zenith-fibres-ZENIF,INE106C01013
ZOD,Zodiac Ventures Ltd,ZODIACVEN,stock,/stocks/zodiac-ventures-ZOD,INE945J01027
GUJCM,ZR2 Bioenergy Ltd,ZR2,stock,/stocks/gujchem-distillers-india-GUJCM,INE218N01021
ZFS,Z F Steering Gear (India) Ltd,ZFSTEERING,stock,/stocks/z-f-steering-gear-india-ZFS,INE116C01012
ZEAL,Zeal Global Services Ltd,ZEAL,stock,/stocks/zeal-global-services-ZEAL,INE0PPS01018
ZAG,Zaggle Prepaid Ocean Services Ltd,ZAGGLE,stock,/stocks/zaggle-prepaid-ocean-services-ZAG,INE07K301024
ZTE,Z-Tech (India) Ltd,ZTECH,stock,/stocks/z-tech-india-ZTE,INE0ISZ01012
LIQUI,Zerodha Nifty 1D Rate Liquid ETF,LIQUIDCASE,etf,/etfs/zerodha-nifty-1d-rate-liquid-etf-LIQUI,INF0R8F01034
GOLDA,Zerodha Gold ETF,GOLDCASE,etf,/etfs/zerodha-gold-etf-GOLDA,INF0R8F01042
ZENIH,Zenith Drugs Ltd,ZENITHDRUG,stock,/stocks/zenith-drugs-ZENIH,INE0QWN01013
TOP,Zerodha Nifty 100 ETF,TOP100CASE,etf,/etfs/zerodha-nifty-100-etf-TOP,INF0R8F01067
MIDC,Zerodha Nifty Midcap 150 ETF,MID150CASE,etf,/etfs/zerodha-nifty-midcap-150-etf-MIDC,INF0R8F01059
SILVC,Zerodha Silver ETF,SILVERCASE,etf,/etfs/zerodha-silver-etf-SILVC,INF0R8F01091
LTG,Zerodha Nifty 8-13 Yr G-Sec ETF,LTGILTCASE,etf,/etfs/zerodha-nifty-8-13-yr-g-sec-etf-LTG,INF0R8F01133
SMLC,Zerodha Nifty Smallcap 100 ETF,SML100CASE,etf,/etfs/zerodha-nifty-smallcap-100-etf-SMLC,INF0R8F01141
ZEL,Zelio E-Mobility Ltd,ZELIO,stock,/stocks/zelio-e-mobility-ZEL,INE1B3501014
NIFTC,Zerodha Nifty 50 ETF,NIFTYCASE,etf,/etfs/zerodha-nifty-50-etf-NIFTC,INF0R8F01166
63MO,63 Moons Technologies Ltd,63MOONS,stock,/stocks/63-moons-technologies-63MO,INE111B01023
TMIN,3M India Ltd,3MINDIA,stock,/stocks/3m-india-TMIN,INE470A01017
MICR,20 Microns Ltd,20MICRONS,stock,/stocks/20-microns-MICR,INE144J01027
3PLA,3P Land Holdings Ltd,3PLAND,stock,/stocks/3p-land-holdings-3PLA,INE105C01023
PAIS,5Paisa Capital Ltd,5PAISA,stock,/stocks/5paisa-capital-PAIS,INE618L01018
TIIN,3i Infotech Ltd,3IINFOLTD,stock,/stocks/3i-infotech-TIIN,INE748C01038
IIFW,360 One Wam Ltd,360ONE,stock,/stocks/iifl-wealth-management-IIFW,INE466L01038
NR,7NR Retail Ltd,7NR,stock,/stocks/7nr-retail-NR,INE413X01035
RDR,3rd Rock Multimedia Ltd,3RDROCK,stock,/stocks/3rd-rock-multimedia-RDR,INE768P01012
SEAS,7Seas Entertainment Ltd,7SEASL,stock,/stocks/7seas-entertainment-SEAS,INE454F01010
KIL,3B Blackbio DX Ltd,3BBLACKBIO,stock,/stocks/kilpest-india-KIL,INE994E01018
SHAQ,52 Weeks Entertainment Ltd,SHAQUAK,stock,/stocks/52-weeks-entertainment-SHAQ,INE545N01019
CIC,3C IT Solutions & Telecoms (India) Ltd,3CIT,stock,/stocks/3c-it-solutions-and-telecoms-india-CIC,INE0R7D01018
GOLG,360 ONE Gold ETF,GOLD360,etf,/etfs/360-one-gold-etf-GOLG,INF579M01BB5
SILVS,360 ONE Silver ETF,SILVER360,etf,/etfs/360-one-silver-etf-SILVS,INF579M01BC3
BFI,3B Films Ltd,3BFILMS,stock,/stocks/3b-films-BFI,INE0TE101010
